"id","billing_company_name","first_name","last_name","postcode","email","email_verified_at","password","lat","long","remember_token","created_at","updated_at","username"
"1","Speedy Services","Speedy Services","ABERDEEN SUPERSTORE","AB25 3LH","contact@ntuk.co.uk",,"$2y$10$zYV/S.Gq.fP8mXPJm5fPzuazzHfGz3VA1rAglVnuNIt8IwKagp7ku","57.152425","-2.1092702",,,,"1speedy1"
"2","1st Hire Limited","1st Hire Limited","188 Martin Way","SM4 4AJ","contact@ntuk.co.uk",,"$2y$10$zYV/S.Gq.fP8mXPJm5fPzuazzHfGz3VA1rAglVnuNIt8IwKagp7ku","51.402639","-0.209743",,,,"1stHir10001"
"3","3 Counties Plant & Tool Hire Limited","3 Counties Plant & Tool Hire Limited","3c Buildings","HP2 7DN","contact@ntuk.co.uk",,"$2y$10$zYV/S.Gq.fP8mXPJm5fPzuazzHfGz3VA1rAglVnuNIt8IwKagp7ku","51.762605","-0.44364",,,,"3Count10002"
"4","3 Counties Plant & Tool Hire Limited","3 Counties Plant & Tool Hire Limited","Sulstons Yard","HP21 7TE","contact@ntuk.co.uk",,"$2y$10$zYV/S.Gq.fP8mXPJm5fPzuazzHfGz3VA1rAglVnuNIt8IwKagp7ku","51.809861","-0.806223",,,,"3Count10003"
"5","4 Cladding Services","4 Cladding Services","Gateway to Humberside Trading Estate","HU15 2TD","contact@ntuk.co.uk",,"$2y$10$zYV/S.Gq.fP8mXPJm5fPzuazzHfGz3VA1rAglVnuNIt8IwKagp7ku","53.745454","-0.731348",,,,"4Cladd10004"
"6","4 Hire Ltd","4 Hire Ltd","Home Farm","JE3 9HP","contact@ntuk.co.uk",,"$2y$10$zYV/S.Gq.fP8mXPJm5fPzuazzHfGz3VA1rAglVnuNIt8IwKagp7ku","49.1947954","-2.0498594",,,"9/1/2021 09:20:04","4HireL10005"
"7","4 Plant (South West) Ltd","4 Plant (South West) Ltd","Unit 6 Burnett Business Park","BS31 2ED","contact@ntuk.co.uk",,"$2y$10$zYV/S.Gq.fP8mXPJm5fPzuazzHfGz3VA1rAglVnuNIt8IwKagp7ku","51.39176","-2.477222",,,,"4Plant10006"
"8","5 A's Tool & Plant Hire","5 A's Tool & Plant Hire","18 Viscount Industrial Estate","OX18 3QQ","contact@ntuk.co.uk",,"$2y$10$zYV/S.Gq.fP8mXPJm5fPzuazzHfGz3VA1rAglVnuNIt8IwKagp7ku","51.751769","-1.55953",,,,"5AsToo10007"
"9","727 Toolhire Ltd","727 Toolhire Ltd","Livermore House","CM6 1AW","contact@ntuk.co.uk",,"$2y$10$zYV/S.Gq.fP8mXPJm5fPzuazzHfGz3VA1rAglVnuNIt8IwKagp7ku","51.870688","0.364483",,,,"727Too10008"
"10","A & B (Plant & Tool) Hire","A & B (Plant & Tool) Hire","Bryndolau","SA19 8JP","contact@ntuk.co.uk",,"$2y$10$zYV/S.Gq.fP8mXPJm5fPzuazzHfGz3VA1rAglVnuNIt8IwKagp7ku","52.077521","-3.971307",,,,"ABPlan10009"
"11","A and M Lloyd Plant Hire Limited","A and M Lloyd Plant Hire Limited","Llwyn Bach","LL40 2YF","contact@ntuk.co.uk",,"$2y$10$zYV/S.Gq.fP8mXPJm5fPzuazzHfGz3VA1rAglVnuNIt8IwKagp7ku","52.745901","-3.879266",,,,"AandML10010"
"12","A1 Hire & Sales Ltd","A1 Hire & Sales Ltd","76 Old Wareham Road","BH12 4QR","contact@ntuk.co.uk",,"$2y$10$zYV/S.Gq.fP8mXPJm5fPzuazzHfGz3VA1rAglVnuNIt8IwKagp7ku","50.742384","-1.949437",,,,"A1Hire10011"
"13","A1 Rentals Limited","A1 Rentals Limited","Unit 22B","DY5 1UT","contact@ntuk.co.uk",,"$2y$10$zYV/S.Gq.fP8mXPJm5fPzuazzHfGz3VA1rAglVnuNIt8IwKagp7ku","52.488225","-2.101866",,,,"A1Rent10012"
"14","Abacus Hire Centre Midlands Limited","Abacus Hire Centre Midlands Limited","1 Barleythorpe Road","LE15 6NR","contact@ntuk.co.uk",,"$2y$10$zYV/S.Gq.fP8mXPJm5fPzuazzHfGz3VA1rAglVnuNIt8IwKagp7ku","52.672212","-0.734866",,,,"Abacus10013"
"15","Abacus Hire Centre Midlands Limited","Abacus Hire Centre Midlands Limited","Pickwell Grange","LE15 7ER","contact@ntuk.co.uk",,"$2y$10$zYV/S.Gq.fP8mXPJm5fPzuazzHfGz3VA1rAglVnuNIt8IwKagp7ku","52.708674","-0.802167",,,,"Abacus10014"
"16","ABAX UK Ltd.","ABAX UK Ltd.","Allia Business Centre","PE2 8AN","contact@ntuk.co.uk",,"$2y$10$zYV/S.Gq.fP8mXPJm5fPzuazzHfGz3VA1rAglVnuNIt8IwKagp7ku","52.564858","-0.241904",,,,"ABAXUK10015"
"17","Abbots (UK) Limited","Abbots (UK) Limited","Chira House","WD18 8SA","contact@ntuk.co.uk",,"$2y$10$zYV/S.Gq.fP8mXPJm5fPzuazzHfGz3VA1rAglVnuNIt8IwKagp7ku","51.646758","-0.427144",,,,"Abbots10016"
"18","Absolute Power Tools Ltd.","Absolute Power Tools Ltd.","2 Avro Way","SN12 6TP","contact@ntuk.co.uk",,"$2y$10$zYV/S.Gq.fP8mXPJm5fPzuazzHfGz3VA1rAglVnuNIt8IwKagp7ku","51.358286","-2.129579",,,,"Absolu10017"
"19","Acacia Groundcare Equipment Rental Limited","Acacia Groundcare Equipment Rental Limited","Hollands Lane","BN5 9QY","contact@ntuk.co.uk",,"$2y$10$zYV/S.Gq.fP8mXPJm5fPzuazzHfGz3VA1rAglVnuNIt8IwKagp7ku","50.927243","-0.286853",,,,"Acacia10018"
"20","Access Plant (Hire & Sales) Ltd","Access Plant (Hire & Sales) Ltd","9 Orient Industrial Park","E10 7DE","contact@ntuk.co.uk",,"$2y$10$zYV/S.Gq.fP8mXPJm5fPzuazzHfGz3VA1rAglVnuNIt8IwKagp7ku","51.563728","-0.02202",,,,"Access10019"
"21","Acclimatise Ltd.","Acclimatise Ltd.","Dennis Viollet Avenue","ST4 4TN","contact@ntuk.co.uk",,"$2y$10$zYV/S.Gq.fP8mXPJm5fPzuazzHfGz3VA1rAglVnuNIt8IwKagp7ku","52.986474","-2.170485",,,,"Acclim10020"
"22","ACD Plant Ltd.","ACD Plant Ltd.","145 Southbank Road","CV6 1FG","contact@ntuk.co.uk",,"$2y$10$zYV/S.Gq.fP8mXPJm5fPzuazzHfGz3VA1rAglVnuNIt8IwKagp7ku","52.418011","-1.540693",,,,"ACDPla10021"
"23","Ace Line Plant Ltd.","Ace Line Plant Ltd.","Unit 7 Brick Kiln Way","WS15 1RD","contact@ntuk.co.uk",,"$2y$10$zYV/S.Gq.fP8mXPJm5fPzuazzHfGz3VA1rAglVnuNIt8IwKagp7ku","52.743135","-1.929523",,,,"AceLin10022"
"24","Acorn Plant & Tool Hire Ltd","Acorn Plant & Tool Hire Ltd","Lodge Road","TN12 0QY","contact@ntuk.co.uk",,"$2y$10$zYV/S.Gq.fP8mXPJm5fPzuazzHfGz3VA1rAglVnuNIt8IwKagp7ku","51.170399","0.549049",,,,"AcornP10023"
"25","AD Tool Hire Ltd.","AD Tool Hire Ltd.","148 Crogsland Road","NW1 8BL","contact@ntuk.co.uk",,"$2y$10$zYV/S.Gq.fP8mXPJm5fPzuazzHfGz3VA1rAglVnuNIt8IwKagp7ku","51.545348","-0.15168",,,,"ADTool10024"
"26","Addicott Electrics Ltd","Addicott Electrics Ltd","Quay Road","TQ14 8EL","contact@ntuk.co.uk",,"$2y$10$zYV/S.Gq.fP8mXPJm5fPzuazzHfGz3VA1rAglVnuNIt8IwKagp7ku","50.546832","-3.499931",,,,"Addico10025"
"27","Adlington Welding Supplies Ltd","Adlington Welding Supplies Ltd","Castle Road","FK2 7UY","contact@ntuk.co.uk",,"$2y$10$zYV/S.Gq.fP8mXPJm5fPzuazzHfGz3VA1rAglVnuNIt8IwKagp7ku","56.014146","-3.774108",,,,"Adling10026"
"28","Adlington Welding Supplies Ltd","Adlington Welding Supplies Ltd","North Street","PR7 1QD","contact@ntuk.co.uk",,"$2y$10$zYV/S.Gq.fP8mXPJm5fPzuazzHfGz3VA1rAglVnuNIt8IwKagp7ku","53.662825","-2.628824",,,,"Adling10027"
"29","Adlington Welding Supplies Ltd","Adlington Welding Supplies Ltd","Unit C Beaumont Park","TS23 4HF","contact@ntuk.co.uk",,"$2y$10$zYV/S.Gq.fP8mXPJm5fPzuazzHfGz3VA1rAglVnuNIt8IwKagp7ku","54.609309","-1.269467",,,,"Adling10028"
"30","AFI-Uplift Ltd.","AFI-Uplift Ltd.","Unit 17 ,Symondscliffe Way","NP26 5PW","contact@ntuk.co.uk",,"$2y$10$zYV/S.Gq.fP8mXPJm5fPzuazzHfGz3VA1rAglVnuNIt8IwKagp7ku","51.587292","-2.737506",,,,"AFIUpl10029"
"31","AFI-Uplift Ltd.","AFI-Uplift Ltd.","2nd Floor, West Wing","WF2 8PT","contact@ntuk.co.uk",,"$2y$10$zYV/S.Gq.fP8mXPJm5fPzuazzHfGz3VA1rAglVnuNIt8IwKagp7ku","53.667168","-1.51173",,,,"AFIUpl10030"
"32","Ainscough Crane Hire Limited","Ainscough Crane Hire Limited","Unit U","PR25 3GR","contact@ntuk.co.uk",,"$2y$10$zYV/S.Gq.fP8mXPJm5fPzuazzHfGz3VA1rAglVnuNIt8IwKagp7ku","53.707506","-2.687528",,,,"Ainsco10031"
"33","Airway Air Conditioning Ltd t/as Airway Group Climate Hire & Sales","Airway Air Conditioning Ltd t/as Airway Group Climate Hire & Sales","8 Stirling Way","CB23 3GY","contact@ntuk.co.uk",,"$2y$10$zYV/S.Gq.fP8mXPJm5fPzuazzHfGz3VA1rAglVnuNIt8IwKagp7ku","52.243061","-0.110169",,,,"Airway10032"
"34","Akro Multihire Ltd.","Akro Multihire Ltd.","6 Nasmyth Place","EH54 5EX","contact@ntuk.co.uk",,"$2y$10$zYV/S.Gq.fP8mXPJm5fPzuazzHfGz3VA1rAglVnuNIt8IwKagp7ku","55.904383","-3.498577",,,,"AkroMu10033"
"35","Alex Mather Ltd. t/a Mather Hire","Alex Mather Ltd. t/a Mather Hire","7 Poplar Road","G82 2RD","contact@ntuk.co.uk",,"$2y$10$zYV/S.Gq.fP8mXPJm5fPzuazzHfGz3VA1rAglVnuNIt8IwKagp7ku","55.947623","-4.567417",,,,"AlexMa10034"
"36","Alex Mather Ltd. t/a Mather Hire","Alex Mather Ltd. t/a Mather Hire","100-102 East Princes Street","G84 7DG","contact@ntuk.co.uk",,"$2y$10$zYV/S.Gq.fP8mXPJm5fPzuazzHfGz3VA1rAglVnuNIt8IwKagp7ku","56.002838","-4.725988",,,,"AlexMa10035"
"37","Alexandra Tool Hire Ltd.","Alexandra Tool Hire Ltd.","5 & 6 Huxley Parade","N18 1HY","contact@ntuk.co.uk",,"$2y$10$zYV/S.Gq.fP8mXPJm5fPzuazzHfGz3VA1rAglVnuNIt8IwKagp7ku","51.613964","-0.087348",,,,"Alexan10036"
"38","Alide Plant Services Ltd.","Alide Plant Services Ltd.","1A Lymore Avenue","BA2 1AU","contact@ntuk.co.uk",,"$2y$10$zYV/S.Gq.fP8mXPJm5fPzuazzHfGz3VA1rAglVnuNIt8IwKagp7ku","51.374318","-2.383887",,,,"AlideP10037"
"39","All Seasons Hire Ltd","All Seasons Hire Ltd","Unit 2 Albion Industrial estate","B70 9BP","contact@ntuk.co.uk",,"$2y$10$zYV/S.Gq.fP8mXPJm5fPzuazzHfGz3VA1rAglVnuNIt8IwKagp7ku","52.513323","-2.016209",,,,"AllSea10038"
"40","All Seasons Hire Ltd","All Seasons Hire Ltd","Harewood Farm","SP11 6LJ","contact@ntuk.co.uk",,"$2y$10$zYV/S.Gq.fP8mXPJm5fPzuazzHfGz3VA1rAglVnuNIt8IwKagp7ku","51.214058","-1.428681",,,,"AllSea10039"
"41","All Seasons Tool Hire","All Seasons Tool Hire","5 Crossways Parade","CR2 8JJ","contact@ntuk.co.uk",,"$2y$10$zYV/S.Gq.fP8mXPJm5fPzuazzHfGz3VA1rAglVnuNIt8IwKagp7ku","51.351438","-0.03975",,,,"AllSea10040"
"42","Allans of Gillock Ltd","Allans of Gillock Ltd","Dunrossness","ZE2 9JG","contact@ntuk.co.uk",,"$2y$10$zYV/S.Gq.fP8mXPJm5fPzuazzHfGz3VA1rAglVnuNIt8IwKagp7ku","59.918251","-1.293624",,,,"Allans10041"
"43","Allen Plant & Tool Hire","Allen Plant & Tool Hire","Bowesfield Industrial Estate","TS18 3BL","contact@ntuk.co.uk",,"$2y$10$zYV/S.Gq.fP8mXPJm5fPzuazzHfGz3VA1rAglVnuNIt8IwKagp7ku","54.548609","-1.312199",,,,"AllenP10042"
"44","AllenBuild Ltd.","AllenBuild Ltd.","Allenbuild House","KT14 7JQ","contact@ntuk.co.uk",,"$2y$10$zYV/S.Gq.fP8mXPJm5fPzuazzHfGz3VA1rAglVnuNIt8IwKagp7ku","51.347647","-0.480786",,,,"AllenB10043"
"45","AllenHire","AllenHire","50-52 Albert Road North","RH2 9EL","contact@ntuk.co.uk",,"$2y$10$zYV/S.Gq.fP8mXPJm5fPzuazzHfGz3VA1rAglVnuNIt8IwKagp7ku","51.242985","-0.215777",,,,"AllenH10044"
"46","Alliance Tool Hire","Alliance Tool Hire","13 & 14 Crescent Court Business Centre","E16 4TG","contact@ntuk.co.uk",,"$2y$10$zYV/S.Gq.fP8mXPJm5fPzuazzHfGz3VA1rAglVnuNIt8IwKagp7ku","51.523115","0.000395",,,,"Allian10045"
"47","Alliance Tool Hire","Alliance Tool Hire","Unit 2 Wellington Park Industrial Estate","NW2 7JW","contact@ntuk.co.uk",,"$2y$10$zYV/S.Gq.fP8mXPJm5fPzuazzHfGz3VA1rAglVnuNIt8IwKagp7ku","51.56784","-0.237689",,,,"Allian10046"
"48","Alliance Tool Hire","Alliance Tool Hire","Unit 4c Newgate Lane Industrial Estate","PO14 1JE","contact@ntuk.co.uk",,"$2y$10$zYV/S.Gq.fP8mXPJm5fPzuazzHfGz3VA1rAglVnuNIt8IwKagp7ku","50.839279","-1.185117",,,,"Allian10047"
"49","Alliance Tool Hire","Alliance Tool Hire","Unit 1B Mitchell Road","SP2 7PY","contact@ntuk.co.uk",,"$2y$10$zYV/S.Gq.fP8mXPJm5fPzuazzHfGz3VA1rAglVnuNIt8IwKagp7ku","51.068808","-1.815657",,,,"Allian10048"
"50","Alliance Tool Hire","Alliance Tool Hire","Unit 1 Glenville Mews Industrial Estate","SW18 4NJ","contact@ntuk.co.uk",,"$2y$10$zYV/S.Gq.fP8mXPJm5fPzuazzHfGz3VA1rAglVnuNIt8IwKagp7ku","51.449327","-0.195613",,,,"Allian10049"
"51","Alliance Tool Hire","Alliance Tool Hire","11 & 12 Chesterfield Way","UB3 3NW","contact@ntuk.co.uk",,"$2y$10$zYV/S.Gq.fP8mXPJm5fPzuazzHfGz3VA1rAglVnuNIt8IwKagp7ku","51.505608","-0.409732",,,,"Allian10050"
"52","Alliance Tool Hire Ltd","Alliance Tool Hire Ltd","60 Nuffield Road","BH17 0RT","contact@ntuk.co.uk",,"$2y$10$zYV/S.Gq.fP8mXPJm5fPzuazzHfGz3VA1rAglVnuNIt8IwKagp7ku","50.741673","-1.976323",,,,"Allian10051"
"53","Alloa Hire Centre","Alloa Hire Centre","51 Alloa Road","FK10 2TR","contact@ntuk.co.uk",,"$2y$10$zYV/S.Gq.fP8mXPJm5fPzuazzHfGz3VA1rAglVnuNIt8IwKagp7ku","56.134313","-3.825663",,,,"AlloaH10052"
"54","Allplant Hire Ltd.","Allplant Hire Ltd.","Unit 21 Apex Business Centre","LU5 4SB","contact@ntuk.co.uk",,"$2y$10$zYV/S.Gq.fP8mXPJm5fPzuazzHfGz3VA1rAglVnuNIt8IwKagp7ku","51.895774","-0.515461",,,,"Allpla10053"
"55","Alpha Power Cleaners Ltd","Alpha Power Cleaners Ltd","223 Barrow Road","LE12 7LR","contact@ntuk.co.uk",,"$2y$10$zYV/S.Gq.fP8mXPJm5fPzuazzHfGz3VA1rAglVnuNIt8IwKagp7ku","52.735848","-1.115249",,,,"AlphaP10054"
"56","Altis Industries Ltd","Altis Industries Ltd","Liphook Road","GU35 9BA","contact@ntuk.co.uk",,"$2y$10$zYV/S.Gq.fP8mXPJm5fPzuazzHfGz3VA1rAglVnuNIt8IwKagp7ku","51.101146","-0.863556",,,,"AltisI10055"
"57","Altitec Limited","Altitec Limited","Unit 4","E16 4TL","contact@ntuk.co.uk",,"$2y$10$zYV/S.Gq.fP8mXPJm5fPzuazzHfGz3VA1rAglVnuNIt8IwKagp7ku","51.520359","-0.000951",,,,"Altite10056"
"58","Alto Access Products","Alto Access Products","Unit 19 Howard Road","B98 7SE","contact@ntuk.co.uk",,"$2y$10$zYV/S.Gq.fP8mXPJm5fPzuazzHfGz3VA1rAglVnuNIt8IwKagp7ku","52.289556","-1.912958",,,,"AltoAc10057"
"59","Andara ltd ","Andara ltd ","Unit 6A","BR5 3QX","contact@ntuk.co.uk",,"$2y$10$zYV/S.Gq.fP8mXPJm5fPzuazzHfGz3VA1rAglVnuNIt8IwKagp7ku","51.391121","0.114036",,,,"Andara10058"
"60","Andrews Sykes Hire Ltd","Andrews Sykes Hire Ltd","Unit 1","AB21 0RX","contact@ntuk.co.uk",,"$2y$10$zYV/S.Gq.fP8mXPJm5fPzuazzHfGz3VA1rAglVnuNIt8IwKagp7ku","57.203058","-2.291716",,,,"Andrew10059"
"61","Andrews Sykes Hire Ltd","Andrews Sykes Hire Ltd","Unit 7 Severnside Trading Estate","BS11 9EB","contact@ntuk.co.uk",,"$2y$10$zYV/S.Gq.fP8mXPJm5fPzuazzHfGz3VA1rAglVnuNIt8IwKagp7ku","51.518945","-2.692011",,,,"Andrew10060"
"62","Andrews Sykes Hire Ltd","Andrews Sykes Hire Ltd","Maritime Industrial Estate","CF37 1PB","contact@ntuk.co.uk",,"$2y$10$zYV/S.Gq.fP8mXPJm5fPzuazzHfGz3VA1rAglVnuNIt8IwKagp7ku","51.596457","-3.349027",,,,"Andrew10061"
"63","Andrews Sykes Hire Ltd","Andrews Sykes Hire Ltd","Manners Industrial Estate","DE7 8EF","contact@ntuk.co.uk",,"$2y$10$zYV/S.Gq.fP8mXPJm5fPzuazzHfGz3VA1rAglVnuNIt8IwKagp7ku","52.976818","-1.320503",,,,"Andrew10062"
"64","Andrews Sykes Hire Ltd","Andrews Sykes Hire Ltd","West Mains Industrial Estate","FK3 8YE","contact@ntuk.co.uk",,"$2y$10$zYV/S.Gq.fP8mXPJm5fPzuazzHfGz3VA1rAglVnuNIt8IwKagp7ku","56.012685","-3.753171",,,,"Andrew10063"
"66","Andrews Sykes Hire Ltd","Andrews Sykes Hire Ltd","Secunda Way","GL2 5GA","contact@ntuk.co.uk",,"$2y$10$zYV/S.Gq.fP8mXPJm5fPzuazzHfGz3VA1rAglVnuNIt8IwKagp7ku","51.855152","-2.260952",,,,"Andrew10065"
"67","Andrews Sykes Hire Ltd","Andrews Sykes Hire Ltd","Sandy Road Industrial Estate","L21 1AF","contact@ntuk.co.uk",,"$2y$10$zYV/S.Gq.fP8mXPJm5fPzuazzHfGz3VA1rAglVnuNIt8IwKagp7ku","53.467831","-3.009848",,,,"Andrew10066"
"68","Andrews Sykes Hire Ltd","Andrews Sykes Hire Ltd","Chesney Wold","MK6 1LN","contact@ntuk.co.uk",,"$2y$10$zYV/S.Gq.fP8mXPJm5fPzuazzHfGz3VA1rAglVnuNIt8IwKagp7ku","52.021124","-0.756216",,,,"Andrew10067"
"69","Andrews Sykes Hire Ltd","Andrews Sykes Hire Ltd","16 Burnet Road","NR3 2BS","contact@ntuk.co.uk",,"$2y$10$zYV/S.Gq.fP8mXPJm5fPzuazzHfGz3VA1rAglVnuNIt8IwKagp7ku","52.645729","1.263524",,,,"Andrew10068"
"70","Andrews Sykes Hire Ltd","Andrews Sykes Hire Ltd","Featherstall Road South","OL9 6HA","contact@ntuk.co.uk",,"$2y$10$zYV/S.Gq.fP8mXPJm5fPzuazzHfGz3VA1rAglVnuNIt8IwKagp7ku","53.538429","-2.127779",,,,"Andrew10069"
"71","Andrews Sykes Hire Ltd","Andrews Sykes Hire Ltd","Royce Road","PE1 5TW","contact@ntuk.co.uk",,"$2y$10$zYV/S.Gq.fP8mXPJm5fPzuazzHfGz3VA1rAglVnuNIt8IwKagp7ku","52.580058","-0.218787",,,,"Andrew10070"
"72","Andrews Sykes Hire Ltd","Andrews Sykes Hire Ltd","Southampton Road","PO6 4RJ","contact@ntuk.co.uk",,"$2y$10$zYV/S.Gq.fP8mXPJm5fPzuazzHfGz3VA1rAglVnuNIt8IwKagp7ku","50.847689","-1.098564",,,,"Andrew10071"
"73","Andrews Sykes Hire Ltd","Andrews Sykes Hire Ltd","Unit 17 Ashmount Business Park","SA6 8QR","contact@ntuk.co.uk",,"$2y$10$zYV/S.Gq.fP8mXPJm5fPzuazzHfGz3VA1rAglVnuNIt8IwKagp7ku","51.667869","-3.911298",,,,"Andrew10072"
"74","Andrews Sykes Hire Ltd","Andrews Sykes Hire Ltd","Gallions Road","SE7 7SA","contact@ntuk.co.uk",,"$2y$10$zYV/S.Gq.fP8mXPJm5fPzuazzHfGz3VA1rAglVnuNIt8IwKagp7ku","51.4887584","0.0273684",,,"9/1/2021 09:20:05","Andrew10073"
"75","Andrews Sykes Hire Ltd","Andrews Sykes Hire Ltd","Stonepail Court","SK8 4EX","contact@ntuk.co.uk",,"$2y$10$zYV/S.Gq.fP8mXPJm5fPzuazzHfGz3VA1rAglVnuNIt8IwKagp7ku","53.39106","-2.240712",,,,"Andrew10074"
"76","Andrews Sykes Hire Ltd","Andrews Sykes Hire Ltd","Archers Field","SS13 1DH","contact@ntuk.co.uk",,"$2y$10$zYV/S.Gq.fP8mXPJm5fPzuazzHfGz3VA1rAglVnuNIt8IwKagp7ku","51.584664","0.504282",,,,"Andrew10075"
"77","Andrews Sykes Hire Ltd","Andrews Sykes Hire Ltd","Leek Road","ST4 2EJ","contact@ntuk.co.uk",,"$2y$10$zYV/S.Gq.fP8mXPJm5fPzuazzHfGz3VA1rAglVnuNIt8IwKagp7ku","53.012919","-2.171305",,,,"Andrew10076"
"78","Andrews Sykes Hire Ltd","Andrews Sykes Hire Ltd","Unit 5 Chunnell Industrial Estate","TN23 7HJ","contact@ntuk.co.uk",,"$2y$10$zYV/S.Gq.fP8mXPJm5fPzuazzHfGz3VA1rAglVnuNIt8IwKagp7ku","51.144092","0.870302",,,,"Andrew10077"
"79","Andrews Sykes Hire Ltd","Andrews Sykes Hire Ltd","Salters Lane","TS21 3EE","contact@ntuk.co.uk",,"$2y$10$zYV/S.Gq.fP8mXPJm5fPzuazzHfGz3VA1rAglVnuNIt8IwKagp7ku","54.661885","-1.448492",,,,"Andrew10078"
"80","Andrews Sykes Hire Ltd","Andrews Sykes Hire Ltd","Premier House","WV1 4JJ","contact@ntuk.co.uk",,"$2y$10$zYV/S.Gq.fP8mXPJm5fPzuazzHfGz3VA1rAglVnuNIt8IwKagp7ku","52.585275","-2.13344",,,,"Andrew10079"
"81","Andrews Sykes Hire Ltd.","Andrews Sykes Hire Ltd.","Unit 54 Jarvis Way","B24 8TQ","contact@ntuk.co.uk",,"$2y$10$zYV/S.Gq.fP8mXPJm5fPzuazzHfGz3VA1rAglVnuNIt8IwKagp7ku","52.504466","-1.851735",,,,"Andrew10080"
"82","Andy Hire Sales & Services Ltd","Andy Hire Sales & Services Ltd","Wykeham Street","YO12 7SB","contact@ntuk.co.uk",,"$2y$10$zYV/S.Gq.fP8mXPJm5fPzuazzHfGz3VA1rAglVnuNIt8IwKagp7ku","54.27953","-0.41731",,,,"AndyHi10081"
"83","Andy Hire Sales & Services Ltd","Andy Hire Sales & Services Ltd","Pinfold Lane Industrial Estate","YO16 6XS","contact@ntuk.co.uk",,"$2y$10$zYV/S.Gq.fP8mXPJm5fPzuazzHfGz3VA1rAglVnuNIt8IwKagp7ku","54.102271","-0.20422",,,,"AndyHi10082"
"84","Anglo American Oil Company Ltd","Anglo American Oil Company Ltd","58 Holton Road","BH16 6LT","contact@ntuk.co.uk",,"$2y$10$zYV/S.Gq.fP8mXPJm5fPzuazzHfGz3VA1rAglVnuNIt8IwKagp7ku","50.71453","-2.073488",,,,"AngloA10083"
"85","Anvil Hire Ltd","Anvil Hire Ltd","Anvil Hire Ltd","DE15 9UA","contact@ntuk.co.uk",,"$2y$10$zYV/S.Gq.fP8mXPJm5fPzuazzHfGz3VA1rAglVnuNIt8IwKagp7ku","52.778376","-1.632871",,,,"AnvilH10084"
"86","APATH Limited","APATH Limited","Eardisley Road","HR5 3HB","contact@ntuk.co.uk",,"$2y$10$zYV/S.Gq.fP8mXPJm5fPzuazzHfGz3VA1rAglVnuNIt8IwKagp7ku","52.189824","-3.020158",,,,"APATHL10085"
"87","APS Plant Services t/as King and Sons","APS Plant Services t/as King and Sons","Great Garnes","CM6 1NE","contact@ntuk.co.uk",,"$2y$10$zYV/S.Gq.fP8mXPJm5fPzuazzHfGz3VA1rAglVnuNIt8IwKagp7ku","51.833389","0.372384",,,,"APSPla10086"
"88","Arbil Ltd","Arbil Ltd","Brandon Road","CV3 2AN","contact@ntuk.co.uk",,"$2y$10$zYV/S.Gq.fP8mXPJm5fPzuazzHfGz3VA1rAglVnuNIt8IwKagp7ku","52.396999","-1.438079",,,,"ArbilL10087"
"89","Arbil Ltd (Hire Division)","Arbil Ltd (Hire Division)","Providence Street","DY9 8HL","contact@ntuk.co.uk",,"$2y$10$zYV/S.Gq.fP8mXPJm5fPzuazzHfGz3VA1rAglVnuNIt8IwKagp7ku","52.459492","-2.112631",,,,"ArbilL10088"
"90","Arcmaster Limited","Arcmaster Limited","Unit C3 South Orbital Trade Park","HU9 1NJ","contact@ntuk.co.uk",,"$2y$10$zYV/S.Gq.fP8mXPJm5fPzuazzHfGz3VA1rAglVnuNIt8IwKagp7ku","53.745003","-0.318563",,,,"Arcmas10089"
"91","Arcotherm","Arcotherm","Unit 15-16 Ecclesbourne Road","DE55 4RF","contact@ntuk.co.uk",,"$2y$10$zYV/S.Gq.fP8mXPJm5fPzuazzHfGz3VA1rAglVnuNIt8IwKagp7ku","53.090375","-1.358614",,,,"Arcoth10090"
"92","Aria Developments Ltd","Aria Developments Ltd","161 Vale Road","LL18 2PH","contact@ntuk.co.uk",,"$2y$10$zYV/S.Gq.fP8mXPJm5fPzuazzHfGz3VA1rAglVnuNIt8IwKagp7ku","53.315932","-3.477445",,,,"AriaDe10091"
"93","Arrow Plant & Tool Hire Ltd","Arrow Plant & Tool Hire Ltd","Marshfields","HR6 0QF","contact@ntuk.co.uk",,"$2y$10$zYV/S.Gq.fP8mXPJm5fPzuazzHfGz3VA1rAglVnuNIt8IwKagp7ku","52.219147","-2.732795",,,,"ArrowP10092"
"99","Asles (Tool Hire And Sales) Ltd.","Asles (Tool Hire And Sales) Ltd.","82 Broadway","TF11 8AZ","contact@ntuk.co.uk",,"$2y$10$zYV/S.Gq.fP8mXPJm5fPzuazzHfGz3VA1rAglVnuNIt8IwKagp7ku","52.668854","-2.372692",,,,"AslesT10098"
"100","Associates GCS Recruitment Limited","Associates GCS Recruitment Limited","Holly Tree Barn","WA6 9HA","contact@ntuk.co.uk",,"$2y$10$zYV/S.Gq.fP8mXPJm5fPzuazzHfGz3VA1rAglVnuNIt8IwKagp7ku","53.263385","-2.740485",,,,"Associ10099"
"101","Astley Hire Ltd.","Astley Hire Ltd.","Lloyds Court","WN7 5RX","contact@ntuk.co.uk",,"$2y$10$zYV/S.Gq.fP8mXPJm5fPzuazzHfGz3VA1rAglVnuNIt8IwKagp7ku","53.506255","-2.5266",,,,"Astley10100"
"102","Atlantic Coast Studios Limited","Atlantic Coast Studios Limited","Units 11-14 Station Drive","GL20 7HH","contact@ntuk.co.uk",,"$2y$10$zYV/S.Gq.fP8mXPJm5fPzuazzHfGz3VA1rAglVnuNIt8IwKagp7ku","52.029282","-2.10812",,,,"Atlant10101"
"103","Avant Hire (South Wales) Ltd","Avant Hire (South Wales) Ltd","1 Maes Y Gad","CF5 6DQ","contact@ntuk.co.uk",,"$2y$10$zYV/S.Gq.fP8mXPJm5fPzuazzHfGz3VA1rAglVnuNIt8IwKagp7ku","51.488432","-3.268965",,,,"AvantH10102"
"104","Avant South East Hire","Avant South East Hire","Unit 2/4","CM6 1JZ","contact@ntuk.co.uk",,"$2y$10$zYV/S.Gq.fP8mXPJm5fPzuazzHfGz3VA1rAglVnuNIt8IwKagp7ku","51.840803","0.298851",,,,"AvantS10103"
"105","Avon Tools Hire Ltd","Avon Tools Hire Ltd","3 Brassmill Lane","BA1 3JE","contact@ntuk.co.uk",,"$2y$10$zYV/S.Gq.fP8mXPJm5fPzuazzHfGz3VA1rAglVnuNIt8IwKagp7ku","51.383389","-2.397671",,,,"AvonTo10104"
"107","B & A Scaffolding (Hire & Sales) Ltd","B & A Scaffolding (Hire & Sales) Ltd","Unit D Therm Road","HU8 7BF","contact@ntuk.co.uk",,"$2y$10$zYV/S.Gq.fP8mXPJm5fPzuazzHfGz3VA1rAglVnuNIt8IwKagp7ku","53.753273","-0.326271",,,,"BAScaf10106"
"108","B J Champion Contractors Ltd","B J Champion Contractors Ltd","11 Maple Court","RG22 6NQ","contact@ntuk.co.uk",,"$2y$10$zYV/S.Gq.fP8mXPJm5fPzuazzHfGz3VA1rAglVnuNIt8IwKagp7ku","51.263207","-1.131509",,,,"BJCham10107"
"109","B Jenkins & Sons Ltd.","B Jenkins & Sons Ltd.","Watton Sawmills","LD3 7EN","contact@ntuk.co.uk",,"$2y$10$zYV/S.Gq.fP8mXPJm5fPzuazzHfGz3VA1rAglVnuNIt8IwKagp7ku","51.943699","-3.383603",,,,"BJenki10108"
"110","B&G Tool Hire","B&G Tool Hire","295 Edgware Road","NW9 6NB","contact@ntuk.co.uk",,"$2y$10$zYV/S.Gq.fP8mXPJm5fPzuazzHfGz3VA1rAglVnuNIt8IwKagp7ku","51.589076","-0.253685",,,,"BGTool10109"
"111","Balloo Hire Centre","Balloo Hire Centre","Enterprise Crescent","BT28 2SA","contact@ntuk.co.uk",,"$2y$10$zYV/S.Gq.fP8mXPJm5fPzuazzHfGz3VA1rAglVnuNIt8IwKagp7ku","54.5114877","-6.0776908",,,"9/1/2021 12:00:10","Balloo10110"
"112","Balloo Hire Centre","Balloo Hire Centre","31 Sydenham Road","BT3 9DH","contact@ntuk.co.uk",,"$2y$10$zYV/S.Gq.fP8mXPJm5fPzuazzHfGz3VA1rAglVnuNIt8IwKagp7ku","54.6022434","-5.9112056",,,"9/1/2021 12:00:10","Balloo10111"
"113","Balloo Hire Centre","Balloo Hire Centre","85 Templepatrick Road","BT39 9RQ","contact@ntuk.co.uk",,"$2y$10$zYV/S.Gq.fP8mXPJm5fPzuazzHfGz3VA1rAglVnuNIt8IwKagp7ku","54.740366","-6.0070798",,,"9/1/2021 12:00:10","Balloo10112"
"114","Balmers GM Ltd","Balmers GM Ltd","Manchester Road","BB11 5PF","contact@ntuk.co.uk",,"$2y$10$zYV/S.Gq.fP8mXPJm5fPzuazzHfGz3VA1rAglVnuNIt8IwKagp7ku","53.748796","-2.269792",,,,"Balmer10113"
"115","Bann Hire & Sales","Bann Hire & Sales","Unit 5A","BT32 3QD","contact@ntuk.co.uk",,"$2y$10$zYV/S.Gq.fP8mXPJm5fPzuazzHfGz3VA1rAglVnuNIt8IwKagp7ku","54.3517296","-6.2944361",,,"9/1/2021 12:01:03","BannHi10114"
"116","Bann Hire & Sales","Bann Hire & Sales","41A Mahon Road","BT62 3SF","contact@ntuk.co.uk",,"$2y$10$zYV/S.Gq.fP8mXPJm5fPzuazzHfGz3VA1rAglVnuNIt8IwKagp7ku","54.3999409","-6.4597636",,,"9/1/2021 12:01:03","BannHi10115"
"117","Bann Hire (Lisburn) LLP","Bann Hire (Lisburn) LLP","Unit A4, Knockmore Business Centre","BT28 1JA","contact@ntuk.co.uk",,"$2y$10$zYV/S.Gq.fP8mXPJm5fPzuazzHfGz3VA1rAglVnuNIt8IwKagp7ku","54.5066182","-6.0822834",,,"9/1/2021 12:01:04","BannHi10116"
"118","Banner Plant Limited","Banner Plant Limited","Unit 4 Wincanton Close","DE24 8NB","contact@ntuk.co.uk",,"$2y$10$zYV/S.Gq.fP8mXPJm5fPzuazzHfGz3VA1rAglVnuNIt8IwKagp7ku","52.90193","-1.453589",,,,"Banner10117"
"119","Banner Plant Limited","Banner Plant Limited","86 Osmondthorpe Lane","LS9 9EF","contact@ntuk.co.uk",,"$2y$10$zYV/S.Gq.fP8mXPJm5fPzuazzHfGz3VA1rAglVnuNIt8IwKagp7ku","53.800216","-1.497888",,,,"Banner10118"
"120","Banner Plant Limited","Banner Plant Limited","Callywhite Lane","S18 2XS","contact@ntuk.co.uk",,"$2y$10$zYV/S.Gq.fP8mXPJm5fPzuazzHfGz3VA1rAglVnuNIt8IwKagp7ku","53.301189","-1.45124",,,,"Banner10119"
"121","Banner Plant Limited","Banner Plant Limited","Peak House","S41 9RA","contact@ntuk.co.uk",,"$2y$10$zYV/S.Gq.fP8mXPJm5fPzuazzHfGz3VA1rAglVnuNIt8IwKagp7ku","53.266287","-1.440037",,,,"Banner10120"
"122","Banner Plant Limited","Banner Plant Limited","Meadowbank Road","S61 2NF","contact@ntuk.co.uk",,"$2y$10$zYV/S.Gq.fP8mXPJm5fPzuazzHfGz3VA1rAglVnuNIt8IwKagp7ku","53.427242","-1.390865",,,,"Banner10121"
"123","Banner Plant Limited","Banner Plant Limited","49 Wakefield Road","WF5 9SW","contact@ntuk.co.uk",,"$2y$10$zYV/S.Gq.fP8mXPJm5fPzuazzHfGz3VA1rAglVnuNIt8IwKagp7ku","53.686034","-1.570473",,,,"Banner10122"
"124","Barhale Construction Services Ltd","Barhale Construction Services Ltd","Barhale House","WS1 4NN","contact@ntuk.co.uk",,"$2y$10$zYV/S.Gq.fP8mXPJm5fPzuazzHfGz3VA1rAglVnuNIt8IwKagp7ku","52.566805","-1.995354",,,,"Barhal10123"
"125","Bates Tool Hire Ltd","Bates Tool Hire Ltd","Unit 59 Percy Business Park","B69 2RE","neilsheld@googlemail.com",,"$2y$10$zYV/S.Gq.fP8mXPJm5fPzuazzHfGz3VA1rAglVnuNIt8IwKagp7ku","52.501617","-2.022274",,,"13/1/2021 17:05:11","BatesT10124"
"126","Beaver Plant Ltd","Beaver Plant Ltd","Beaver Lodge","YO41 1AH","contact@ntuk.co.uk",,"$2y$10$zYV/S.Gq.fP8mXPJm5fPzuazzHfGz3VA1rAglVnuNIt8IwKagp7ku","53.991295","-0.926585",,,,"Beaver10125"
"127","Beaver Teeth Services Ltd.","Beaver Teeth Services Ltd.","282 Saltash Road","PL2 2DG","contact@ntuk.co.uk",,"$2y$10$zYV/S.Gq.fP8mXPJm5fPzuazzHfGz3VA1rAglVnuNIt8IwKagp7ku","50.392052","-4.179291",,,,"Beaver10126"
"128","Beaver Tool Hire (Chichester) Ltd","Beaver Tool Hire (Chichester) Ltd","Ben Turner Industrial Estate","PO19 7ET","contact@ntuk.co.uk",,"$2y$10$zYV/S.Gq.fP8mXPJm5fPzuazzHfGz3VA1rAglVnuNIt8IwKagp7ku","50.837318","-0.755864",,,,"Beaver10127"
"129","Beaver Tool Hire (Chichester) Ltd","Beaver Tool Hire (Chichester) Ltd","597 London Road","PO2 9DX","contact@ntuk.co.uk",,"$2y$10$zYV/S.Gq.fP8mXPJm5fPzuazzHfGz3VA1rAglVnuNIt8IwKagp7ku","50.832221","-1.070944",,,,"Beaver10128"
"130","Beaver Tool Hire (Petersfield) Ltd","Beaver Tool Hire (Petersfield) Ltd","2C Bedford Road","GU32 3LJ","contact@ntuk.co.uk",,"$2y$10$zYV/S.Gq.fP8mXPJm5fPzuazzHfGz3VA1rAglVnuNIt8IwKagp7ku","51.003645","-0.94762",,,,"Beaver10129"
"131","Beaver Tool Hire (Waterlooville) Ltd","Beaver Tool Hire (Waterlooville) Ltd","Unit 4, Byngs Business Park","PO7 6QX","contact@ntuk.co.uk",,"$2y$10$zYV/S.Gq.fP8mXPJm5fPzuazzHfGz3VA1rAglVnuNIt8IwKagp7ku","50.894366","-1.051494",,,,"Beaver10130"
"132","Beaver Tool Hire Ltd","Beaver Tool Hire Ltd","411-415 St Margarets Road","TW7 7XB","contact@ntuk.co.uk",,"$2y$10$zYV/S.Gq.fP8mXPJm5fPzuazzHfGz3VA1rAglVnuNIt8IwKagp7ku","51.464993","-0.323499",,,,"Beaver10131"
"133","Beaver Tool Hire Winchester Limited","Beaver Tool Hire Winchester Limited","Winnal Farm Industrial Estate","SO23 0HA","contact@ntuk.co.uk",,"$2y$10$zYV/S.Gq.fP8mXPJm5fPzuazzHfGz3VA1rAglVnuNIt8IwKagp7ku","51.066111","-1.302676",,,,"Beaver10132"
"134","Belle Engineering (Sheen) Ltd","Belle Engineering (Sheen) Ltd","Sheen","SK17 0EU","contact@ntuk.co.uk",,"$2y$10$zYV/S.Gq.fP8mXPJm5fPzuazzHfGz3VA1rAglVnuNIt8IwKagp7ku","53.141701","-1.838103",,,,"BelleE10133"
"135","Bennett Engineering (UK) Limited t/as Keep Cool Hire","Bennett Engineering (UK) Limited t/as Keep Cool Hire","Acorn Lodge","PE36 5BA","contact@ntuk.co.uk",,"$2y$10$zYV/S.Gq.fP8mXPJm5fPzuazzHfGz3VA1rAglVnuNIt8IwKagp7ku","52.929445","0.480463",,,,"Bennet10134"
"136","Bents Plant Hire Ltd","Bents Plant Hire Ltd","Units 11 & 12 Heathway Industrial Estate","RM10 8PN","contact@ntuk.co.uk",,"$2y$10$zYV/S.Gq.fP8mXPJm5fPzuazzHfGz3VA1rAglVnuNIt8IwKagp7ku","51.55005","0.157587",,,,"BentsP10135"
"137","Best at Hire Ltd","Best at Hire Ltd","2 Victoria Square","BS8 4EU","contact@ntuk.co.uk",,"$2y$10$zYV/S.Gq.fP8mXPJm5fPzuazzHfGz3VA1rAglVnuNIt8IwKagp7ku","51.455956","-2.616807",,,,"Bestat10136"
"138","Biokil Crown Ltd.","Biokil Crown Ltd.","Unit 31","DE65 5FE","contact@ntuk.co.uk",,"$2y$10$zYV/S.Gq.fP8mXPJm5fPzuazzHfGz3VA1rAglVnuNIt8IwKagp7ku","52.879637","-1.637247",,,,"Biokil10137"
"139","Birchwood Price Tools","Birchwood Price Tools","Birch Park","NG16 2AR","contact@ntuk.co.uk",,"$2y$10$zYV/S.Gq.fP8mXPJm5fPzuazzHfGz3VA1rAglVnuNIt8IwKagp7ku","53.003978","-1.297947",,,,"Birchw10138"
"140","Birtley Hire Centre","Birtley Hire Centre","Mitchell House","DH3 1EW","contact@ntuk.co.uk",,"$2y$10$zYV/S.Gq.fP8mXPJm5fPzuazzHfGz3VA1rAglVnuNIt8IwKagp7ku","54.898034","-1.580758",,,,"Birtle10139"
"141","BISAF Ltd","BISAF Ltd","48A Burbage Road","SE24 9HE","contact@ntuk.co.uk",,"$2y$10$zYV/S.Gq.fP8mXPJm5fPzuazzHfGz3VA1rAglVnuNIt8IwKagp7ku","51.449921","-0.09283",,,,"BISAFL10140"
"142","Bison Products Ltd","Bison Products Ltd","85 Bison Place","PR26 7QR","contact@ntuk.co.uk",,"$2y$10$zYV/S.Gq.fP8mXPJm5fPzuazzHfGz3VA1rAglVnuNIt8IwKagp7ku","53.698172","-2.726438",,,,"BisonP10141"
"143","BJB Hire Centre Ltd","BJB Hire Centre Ltd","4A Earls Way","LE4 8DL","contact@ntuk.co.uk",,"$2y$10$zYV/S.Gq.fP8mXPJm5fPzuazzHfGz3VA1rAglVnuNIt8IwKagp7ku","52.677272","-1.085934",,,,"BJBHir10142"
"144","Blanchford and Co. Ltd.","Blanchford and Co. Ltd.","59 Windmill Road","OX3 7BS","contact@ntuk.co.uk",,"$2y$10$zYV/S.Gq.fP8mXPJm5fPzuazzHfGz3VA1rAglVnuNIt8IwKagp7ku","51.758154","-1.20927",,,,"Blanch10143"
"145","BOA Plant","BOA Plant","North Common Farm","MK43 0NN","contact@ntuk.co.uk",,"$2y$10$zYV/S.Gq.fP8mXPJm5fPzuazzHfGz3VA1rAglVnuNIt8IwKagp7ku","52.044301","-0.593631",,,,"BOAPla10144"
"146","Boels Rental","Boels Rental","Birmingham - Central"," B6 5RW","contact@ntuk.co.uk",,"$2y$10$zYV/S.Gq.fP8mXPJm5fPzuazzHfGz3VA1rAglVnuNIt8IwKagp7ku","52.499286","-1.881788",,,,"BoelsR10145"
"147","Boels Rental","Boels Rental","Birmingham - North"," B69 4DZ","contact@ntuk.co.uk",,"$2y$10$zYV/S.Gq.fP8mXPJm5fPzuazzHfGz3VA1rAglVnuNIt8IwKagp7ku","52.502913","-2.0132",,,,"BoelsR10146"
"148","Boels Rental","Boels Rental","West Midlands Survey & Laser"," B71 4JS","contact@ntuk.co.uk",,"$2y$10$zYV/S.Gq.fP8mXPJm5fPzuazzHfGz3VA1rAglVnuNIt8IwKagp7ku","52.510138","-1.969692",,,,"BoelsR10147"
"149","Boels Rental","Boels Rental","Bristol - Filton"," BS34 7JL","contact@ntuk.co.uk",,"$2y$10$zYV/S.Gq.fP8mXPJm5fPzuazzHfGz3VA1rAglVnuNIt8IwKagp7ku","51.507921","-2.5646",,,,"BoelsR10148"
"150","Boels Rental","Boels Rental","Bristol - Yate Survey & Laser"," BS37 5NH","contact@ntuk.co.uk",,"$2y$10$zYV/S.Gq.fP8mXPJm5fPzuazzHfGz3VA1rAglVnuNIt8IwKagp7ku","51.545929","-2.433394",,,,"BoelsR10149"
"151","Boels Rental","Boels Rental","Bristol - Yate"," BS37 5PB","contact@ntuk.co.uk",,"$2y$10$zYV/S.Gq.fP8mXPJm5fPzuazzHfGz3VA1rAglVnuNIt8IwKagp7ku","51.542246","-2.434801",,,,"BoelsR10150"
"152","Boels Rental","Boels Rental","Cardiff"," CF24 2RR","contact@ntuk.co.uk",,"$2y$10$zYV/S.Gq.fP8mXPJm5fPzuazzHfGz3VA1rAglVnuNIt8IwKagp7ku","51.492873","-3.139404",,,,"BoelsR10151"
"153","Boels Rental","Boels Rental","Wales Survey & Laser"," CF24 5HB","contact@ntuk.co.uk",,"$2y$10$zYV/S.Gq.fP8mXPJm5fPzuazzHfGz3VA1rAglVnuNIt8IwKagp7ku","51.476409","-3.148627",,,,"BoelsR10152"
"154","Boels Rental","Boels Rental","Coventry"," CV1 5DU","contact@ntuk.co.uk",,"$2y$10$zYV/S.Gq.fP8mXPJm5fPzuazzHfGz3VA1rAglVnuNIt8IwKagp7ku","52.407218","-1.497499",,,,"BoelsR10153"
"155","Boels Rental","Boels Rental","Dartford"," DA1 1QG","contact@ntuk.co.uk",,"$2y$10$zYV/S.Gq.fP8mXPJm5fPzuazzHfGz3VA1rAglVnuNIt8IwKagp7ku","51.433994","0.236872",,,,"BoelsR10154"
"156","Boels Rental","Boels Rental","Durham"," DH1 1TF","contact@ntuk.co.uk",,"$2y$10$zYV/S.Gq.fP8mXPJm5fPzuazzHfGz3VA1rAglVnuNIt8IwKagp7ku","54.788122","-1.536814",,,,"BoelsR10155"
"157","Boels Rental","Boels Rental","London - Beckton"," E6 6LW","contact@ntuk.co.uk",,"$2y$10$zYV/S.Gq.fP8mXPJm5fPzuazzHfGz3VA1rAglVnuNIt8IwKagp7ku","51.518717","0.067343",,,,"BoelsR10156"
"158","Boels Rental","Boels Rental","South West Survey & Laser","EX2 8PY","contact@ntuk.co.uk",,"$2y$10$zYV/S.Gq.fP8mXPJm5fPzuazzHfGz3VA1rAglVnuNIt8IwKagp7ku","50.700609","-3.527065",,,"16/3/2021 10:37:33","BoelsR10157"
"159","Boels Rental","Boels Rental","Staverton"," GL2 9QL","contact@ntuk.co.uk",,"$2y$10$zYV/S.Gq.fP8mXPJm5fPzuazzHfGz3VA1rAglVnuNIt8IwKagp7ku","51.897493","-2.170933",,,,"BoelsR10158"
"160","Boels Rental","Boels Rental","Hereford"," HR4 9SP","contact@ntuk.co.uk",,"$2y$10$zYV/S.Gq.fP8mXPJm5fPzuazzHfGz3VA1rAglVnuNIt8IwKagp7ku","52.066966","-2.71901",,,,"BoelsR10159"
"161","Boels Rental","Boels Rental","Scotland Survey & Laser"," KY12 7SN","contact@ntuk.co.uk",,"$2y$10$zYV/S.Gq.fP8mXPJm5fPzuazzHfGz3VA1rAglVnuNIt8IwKagp7ku","56.061212","-3.459654",,,,"BoelsR10160"
"162","Boels Rental","Boels Rental","Liverpool"," L11 2BD","contact@ntuk.co.uk",,"$2y$10$zYV/S.Gq.fP8mXPJm5fPzuazzHfGz3VA1rAglVnuNIt8IwKagp7ku","53.458473","-2.912814",,,,"BoelsR10161"
"163","Boels Rental","Boels Rental","Leeds"," LS12 6HF","contact@ntuk.co.uk",,"$2y$10$zYV/S.Gq.fP8mXPJm5fPzuazzHfGz3VA1rAglVnuNIt8IwKagp7ku","53.788932","-1.568315",,,,"BoelsR10162"
"164","Boels Rental","Boels Rental","Yorkshire Survey & Laser"," LS12 6HF","contact@ntuk.co.uk",,"$2y$10$zYV/S.Gq.fP8mXPJm5fPzuazzHfGz3VA1rAglVnuNIt8IwKagp7ku","53.788932","-1.568315",,,,"BoelsR10163"
"165","Boels Rental","Boels Rental","Manchester"," M1 2NP","contact@ntuk.co.uk",,"$2y$10$zYV/S.Gq.fP8mXPJm5fPzuazzHfGz3VA1rAglVnuNIt8IwKagp7ku","53.477944","-2.221391",,,,"BoelsR10164"
"166","Boels Rental","Boels Rental","North Survey & Laser"," M11 2NB","contact@ntuk.co.uk",,"$2y$10$zYV/S.Gq.fP8mXPJm5fPzuazzHfGz3VA1rAglVnuNIt8IwKagp7ku","53.472169","-2.181558",,,,"BoelsR10165"
"167","Boels Rental","Boels Rental","South East Survey & Laser"," ME20 7HP","contact@ntuk.co.uk",,"$2y$10$zYV/S.Gq.fP8mXPJm5fPzuazzHfGz3VA1rAglVnuNIt8IwKagp7ku","51.304433","0.447915",,,,"BoelsR10166"
"168","Boels Rental","Boels Rental","Newcastle"," NE11 0TU","contact@ntuk.co.uk",,"$2y$10$zYV/S.Gq.fP8mXPJm5fPzuazzHfGz3VA1rAglVnuNIt8IwKagp7ku","54.934252","-1.622817",,,,"BoelsR10167"
"169","Boels Rental","Boels Rental","Oxford"," OX4 6TU","contact@ntuk.co.uk",,"$2y$10$zYV/S.Gq.fP8mXPJm5fPzuazzHfGz3VA1rAglVnuNIt8IwKagp7ku","51.72659","-1.198036",,,,"BoelsR10168"
"170","Boels Rental","Boels Rental","Preston"," PR5 8AR","contact@ntuk.co.uk",,"$2y$10$zYV/S.Gq.fP8mXPJm5fPzuazzHfGz3VA1rAglVnuNIt8IwKagp7ku","53.72058","-2.639627",,,,"BoelsR10169"
"171","Boels Rental","Boels Rental","Basingstoke"," RG21 8BJ","contact@ntuk.co.uk",,"$2y$10$zYV/S.Gq.fP8mXPJm5fPzuazzHfGz3VA1rAglVnuNIt8IwKagp7ku","51.262786","-1.104358",,,,"BoelsR10170"
"172","Boels Rental","Boels Rental","Sheffield"," S13 9NQ","contact@ntuk.co.uk",,"$2y$10$zYV/S.Gq.fP8mXPJm5fPzuazzHfGz3VA1rAglVnuNIt8IwKagp7ku","53.372443","-1.367553",,,,"BoelsR10171"
"173","Boels Rental","Boels Rental","Swansea"," SA7 9AH","contact@ntuk.co.uk",,"$2y$10$zYV/S.Gq.fP8mXPJm5fPzuazzHfGz3VA1rAglVnuNIt8IwKagp7ku","51.659123","-3.905016",,,,"BoelsR10172"
"174","Boels Rental","Boels Rental","London City"," SE16 3RA","contact@ntuk.co.uk",,"$2y$10$zYV/S.Gq.fP8mXPJm5fPzuazzHfGz3VA1rAglVnuNIt8IwKagp7ku","51.497579","-0.072256",,,,"BoelsR10173"
"175","Boels Rental","Boels Rental","Slough"," SL1 4QU","contact@ntuk.co.uk",,"$2y$10$zYV/S.Gq.fP8mXPJm5fPzuazzHfGz3VA1rAglVnuNIt8IwKagp7ku","51.519224","-0.617847",,,,"BoelsR10174"
"176","Boels Rental","Boels Rental","Melksham"," SN12 6SS","contact@ntuk.co.uk",,"$2y$10$zYV/S.Gq.fP8mXPJm5fPzuazzHfGz3VA1rAglVnuNIt8IwKagp7ku","51.359344","-2.132052",,,,"BoelsR10175"
"177","Boels Rental","Boels Rental","Chippenham"," SN14 6LH","contact@ntuk.co.uk",,"$2y$10$zYV/S.Gq.fP8mXPJm5fPzuazzHfGz3VA1rAglVnuNIt8IwKagp7ku","51.464542","-2.142807",,,,"BoelsR10176"
"178","Boels Rental","Boels Rental","Swindon"," SN5 7YG","contact@ntuk.co.uk",,"$2y$10$zYV/S.Gq.fP8mXPJm5fPzuazzHfGz3VA1rAglVnuNIt8IwKagp7ku","51.55995","-1.811935",,,,"BoelsR10177"
"179","Boels Rental","Boels Rental","Stoke"," ST6 5GF","contact@ntuk.co.uk",,"$2y$10$zYV/S.Gq.fP8mXPJm5fPzuazzHfGz3VA1rAglVnuNIt8IwKagp7ku","53.068632","-2.211314",,,,"BoelsR10178"
"180","Boels Rental","Boels Rental","Shrewsbury"," SY1 4EH","contact@ntuk.co.uk",,"$2y$10$zYV/S.Gq.fP8mXPJm5fPzuazzHfGz3VA1rAglVnuNIt8IwKagp7ku","52.734375","-2.729398",,,,"BoelsR10179"
"181","Boels Rental","Boels Rental","London - Heathrow"," UB7 0LW","contact@ntuk.co.uk",,"$2y$10$zYV/S.Gq.fP8mXPJm5fPzuazzHfGz3VA1rAglVnuNIt8IwKagp7ku","51.491065","-0.48494",,,,"BoelsR10180"
"182","Boels Rental","Boels Rental","Widnes"," WA8 0QY","contact@ntuk.co.uk",,"$2y$10$zYV/S.Gq.fP8mXPJm5fPzuazzHfGz3VA1rAglVnuNIt8IwKagp7ku","53.358733","-2.734234",,,,"BoelsR10181"
"183","Bomag (Great Britain) Ltd","Bomag (Great Britain) Ltd","Sheldon Way","ME20 6SE","contact@ntuk.co.uk",,"$2y$10$zYV/S.Gq.fP8mXPJm5fPzuazzHfGz3VA1rAglVnuNIt8IwKagp7ku","51.306153","0.446127",,,,"BomagG10182"
"184","Bona Ltd","Bona Ltd","6 Thorton Chase","MK14 6FD","contact@ntuk.co.uk",,"$2y$10$zYV/S.Gq.fP8mXPJm5fPzuazzHfGz3VA1rAglVnuNIt8IwKagp7ku","52.060532","-0.761321",,,,"BonaLt10183"
"185","Boss Cabins Ltd","Boss Cabins Ltd","BCS House","PE10 9HT","contact@ntuk.co.uk",,"$2y$10$zYV/S.Gq.fP8mXPJm5fPzuazzHfGz3VA1rAglVnuNIt8IwKagp7ku","52.770004","-0.364022",,,,"BossCa10184"
"186","Boss Plant Sales Ltd.","Boss Plant Sales Ltd.","Unit 23 Airfield Industrial Estate","HP23 4QR","contact@ntuk.co.uk",,"$2y$10$zYV/S.Gq.fP8mXPJm5fPzuazzHfGz3VA1rAglVnuNIt8IwKagp7ku","51.837822","-0.678989",,,,"BossPl10185"
"187","Bradfords Building Supplies Ltd","Bradfords Building Supplies Ltd","100 Hendford Hill","BA20 2RF","contact@ntuk.co.uk",,"$2y$10$zYV/S.Gq.fP8mXPJm5fPzuazzHfGz3VA1rAglVnuNIt8IwKagp7ku","50.935246","-2.640075",,,,"Bradfo10186"
"188","Bradfords Building Supplies Ltd","Bradfords Building Supplies Ltd","Porchestall Drove","BA6 9NW","contact@ntuk.co.uk",,"$2y$10$zYV/S.Gq.fP8mXPJm5fPzuazzHfGz3VA1rAglVnuNIt8IwKagp7ku","51.147288","-2.728525",,,,"Bradfo10187"
"189","Bradfords Building Supplies Ltd","Bradfords Building Supplies Ltd","62 Gazelle Road","BS24 9ES","contact@ntuk.co.uk",,"$2y$10$zYV/S.Gq.fP8mXPJm5fPzuazzHfGz3VA1rAglVnuNIt8IwKagp7ku","51.326996","-2.952423",,,,"Bradfo10188"
"190","Bradfords Building Supplies Ltd","Bradfords Building Supplies Ltd","Sea Road","DT6 3DW","contact@ntuk.co.uk",,"$2y$10$zYV/S.Gq.fP8mXPJm5fPzuazzHfGz3VA1rAglVnuNIt8IwKagp7ku","50.725579","-2.756263",,,,"Bradfo10189"
"191","Bradfords Building Supplies Ltd","Bradfords Building Supplies Ltd","Unit 5","DT9 4FQ","contact@ntuk.co.uk",,"$2y$10$zYV/S.Gq.fP8mXPJm5fPzuazzHfGz3VA1rAglVnuNIt8IwKagp7ku","50.951569","-2.526296",,,,"Bradfo10190"
"192","Bradfords Building Supplies Ltd","Bradfords Building Supplies Ltd","Alexandria Road","EX10 9HE","contact@ntuk.co.uk",,"$2y$10$zYV/S.Gq.fP8mXPJm5fPzuazzHfGz3VA1rAglVnuNIt8IwKagp7ku","50.690658","-3.2455",,,,"Bradfo10191"
"193","Bradfords Building Supplies Ltd","Bradfords Building Supplies Ltd","Harbour Road","EX12 2NH","contact@ntuk.co.uk",,"$2y$10$zYV/S.Gq.fP8mXPJm5fPzuazzHfGz3VA1rAglVnuNIt8IwKagp7ku","50.704526","-3.061895",,,,"Bradfo10192"
"194","Bradfords Building Supplies Ltd","Bradfords Building Supplies Ltd","Woodmead Road","EX13 5PJ","contact@ntuk.co.uk",,"$2y$10$zYV/S.Gq.fP8mXPJm5fPzuazzHfGz3VA1rAglVnuNIt8IwKagp7ku","50.778045","-3.004938",,,,"Bradfo10193"
"195","Bradfords Building Supplies Ltd","Bradfords Building Supplies Ltd","Station Approach","EX14 2EZ","contact@ntuk.co.uk",,"$2y$10$zYV/S.Gq.fP8mXPJm5fPzuazzHfGz3VA1rAglVnuNIt8IwKagp7ku","50.79614","-3.187444",,,,"Bradfo10194"
"196","Bradfords Building Supplies Ltd","Bradfords Building Supplies Ltd","Silverton Road","EX2 8ND","contact@ntuk.co.uk",,"$2y$10$zYV/S.Gq.fP8mXPJm5fPzuazzHfGz3VA1rAglVnuNIt8IwKagp7ku","50.69906","-3.520388",,,,"Bradfo10195"
"197","Bradfords Building Supplies Ltd","Bradfords Building Supplies Ltd","Stratton Business Park","EX23 8LY","contact@ntuk.co.uk",,"$2y$10$zYV/S.Gq.fP8mXPJm5fPzuazzHfGz3VA1rAglVnuNIt8IwKagp7ku","50.819742","-4.528462",,,,"Bradfo10196"
"198","Bradfords Building Supplies Ltd","Bradfords Building Supplies Ltd","Liverton Business Park","EX8 2NR","contact@ntuk.co.uk",,"$2y$10$zYV/S.Gq.fP8mXPJm5fPzuazzHfGz3VA1rAglVnuNIt8IwKagp7ku","50.631238","-3.376729",,,,"Bradfo10197"
"199","Bradfords Building Supplies Ltd","Bradfords Building Supplies Ltd","Alton Road","HR9 5JE","contact@ntuk.co.uk",,"$2y$10$zYV/S.Gq.fP8mXPJm5fPzuazzHfGz3VA1rAglVnuNIt8IwKagp7ku","51.910578","-2.57538",,,,"Bradfo10198"
"200","Bradfords Building Supplies Ltd","Bradfords Building Supplies Ltd","Wellington New Road","TA1 5LU","contact@ntuk.co.uk",,"$2y$10$zYV/S.Gq.fP8mXPJm5fPzuazzHfGz3VA1rAglVnuNIt8IwKagp7ku","51.012352","-3.12777",,,,"Bradfo10199"
"201","Bradfords Building Supplies Ltd","Bradfords Building Supplies Ltd","Unit 2","TA12 6HB","contact@ntuk.co.uk",,"$2y$10$zYV/S.Gq.fP8mXPJm5fPzuazzHfGz3VA1rAglVnuNIt8IwKagp7ku","50.97955","-2.768459",,,,"Bradfo10200"
"202","Bradfords Building Supplies Ltd","Bradfords Building Supplies Ltd","Station Road","TA18 8AW","contact@ntuk.co.uk",,"$2y$10$zYV/S.Gq.fP8mXPJm5fPzuazzHfGz3VA1rAglVnuNIt8IwKagp7ku","50.8742","-2.778393",,,,"Bradfo10201"
"203","Bradfords Building Supplies Ltd","Bradfords Building Supplies Ltd","Station Road","TA19 9AY","contact@ntuk.co.uk",,"$2y$10$zYV/S.Gq.fP8mXPJm5fPzuazzHfGz3VA1rAglVnuNIt8IwKagp7ku","50.930915","-2.927417",,,,"Bradfo10202"
"204","Bradfords Building Supplies Ltd","Bradfords Building Supplies Ltd","139 Bristol Road","TA6 4AQ","contact@ntuk.co.uk",,"$2y$10$zYV/S.Gq.fP8mXPJm5fPzuazzHfGz3VA1rAglVnuNIt8IwKagp7ku","51.135997","-2.994096",,,,"Bradfo10203"
"205","Bradfords Building Supplies Ltd","Bradfords Building Supplies Ltd","Brunel Road","TQ12 4PB","contact@ntuk.co.uk",,"$2y$10$zYV/S.Gq.fP8mXPJm5fPzuazzHfGz3VA1rAglVnuNIt8IwKagp7ku","50.52845","-3.59656",,,,"Bradfo10204"
"206","Bradfords Building Supplies Ltd","Bradfords Building Supplies Ltd","The Old Mill","TQ13 8NQ","contact@ntuk.co.uk",,"$2y$10$zYV/S.Gq.fP8mXPJm5fPzuazzHfGz3VA1rAglVnuNIt8IwKagp7ku","50.659477","-3.763088",,,,"Bradfo10205"
"207","Bradfords Building Supplies Ltd","Bradfords Building Supplies Ltd","Helston Business Park","TR13 8FZ","contact@ntuk.co.uk",,"$2y$10$zYV/S.Gq.fP8mXPJm5fPzuazzHfGz3VA1rAglVnuNIt8IwKagp7ku","50.100664","-5.259189",,,,"Bradfo10206"
"208","Bradfords Building Supplies Ltd","Bradfords Building Supplies Ltd","Crown Works","WR14 2QP","contact@ntuk.co.uk",,"$2y$10$zYV/S.Gq.fP8mXPJm5fPzuazzHfGz3VA1rAglVnuNIt8IwKagp7ku","52.113699","-2.308986",,,,"Bradfo10207"
"209","Bradfords Building Supplies Ltd","Bradfords Building Supplies Ltd","The Building Centre","WR4 9EG","contact@ntuk.co.uk",,"$2y$10$zYV/S.Gq.fP8mXPJm5fPzuazzHfGz3VA1rAglVnuNIt8IwKagp7ku","52.196444","-2.213205",,,,"Bradfo10208"
"210","Brandon Hire Limited","Brandon Hire Limited","Glasgow - Darnley","G53 7QS","contact@ntuk.co.uk",,"$2y$10$zYV/S.Gq.fP8mXPJm5fPzuazzHfGz3VA1rAglVnuNIt8IwKagp7ku","55.811487","-4.350882",,,,"Brando10209"
"211","Brandon Hire Ltd","Brandon Hire Ltd","Birmingham","B19 3HJ","contact@ntuk.co.uk",,"$2y$10$zYV/S.Gq.fP8mXPJm5fPzuazzHfGz3VA1rAglVnuNIt8IwKagp7ku","52.488582","-1.905498",,,,"Brando10210"
"212","Brandon Hire Ltd","Brandon Hire Ltd","Bath","BA2 3HQ","contact@ntuk.co.uk",,"$2y$10$zYV/S.Gq.fP8mXPJm5fPzuazzHfGz3VA1rAglVnuNIt8IwKagp7ku","51.37774","-2.371099",,,,"Brando10211"
"213","Brandon Hire Ltd","Brandon Hire Ltd","Ramsgate","CT11 9LR","contact@ntuk.co.uk",,"$2y$10$zYV/S.Gq.fP8mXPJm5fPzuazzHfGz3VA1rAglVnuNIt8IwKagp7ku","51.331639","1.406706",,,,"Brando10212"
"214","Brandon Hire Ltd","Brandon Hire Ltd","Maidstone - Upper Stone Street","ME15 6HJ","contact@ntuk.co.uk",,"$2y$10$zYV/S.Gq.fP8mXPJm5fPzuazzHfGz3VA1rAglVnuNIt8IwKagp7ku","51.266892","0.527148",,,,"Brando10213"
"215","Brandon Hire Ltd","Brandon Hire Ltd","Swindon","SN5 7UL","contact@ntuk.co.uk",,"$2y$10$zYV/S.Gq.fP8mXPJm5fPzuazzHfGz3VA1rAglVnuNIt8IwKagp7ku","51.564979","-1.813501",,,,"Brando10214"
"216","Brandon Hire Ltd","Brandon Hire Ltd","Totnes","TQ9 5LE","contact@ntuk.co.uk",,"$2y$10$zYV/S.Gq.fP8mXPJm5fPzuazzHfGz3VA1rAglVnuNIt8IwKagp7ku","50.43424","-3.68158",,,,"Brando10215"
"217","Brandon Hire Ltd","Brandon Hire Ltd","Wolverhampton","WV10 6HH","contact@ntuk.co.uk",,"$2y$10$zYV/S.Gq.fP8mXPJm5fPzuazzHfGz3VA1rAglVnuNIt8IwKagp7ku","52.59819","-2.128017",,,,"Brando10216"
"218","Brandon Hire Station","Brandon Hire Station","Aberdeen","AB11 5AN","contact@ntuk.co.uk",,"$2y$10$zYV/S.Gq.fP8mXPJm5fPzuazzHfGz3VA1rAglVnuNIt8IwKagp7ku","57.147988","-2.085723",,,,"Brando10217"
"219","Brandon Hire Station","Brandon Hire Station","West Tullos","AB12 3AW","contact@ntuk.co.uk",,"$2y$10$zYV/S.Gq.fP8mXPJm5fPzuazzHfGz3VA1rAglVnuNIt8IwKagp7ku","57.123378","-2.0929",,,,"Brando10218"
"220","Brandon Hire Station","Brandon Hire Station","Birmingham","B19 3HW","contact@ntuk.co.uk",,"$2y$10$zYV/S.Gq.fP8mXPJm5fPzuazzHfGz3VA1rAglVnuNIt8IwKagp7ku","54.74386","-6.33337",,,,"Brando10219"
"221","Brandon Hire Station","Brandon Hire Station","Birmingham","B19 3HW","contact@ntuk.co.uk",,"$2y$10$zYV/S.Gq.fP8mXPJm5fPzuazzHfGz3VA1rAglVnuNIt8IwKagp7ku","54.74386","-6.33337",,,,"Brando10220"
"222","Brandon Hire Station","Brandon Hire Station","Birmingham","B19 3HW","contact@ntuk.co.uk",,"$2y$10$zYV/S.Gq.fP8mXPJm5fPzuazzHfGz3VA1rAglVnuNIt8IwKagp7ku","54.74386","-6.33337",,,,"Brando10221"
"223","Brandon Hire Station","Brandon Hire Station","West Bromwich","B70 8JH","contact@ntuk.co.uk",,"$2y$10$zYV/S.Gq.fP8mXPJm5fPzuazzHfGz3VA1rAglVnuNIt8IwKagp7ku","52.512919","-2.009136",,,,"Brando10222"
"224","Brandon Hire Station","Brandon Hire Station","West Bromwich","B70 8JH","contact@ntuk.co.uk",,"$2y$10$zYV/S.Gq.fP8mXPJm5fPzuazzHfGz3VA1rAglVnuNIt8IwKagp7ku","52.512919","-2.009136",,,,"Brando10223"
"225","Brandon Hire Station","Brandon Hire Station","Redditch","B97 4BT","contact@ntuk.co.uk",,"$2y$10$zYV/S.Gq.fP8mXPJm5fPzuazzHfGz3VA1rAglVnuNIt8IwKagp7ku","52.310791","-1.941826",,,,"Brando10224"
"226","Brandon Hire Station","Brandon Hire Station","Trowbridge","BA14 8RL","contact@ntuk.co.uk",,"$2y$10$zYV/S.Gq.fP8mXPJm5fPzuazzHfGz3VA1rAglVnuNIt8IwKagp7ku","51.332588","-2.204849",,,,"Brando10225"
"227","Brandon Hire Station","Brandon Hire Station","Yeovil","BA20 2HL","contact@ntuk.co.uk",,"$2y$10$zYV/S.Gq.fP8mXPJm5fPzuazzHfGz3VA1rAglVnuNIt8IwKagp7ku","50.935808","-2.660206",,,,"Brando10226"
"228","Brandon Hire Station","Brandon Hire Station","Poole","BH12 4LY","contact@ntuk.co.uk",,"$2y$10$zYV/S.Gq.fP8mXPJm5fPzuazzHfGz3VA1rAglVnuNIt8IwKagp7ku","50.744567","-1.945226",,,,"Brando10227"
"229","Brandon Hire Station","Brandon Hire Station","Wimborne","BH21 1RB","contact@ntuk.co.uk",,"$2y$10$zYV/S.Gq.fP8mXPJm5fPzuazzHfGz3VA1rAglVnuNIt8IwKagp7ku","50.794991","-1.978595",,,,"Brando10228"
"230","Brandon Hire Station","Brandon Hire Station","Christchurch - Jumpers Ave","BH23 2EP","contact@ntuk.co.uk",,"$2y$10$zYV/S.Gq.fP8mXPJm5fPzuazzHfGz3VA1rAglVnuNIt8IwKagp7ku","50.743608","-1.7997",,,,"Brando10229"
"231","Brandon Hire Station","Brandon Hire Station","Christchurch - Somerford RD","BH23 3PY","contact@ntuk.co.uk",,"$2y$10$zYV/S.Gq.fP8mXPJm5fPzuazzHfGz3VA1rAglVnuNIt8IwKagp7ku","50.740004","-1.745523",,,,"Brando10230"
"232","Brandon Hire Station","Brandon Hire Station","Bournemouth","BH9 1AB","contact@ntuk.co.uk",,"$2y$10$zYV/S.Gq.fP8mXPJm5fPzuazzHfGz3VA1rAglVnuNIt8IwKagp7ku","50.739605","-1.876357",,,,"Brando10231"
"233","Brandon Hire Station","Brandon Hire Station","Worthing","BN14 8AG","contact@ntuk.co.uk",,"$2y$10$zYV/S.Gq.fP8mXPJm5fPzuazzHfGz3VA1rAglVnuNIt8IwKagp7ku","50.82165","-0.372655",,,,"Brando10232"
"234","Brandon Hire Station","Brandon Hire Station","Eastbourne","BN23 6PW","contact@ntuk.co.uk",,"$2y$10$zYV/S.Gq.fP8mXPJm5fPzuazzHfGz3VA1rAglVnuNIt8IwKagp7ku","50.788708","0.297115",,,,"Brando10233"
"235","Brandon Hire Station","Brandon Hire Station","Avonmouth - Lifting","BS11 0YB","contact@ntuk.co.uk",,"$2y$10$zYV/S.Gq.fP8mXPJm5fPzuazzHfGz3VA1rAglVnuNIt8IwKagp7ku","51.529514","-2.679111",,,,"Brando10234"
"236","Brandon Hire Station","Brandon Hire Station","Avonmouth","BS11 9FB","contact@ntuk.co.uk",,"$2y$10$zYV/S.Gq.fP8mXPJm5fPzuazzHfGz3VA1rAglVnuNIt8IwKagp7ku","51.500091","-2.690242",,,,"Brando10235"
"237","Brandon Hire Station","Brandon Hire Station","Bristol – Fishponds","BS16 3PQ","contact@ntuk.co.uk",,"$2y$10$zYV/S.Gq.fP8mXPJm5fPzuazzHfGz3VA1rAglVnuNIt8IwKagp7ku","51.471455","-2.523189",,,,"Brando10236"
"238","Brandon Hire Station","Brandon Hire Station","Bristol – Feeder Road","BS2 0TQ","contact@ntuk.co.uk",,"$2y$10$zYV/S.Gq.fP8mXPJm5fPzuazzHfGz3VA1rAglVnuNIt8IwKagp7ku","51.449992","-2.56754",,,,"Brando10237"
"239","Brandon Hire Station","Brandon Hire Station","Bristol – Feeder Road","BS2 0TQ","contact@ntuk.co.uk",,"$2y$10$zYV/S.Gq.fP8mXPJm5fPzuazzHfGz3VA1rAglVnuNIt8IwKagp7ku","51.449992","-2.56754",,,,"Brando10238"
"240","Brandon Hire Station","Brandon Hire Station","Bristol – Feeder Road","BS2 0TQ","contact@ntuk.co.uk",,"$2y$10$zYV/S.Gq.fP8mXPJm5fPzuazzHfGz3VA1rAglVnuNIt8IwKagp7ku","51.449992","-2.56754",,,,"Brando10239"
"241","Brandon Hire Station","Brandon Hire Station","Bristol – Feeder Road","BS2 0TQ","contact@ntuk.co.uk",,"$2y$10$zYV/S.Gq.fP8mXPJm5fPzuazzHfGz3VA1rAglVnuNIt8IwKagp7ku","51.449992","-2.56754",,,,"Brando10240"
"242","Brandon Hire Station","Brandon Hire Station","Weston Super Mare","BS23 3YX","contact@ntuk.co.uk",,"$2y$10$zYV/S.Gq.fP8mXPJm5fPzuazzHfGz3VA1rAglVnuNIt8IwKagp7ku","51.34227","-2.95719",,,,"Brando10241"
"243","Brandon Hire Station","Brandon Hire Station","Bristol - Bedminster","BS3 5BQ","contact@ntuk.co.uk",,"$2y$10$zYV/S.Gq.fP8mXPJm5fPzuazzHfGz3VA1rAglVnuNIt8IwKagp7ku","51.437891","-2.598019",,,,"Brando10242"
"244","Brandon Hire Station","Brandon Hire Station","Bristol - Hotwell","BS8 4RY","contact@ntuk.co.uk",,"$2y$10$zYV/S.Gq.fP8mXPJm5fPzuazzHfGz3VA1rAglVnuNIt8IwKagp7ku","51.449546","-2.615008",,,,"Brando10243"
"245","Brandon Hire Station","Brandon Hire Station","Cambridge","CB1 7EB","contact@ntuk.co.uk",,"$2y$10$zYV/S.Gq.fP8mXPJm5fPzuazzHfGz3VA1rAglVnuNIt8IwKagp7ku","52.191997","0.138001",,,,"Brando10244"
"246","Brandon Hire Station","Brandon Hire Station","Cardiff Roath","CF23 9AB","contact@ntuk.co.uk",,"$2y$10$zYV/S.Gq.fP8mXPJm5fPzuazzHfGz3VA1rAglVnuNIt8IwKagp7ku","51.497677","-3.144739",,,,"Brando10245"
"247","Brandon Hire Station","Brandon Hire Station","Cardiff Roath","CF23 9AB","contact@ntuk.co.uk",,"$2y$10$zYV/S.Gq.fP8mXPJm5fPzuazzHfGz3VA1rAglVnuNIt8IwKagp7ku","51.497677","-3.144739",,,,"Brando10246"
"248","Brandon Hire Station","Brandon Hire Station",,"CF31 1TZ","contact@ntuk.co.uk",,"$2y$10$zYV/S.Gq.fP8mXPJm5fPzuazzHfGz3VA1rAglVnuNIt8IwKagp7ku","51.504324","-3.570905",,,,"Brando10247"
"249","Brandon Hire Station","Brandon Hire Station","Merthyr Tydfil","CF48 2SR","contact@ntuk.co.uk",,"$2y$10$zYV/S.Gq.fP8mXPJm5fPzuazzHfGz3VA1rAglVnuNIt8IwKagp7ku","51.768583","-3.363357",,,,"Brando10248"
"250","Brandon Hire Station","Brandon Hire Station","Caerphilly","CF83 3ED","contact@ntuk.co.uk",,"$2y$10$zYV/S.Gq.fP8mXPJm5fPzuazzHfGz3VA1rAglVnuNIt8IwKagp7ku","51.571348","-3.205706",,,,"Brando10249"
"251","Brandon Hire Station","Brandon Hire Station","Chester","CH1 4LT","contact@ntuk.co.uk",,"$2y$10$zYV/S.Gq.fP8mXPJm5fPzuazzHfGz3VA1rAglVnuNIt8IwKagp7ku","53.192425","-2.916326",,,,"Brando10250"
"252","Brandon Hire Station","Brandon Hire Station","Chester","CH1 4LT","contact@ntuk.co.uk",,"$2y$10$zYV/S.Gq.fP8mXPJm5fPzuazzHfGz3VA1rAglVnuNIt8IwKagp7ku","53.192425","-2.916326",,,,"Brando10251"
"253","Brandon Hire Station","Brandon Hire Station","Wallasey","CH44 4DD","contact@ntuk.co.uk",,"$2y$10$zYV/S.Gq.fP8mXPJm5fPzuazzHfGz3VA1rAglVnuNIt8IwKagp7ku","53.411993","-3.045279",,,,"Brando10252"
"254","Brandon Hire Station","Brandon Hire Station","Wallasey","CH44 4DD","contact@ntuk.co.uk",,"$2y$10$zYV/S.Gq.fP8mXPJm5fPzuazzHfGz3VA1rAglVnuNIt8IwKagp7ku","53.411993","-3.045279",,,,"Brando10253"
"255","Brandon Hire Station","Brandon Hire Station","Ellesmere Port","CH65 8AX","contact@ntuk.co.uk",,"$2y$10$zYV/S.Gq.fP8mXPJm5fPzuazzHfGz3VA1rAglVnuNIt8IwKagp7ku","53.281758","-2.898843",,,,"Brando10254"
"256","Brandon Hire Station","Brandon Hire Station","Ellesmere Port","CH65 8AX","contact@ntuk.co.uk",,"$2y$10$zYV/S.Gq.fP8mXPJm5fPzuazzHfGz3VA1rAglVnuNIt8IwKagp7ku","53.281758","-2.898843",,,,"Brando10255"
"257","Brandon Hire Station","Brandon Hire Station","Chelmsford","CM1 3BU","contact@ntuk.co.uk",,"$2y$10$zYV/S.Gq.fP8mXPJm5fPzuazzHfGz3VA1rAglVnuNIt8IwKagp7ku","51.72677","0.451656",,,,"Brando10256"
"258","Brandon Hire Station","Brandon Hire Station","Colchester","CO3 0NR","contact@ntuk.co.uk",,"$2y$10$zYV/S.Gq.fP8mXPJm5fPzuazzHfGz3VA1rAglVnuNIt8IwKagp7ku","51.888308","0.842138",,,,"Brando10257"
"259","Brandon Hire Station","Brandon Hire Station","Croydon","CR0 4RR","contact@ntuk.co.uk",,"$2y$10$zYV/S.Gq.fP8mXPJm5fPzuazzHfGz3VA1rAglVnuNIt8IwKagp7ku","51.357179","-0.120584",,,,"Brando10258"
"260","Brandon Hire Station","Brandon Hire Station","Dover","CT17 0UF","contact@ntuk.co.uk",,"$2y$10$zYV/S.Gq.fP8mXPJm5fPzuazzHfGz3VA1rAglVnuNIt8IwKagp7ku","51.131834","1.276553",,,,"Brando10259"
"261","Brandon Hire Station","Brandon Hire Station","Margate","CT9 2SU","contact@ntuk.co.uk",,"$2y$10$zYV/S.Gq.fP8mXPJm5fPzuazzHfGz3VA1rAglVnuNIt8IwKagp7ku","51.382543","1.391197",,,,"Brando10260"
"262","Brandon Hire Station","Brandon Hire Station","Margate","CT9 2SU","contact@ntuk.co.uk",,"$2y$10$zYV/S.Gq.fP8mXPJm5fPzuazzHfGz3VA1rAglVnuNIt8IwKagp7ku","51.382543","1.391197",,,,"Brando10261"
"263","Brandon Hire Station","Brandon Hire Station","Coventry - Kingfield Road","CV1 4DW","contact@ntuk.co.uk",,"$2y$10$zYV/S.Gq.fP8mXPJm5fPzuazzHfGz3VA1rAglVnuNIt8IwKagp7ku","52.423285","-1.508595",,,,"Brando10262"
"264","Brandon Hire Station","Brandon Hire Station","Rugby","CV21 3UR","contact@ntuk.co.uk",,"$2y$10$zYV/S.Gq.fP8mXPJm5fPzuazzHfGz3VA1rAglVnuNIt8IwKagp7ku","52.368789","-1.243256",,,,"Brando10263"
"265","Brandon Hire Station","Brandon Hire Station","Coventry - Foleshill","CV6 5AH","contact@ntuk.co.uk",,"$2y$10$zYV/S.Gq.fP8mXPJm5fPzuazzHfGz3VA1rAglVnuNIt8IwKagp7ku","52.425287","-1.501514",,,,"Brando10264"
"266","Brandon Hire Station","Brandon Hire Station","Northfleet","DA11 8HB","contact@ntuk.co.uk",,"$2y$10$zYV/S.Gq.fP8mXPJm5fPzuazzHfGz3VA1rAglVnuNIt8IwKagp7ku","51.434229","0.33229",,,,"Brando10265"
"267","Brandon Hire Station","Brandon Hire Station","Derby","DE21 4AE","contact@ntuk.co.uk",,"$2y$10$zYV/S.Gq.fP8mXPJm5fPzuazzHfGz3VA1rAglVnuNIt8IwKagp7ku","52.937932","-1.469399",,,,"Brando10266"
"268","Brandon Hire Station","Brandon Hire Station","Derby","DE21 4AE","contact@ntuk.co.uk",,"$2y$10$zYV/S.Gq.fP8mXPJm5fPzuazzHfGz3VA1rAglVnuNIt8IwKagp7ku","52.937932","-1.469399",,,,"Brando10267"
"269","Brandon Hire Station","Brandon Hire Station","Alfreton","DE55 7GR","contact@ntuk.co.uk",,"$2y$10$zYV/S.Gq.fP8mXPJm5fPzuazzHfGz3VA1rAglVnuNIt8IwKagp7ku","53.096078","-1.379676",,,,"Brando10268"
"270","Brandon Hire Station","Brandon Hire Station","Grimsby","DN31 1SF","contact@ntuk.co.uk",,"$2y$10$zYV/S.Gq.fP8mXPJm5fPzuazzHfGz3VA1rAglVnuNIt8IwKagp7ku","53.57274","-0.086428",,,,"Brando10269"
"271","Brandon Hire Station","Brandon Hire Station","Grimsby","DN31 1SF","contact@ntuk.co.uk",,"$2y$10$zYV/S.Gq.fP8mXPJm5fPzuazzHfGz3VA1rAglVnuNIt8IwKagp7ku","53.57274","-0.086428",,,,"Brando10270"
"272","Brandon Hire Station","Brandon Hire Station","Blandford Forum","DT11 7TB","contact@ntuk.co.uk",,"$2y$10$zYV/S.Gq.fP8mXPJm5fPzuazzHfGz3VA1rAglVnuNIt8IwKagp7ku","50.869273","-2.156737",,,,"Brando10271"
"273","Brandon Hire Station","Brandon Hire Station","Weymouth","DT4 9TJ","contact@ntuk.co.uk",,"$2y$10$zYV/S.Gq.fP8mXPJm5fPzuazzHfGz3VA1rAglVnuNIt8IwKagp7ku","50.613697","-2.491223",,,,"Brando10272"
"274","Brandon Hire Station","Brandon Hire Station","Canning Town","E16 4SA","contact@ntuk.co.uk",,"$2y$10$zYV/S.Gq.fP8mXPJm5fPzuazzHfGz3VA1rAglVnuNIt8IwKagp7ku","51.518972","0.003918",,,,"Brando10273"
"275","Brandon Hire Station","Brandon Hire Station","Edinburgh","EH11 4DW","contact@ntuk.co.uk",,"$2y$10$zYV/S.Gq.fP8mXPJm5fPzuazzHfGz3VA1rAglVnuNIt8IwKagp7ku","55.925018","-3.303178",,,,"Brando10274"
"276","Brandon Hire Station","Brandon Hire Station","Edinburgh","EH11 4DW","contact@ntuk.co.uk",,"$2y$10$zYV/S.Gq.fP8mXPJm5fPzuazzHfGz3VA1rAglVnuNIt8IwKagp7ku","55.925018","-3.303178",,,,"Brando10275"
"277","Brandon Hire Station","Brandon Hire Station","Exeter - Trusham Road","EX2 8QG","contact@ntuk.co.uk",,"$2y$10$zYV/S.Gq.fP8mXPJm5fPzuazzHfGz3VA1rAglVnuNIt8IwKagp7ku","50.705432","-3.528936",,,,"Brando10276"
"278","Brandon Hire Station","Brandon Hire Station","Barnstaple","EX32 8PA","contact@ntuk.co.uk",,"$2y$10$zYV/S.Gq.fP8mXPJm5fPzuazzHfGz3VA1rAglVnuNIt8IwKagp7ku","51.07211","-4.023322",,,,"Brando10277"
"279","Brandon Hire Station","Brandon Hire Station","Exmouth","EX8 4NP","contact@ntuk.co.uk",,"$2y$10$zYV/S.Gq.fP8mXPJm5fPzuazzHfGz3VA1rAglVnuNIt8IwKagp7ku","50.631944","-3.398964",,,,"Brando10278"
"280","Brandon Hire Station","Brandon Hire Station","Gloucester","GL1 2SQ","contact@ntuk.co.uk",,"$2y$10$zYV/S.Gq.fP8mXPJm5fPzuazzHfGz3VA1rAglVnuNIt8IwKagp7ku","51.871565","-2.246043",,,,"Brando10279"
"281","Brandon Hire Station","Brandon Hire Station","Cheltenham","GL51 9PL","contact@ntuk.co.uk",,"$2y$10$zYV/S.Gq.fP8mXPJm5fPzuazzHfGz3VA1rAglVnuNIt8IwKagp7ku","51.916492","-2.099691",,,,"Brando10280"
"282","Brandon Hire Station","Brandon Hire Station","Guildford","GU1 1BA","contact@ntuk.co.uk",,"$2y$10$zYV/S.Gq.fP8mXPJm5fPzuazzHfGz3VA1rAglVnuNIt8IwKagp7ku","51.245551","-0.582998",,,,"Brando10281"
"283","Brandon Hire Station","Brandon Hire Station","Aldershot","GU12 4DN","contact@ntuk.co.uk",,"$2y$10$zYV/S.Gq.fP8mXPJm5fPzuazzHfGz3VA1rAglVnuNIt8IwKagp7ku","51.240828","-0.740928",,,,"Brando10282"
"284","Brandon Hire Station","Brandon Hire Station","Camberley","GU15 2QW","contact@ntuk.co.uk",,"$2y$10$zYV/S.Gq.fP8mXPJm5fPzuazzHfGz3VA1rAglVnuNIt8IwKagp7ku","51.325783","-0.756558",,,,"Brando10283"
"285","Brandon Hire Station","Brandon Hire Station","High Wycombe","HP12 3RS","contact@ntuk.co.uk",,"$2y$10$zYV/S.Gq.fP8mXPJm5fPzuazzHfGz3VA1rAglVnuNIt8IwKagp7ku","51.617566","-0.776464",,,,"Brando10284"
"286","Brandon Hire Station","Brandon Hire Station","High Wycombe","HP12 3RS","contact@ntuk.co.uk",,"$2y$10$zYV/S.Gq.fP8mXPJm5fPzuazzHfGz3VA1rAglVnuNIt8IwKagp7ku","51.617566","-0.776464",,,,"Brando10285"
"287","Brandon Hire Station","Brandon Hire Station","Ledbury","HR8 2HS","contact@ntuk.co.uk",,"$2y$10$zYV/S.Gq.fP8mXPJm5fPzuazzHfGz3VA1rAglVnuNIt8IwKagp7ku","52.028474","-2.435233",,,,"Brando10286"
"288","Brandon Hire Station","Brandon Hire Station","Hull","HU7 0XD","contact@ntuk.co.uk",,"$2y$10$zYV/S.Gq.fP8mXPJm5fPzuazzHfGz3VA1rAglVnuNIt8IwKagp7ku","53.774399","-0.328329",,,,"Brando10287"
"289","Brandon Hire Station","Brandon Hire Station","Hull","HU7 0XD","contact@ntuk.co.uk",,"$2y$10$zYV/S.Gq.fP8mXPJm5fPzuazzHfGz3VA1rAglVnuNIt8IwKagp7ku","53.774399","-0.328329",,,,"Brando10288"
"290","Brandon Hire Station","Brandon Hire Station","Ipswich","IP1 5AP","contact@ntuk.co.uk",,"$2y$10$zYV/S.Gq.fP8mXPJm5fPzuazzHfGz3VA1rAglVnuNIt8IwKagp7ku","52.06628","1.11176",,,,"Brando10289"
"291","Brandon Hire Station","Brandon Hire Station","Bury St Edmunds","IP32 7BX","contact@ntuk.co.uk",,"$2y$10$zYV/S.Gq.fP8mXPJm5fPzuazzHfGz3VA1rAglVnuNIt8IwKagp7ku","52.240887","0.74699",,,,"Brando10290"
"292","Brandon Hire Station","Brandon Hire Station","Bury St Edmunds","IP32 7BX","contact@ntuk.co.uk",,"$2y$10$zYV/S.Gq.fP8mXPJm5fPzuazzHfGz3VA1rAglVnuNIt8IwKagp7ku","52.240887","0.74699",,,,"Brando10291"
"293","Brandon Hire Station","Brandon Hire Station","Inverness","IV1 1SY","contact@ntuk.co.uk",,"$2y$10$zYV/S.Gq.fP8mXPJm5fPzuazzHfGz3VA1rAglVnuNIt8IwKagp7ku","57.484698","-4.221069",,,,"Brando10292"
"294","Brandon Hire Station","Brandon Hire Station","Leatherhead","KT22 7UE","contact@ntuk.co.uk",,"$2y$10$zYV/S.Gq.fP8mXPJm5fPzuazzHfGz3VA1rAglVnuNIt8IwKagp7ku","51.300784","-0.331855",,,,"Brando10293"
"295","Brandon Hire Station","Brandon Hire Station","Surbiton","KT6 5NJ","contact@ntuk.co.uk",,"$2y$10$zYV/S.Gq.fP8mXPJm5fPzuazzHfGz3VA1rAglVnuNIt8IwKagp7ku","51.392891","-0.313372",,,,"Brando10294"
"296","Brandon Hire Station","Brandon Hire Station","Liverpool","L20 2AE","contact@ntuk.co.uk",,"$2y$10$zYV/S.Gq.fP8mXPJm5fPzuazzHfGz3VA1rAglVnuNIt8IwKagp7ku","53.438795","-2.987542",,,,"Brando10295"
"297","Brandon Hire Station","Brandon Hire Station","Liverpool","L20 2AE","contact@ntuk.co.uk",,"$2y$10$zYV/S.Gq.fP8mXPJm5fPzuazzHfGz3VA1rAglVnuNIt8IwKagp7ku","53.438795","-2.987542",,,,"Brando10296"
"298","Brandon Hire Station","Brandon Hire Station","Melton Mowbray","LE13 0DG","contact@ntuk.co.uk",,"$2y$10$zYV/S.Gq.fP8mXPJm5fPzuazzHfGz3VA1rAglVnuNIt8IwKagp7ku","52.752598","-0.908265",,,,"Brando10297"
"299","Brandon Hire Station","Brandon Hire Station","Melton Mowbray","LE13 0DG","contact@ntuk.co.uk",,"$2y$10$zYV/S.Gq.fP8mXPJm5fPzuazzHfGz3VA1rAglVnuNIt8IwKagp7ku","52.752598","-0.908265",,,,"Brando10298"
"300","Brandon Hire Station","Brandon Hire Station","Leicester - South Wigston","LE18 4TP","contact@ntuk.co.uk",,"$2y$10$zYV/S.Gq.fP8mXPJm5fPzuazzHfGz3VA1rAglVnuNIt8IwKagp7ku","52.58065","-1.139141",,,,"Brando10299"
"301","Brandon Hire Station","Brandon Hire Station","Leicester - South Wigston","LE18 4TP","contact@ntuk.co.uk",,"$2y$10$zYV/S.Gq.fP8mXPJm5fPzuazzHfGz3VA1rAglVnuNIt8IwKagp7ku","52.58065","-1.139141",,,,"Brando10300"
"302","Brandon Hire Station","Brandon Hire Station","Leicester - Braunstone","LE3 2FD","contact@ntuk.co.uk",,"$2y$10$zYV/S.Gq.fP8mXPJm5fPzuazzHfGz3VA1rAglVnuNIt8IwKagp7ku","52.610749","-1.165562",,,,"Brando10301"
"303","Brandon Hire Station","Brandon Hire Station","Llandudno","LL30 1HH","contact@ntuk.co.uk",,"$2y$10$zYV/S.Gq.fP8mXPJm5fPzuazzHfGz3VA1rAglVnuNIt8IwKagp7ku","53.316484","-3.831586",,,,"Brando10302"
"304","Brandon Hire Station","Brandon Hire Station","Llandudno","LL30 1HH","contact@ntuk.co.uk",,"$2y$10$zYV/S.Gq.fP8mXPJm5fPzuazzHfGz3VA1rAglVnuNIt8IwKagp7ku","53.316484","-3.831586",,,,"Brando10303"
"305","Brandon Hire Station","Brandon Hire Station","Anglesey","LL60 6DN","contact@ntuk.co.uk",,"$2y$10$zYV/S.Gq.fP8mXPJm5fPzuazzHfGz3VA1rAglVnuNIt8IwKagp7ku","53.219485","-4.269089",,,,"Brando10304"
"306","Brandon Hire Station","Brandon Hire Station","Leeds - Elland Road","LS11 0EY","contact@ntuk.co.uk",,"$2y$10$zYV/S.Gq.fP8mXPJm5fPzuazzHfGz3VA1rAglVnuNIt8IwKagp7ku","53.774556","-1.579904",,,,"Brando10305"
"307","Brandon Hire Station","Brandon Hire Station","Luton","LU5 4LR","contact@ntuk.co.uk",,"$2y$10$zYV/S.Gq.fP8mXPJm5fPzuazzHfGz3VA1rAglVnuNIt8IwKagp7ku","51.889851","-0.491577",,,,"Brando10306"
"308","Brandon Hire Station","Brandon Hire Station","Manchester","M17 1QR","contact@ntuk.co.uk",,"$2y$10$zYV/S.Gq.fP8mXPJm5fPzuazzHfGz3VA1rAglVnuNIt8IwKagp7ku","53.467093","-2.324444",,,,"Brando10307"
"309","Brandon Hire Station","Brandon Hire Station","Manchester","M17 1QR","contact@ntuk.co.uk",,"$2y$10$zYV/S.Gq.fP8mXPJm5fPzuazzHfGz3VA1rAglVnuNIt8IwKagp7ku","53.467093","-2.324444",,,,"Brando10308"
"310","Brandon Hire Station","Brandon Hire Station","Salford","M50 1AY","contact@ntuk.co.uk",,"$2y$10$zYV/S.Gq.fP8mXPJm5fPzuazzHfGz3VA1rAglVnuNIt8IwKagp7ku","53.483601","-2.322566",,,,"Brando10309"
"311","Brandon Hire Station","Brandon Hire Station","Salford","M50 1AY","contact@ntuk.co.uk",,"$2y$10$zYV/S.Gq.fP8mXPJm5fPzuazzHfGz3VA1rAglVnuNIt8IwKagp7ku","53.483601","-2.322566",,,,"Brando10310"
"312","Brandon Hire Station","Brandon Hire Station","Maidstone - Wheeler Street","ME14 2UL","contact@ntuk.co.uk",,"$2y$10$zYV/S.Gq.fP8mXPJm5fPzuazzHfGz3VA1rAglVnuNIt8IwKagp7ku","51.278915","0.52722",,,,"Brando10311"
"313","Brandon Hire Station","Brandon Hire Station","Strood","ME2 2AU","contact@ntuk.co.uk",,"$2y$10$zYV/S.Gq.fP8mXPJm5fPzuazzHfGz3VA1rAglVnuNIt8IwKagp7ku","51.393242","0.491123",,,,"Brando10312"
"314","Brandon Hire Station","Brandon Hire Station","Strood","ME2 2AU","contact@ntuk.co.uk",,"$2y$10$zYV/S.Gq.fP8mXPJm5fPzuazzHfGz3VA1rAglVnuNIt8IwKagp7ku","51.393242","0.491123",,,,"Brando10313"
"315","Brandon Hire Station","Brandon Hire Station","Gillingham","ME7 5JS","contact@ntuk.co.uk",,"$2y$10$zYV/S.Gq.fP8mXPJm5fPzuazzHfGz3VA1rAglVnuNIt8IwKagp7ku","51.3765805","0.5511057",,,"9/1/2021 12:02:01","Brando10314"
"316","Brandon Hire Station","Brandon Hire Station","Bedford","MK42 9SU","contact@ntuk.co.uk",,"$2y$10$zYV/S.Gq.fP8mXPJm5fPzuazzHfGz3VA1rAglVnuNIt8IwKagp7ku","52.120618","-0.457712",,,,"Brando10315"
"317","Brandon Hire Station","Brandon Hire Station","Kings Cross","N7 9BH","contact@ntuk.co.uk",,"$2y$10$zYV/S.Gq.fP8mXPJm5fPzuazzHfGz3VA1rAglVnuNIt8IwKagp7ku","51.544879","-0.118744",,,,"Brando10316"
"318","Brandon Hire Station","Brandon Hire Station","Gateshead","NE11 0JS","contact@ntuk.co.uk",,"$2y$10$zYV/S.Gq.fP8mXPJm5fPzuazzHfGz3VA1rAglVnuNIt8IwKagp7ku","54.936848","-1.622465",,,,"Brando10317"
"319","Brandon Hire Station","Brandon Hire Station","Newcastle","NE6 4LT","contact@ntuk.co.uk",,"$2y$10$zYV/S.Gq.fP8mXPJm5fPzuazzHfGz3VA1rAglVnuNIt8IwKagp7ku","54.980663","-1.538414",,,,"Brando10318"
"320","Brandon Hire Station","Brandon Hire Station","Newcastle","NE6 4LT","contact@ntuk.co.uk",,"$2y$10$zYV/S.Gq.fP8mXPJm5fPzuazzHfGz3VA1rAglVnuNIt8IwKagp7ku","54.980663","-1.538414",,,,"Brando10319"
"321","Brandon Hire Station","Brandon Hire Station","Huthwaite","NG17 2HU","contact@ntuk.co.uk",,"$2y$10$zYV/S.Gq.fP8mXPJm5fPzuazzHfGz3VA1rAglVnuNIt8IwKagp7ku","53.122838","-1.309312",,,,"Brando10320"
"322","Brandon Hire Station","Brandon Hire Station","Mansfield","NG18 2JL","contact@ntuk.co.uk",,"$2y$10$zYV/S.Gq.fP8mXPJm5fPzuazzHfGz3VA1rAglVnuNIt8IwKagp7ku","53.141966","-1.186746",,,,"Brando10321"
"323","Brandon Hire Station","Brandon Hire Station","Nottingham - Salisbury Square","NG7 2AB","contact@ntuk.co.uk",,"$2y$10$zYV/S.Gq.fP8mXPJm5fPzuazzHfGz3VA1rAglVnuNIt8IwKagp7ku","52.954343","-1.179179",,,,"Brando10322"
"324","Brandon Hire Station","Brandon Hire Station","Nottingham - Radford","NG7 4FX","contact@ntuk.co.uk",,"$2y$10$zYV/S.Gq.fP8mXPJm5fPzuazzHfGz3VA1rAglVnuNIt8IwKagp7ku","52.96009","-1.165434",,,,"Brando10323"
"325","Brandon Hire Station","Brandon Hire Station","Nottingham - Radford","NG7 4FX","contact@ntuk.co.uk",,"$2y$10$zYV/S.Gq.fP8mXPJm5fPzuazzHfGz3VA1rAglVnuNIt8IwKagp7ku","52.96009","-1.165434",,,,"Brando10324"
"326","Brandon Hire Station","Brandon Hire Station","Northampton","NN3 6AX","contact@ntuk.co.uk",,"$2y$10$zYV/S.Gq.fP8mXPJm5fPzuazzHfGz3VA1rAglVnuNIt8IwKagp7ku","52.279402","-0.875793",,,,"Brando10325"
"327","Brandon Hire Station","Brandon Hire Station","Newport","NP19 0WB","contact@ntuk.co.uk",,"$2y$10$zYV/S.Gq.fP8mXPJm5fPzuazzHfGz3VA1rAglVnuNIt8IwKagp7ku","51.589127","-2.978365",,,,"Brando10326"
"328","Brandon Hire Station","Brandon Hire Station","Norwich","NR6 6NG","contact@ntuk.co.uk",,"$2y$10$zYV/S.Gq.fP8mXPJm5fPzuazzHfGz3VA1rAglVnuNIt8IwKagp7ku","52.664371","1.279529",,,,"Brando10327"
"329","Brandon Hire Station","Brandon Hire Station","Willesden","NW10 2XA","contact@ntuk.co.uk",,"$2y$10$zYV/S.Gq.fP8mXPJm5fPzuazzHfGz3VA1rAglVnuNIt8IwKagp7ku","51.55013","-0.245211",,,,"Brando10328"
"330","Brandon Hire Station","Brandon Hire Station","West Hampstead","NW6 1NF","contact@ntuk.co.uk",,"$2y$10$zYV/S.Gq.fP8mXPJm5fPzuazzHfGz3VA1rAglVnuNIt8IwKagp7ku","51.551601","-0.198103",,,,"Brando10329"
"331","Brandon Hire Station","Brandon Hire Station","Oxford","OX5 1LA","contact@ntuk.co.uk",,"$2y$10$zYV/S.Gq.fP8mXPJm5fPzuazzHfGz3VA1rAglVnuNIt8IwKagp7ku","51.829168","-1.300406",,,,"Brando10330"
"332","Brandon Hire Station","Brandon Hire Station","Greenock","PA15 2TQ","contact@ntuk.co.uk",,"$2y$10$zYV/S.Gq.fP8mXPJm5fPzuazzHfGz3VA1rAglVnuNIt8IwKagp7ku","55.942679","-4.728741",,,,"Brando10331"
"333","Brandon Hire Station","Brandon Hire Station","Peterborough","PE3 7PR","contact@ntuk.co.uk",,"$2y$10$zYV/S.Gq.fP8mXPJm5fPzuazzHfGz3VA1rAglVnuNIt8IwKagp7ku","52.587398","-0.264399",,,,"Brando10332"
"334","Brandon Hire Station","Brandon Hire Station","Kings Lynn","PE30 4JQ","contact@ntuk.co.uk",,"$2y$10$zYV/S.Gq.fP8mXPJm5fPzuazzHfGz3VA1rAglVnuNIt8IwKagp7ku","52.732302","0.411204",,,,"Brando10333"
"335","Brandon Hire Station","Brandon Hire Station","Saltash","PL12 6LX","contact@ntuk.co.uk",,"$2y$10$zYV/S.Gq.fP8mXPJm5fPzuazzHfGz3VA1rAglVnuNIt8IwKagp7ku","50.41768","-4.237818",,,,"Brando10334"
"336","Brandon Hire Station","Brandon Hire Station","Saint Austell","PL25 3RF","contact@ntuk.co.uk",,"$2y$10$zYV/S.Gq.fP8mXPJm5fPzuazzHfGz3VA1rAglVnuNIt8IwKagp7ku","50.343571","-4.737574",,,,"Brando10335"
"337","Brandon Hire Station","Brandon Hire Station","Bodmin","PL31 1DQ","contact@ntuk.co.uk",,"$2y$10$zYV/S.Gq.fP8mXPJm5fPzuazzHfGz3VA1rAglVnuNIt8IwKagp7ku","50.458513","-4.708672",,,,"Brando10336"
"338","Brandon Hire Station","Brandon Hire Station","Plymouth - Sutton Road","PL4 0HN","contact@ntuk.co.uk",,"$2y$10$zYV/S.Gq.fP8mXPJm5fPzuazzHfGz3VA1rAglVnuNIt8IwKagp7ku","50.369519","-4.129867",,,,"Brando10337"
"339","Brandon Hire Station","Brandon Hire Station","Plymouth - Brunswick Road","PL4 0NP","contact@ntuk.co.uk",,"$2y$10$zYV/S.Gq.fP8mXPJm5fPzuazzHfGz3VA1rAglVnuNIt8IwKagp7ku","50.369653","-4.125528",,,,"Brando10338"
"340","Brandon Hire Station","Brandon Hire Station","Plymouth - Brunswick Road","PL4 0NP","contact@ntuk.co.uk",,"$2y$10$zYV/S.Gq.fP8mXPJm5fPzuazzHfGz3VA1rAglVnuNIt8IwKagp7ku","50.369653","-4.125528",,,,"Brando10339"
"341","Brandon Hire Station","Brandon Hire Station","Plympton","PL7 4BA","contact@ntuk.co.uk",,"$2y$10$zYV/S.Gq.fP8mXPJm5fPzuazzHfGz3VA1rAglVnuNIt8IwKagp7ku","50.393609","-4.045036",,,,"Brando10340"
"342","Brandon Hire Station","Brandon Hire Station","Bognor Regis","PO22 9GH","contact@ntuk.co.uk",,"$2y$10$zYV/S.Gq.fP8mXPJm5fPzuazzHfGz3VA1rAglVnuNIt8IwKagp7ku","50.797274","-0.666454",,,,"Brando10341"
"343","Brandon Hire Station","Brandon Hire Station","Portsmouth","PO3 5LA","contact@ntuk.co.uk",,"$2y$10$zYV/S.Gq.fP8mXPJm5fPzuazzHfGz3VA1rAglVnuNIt8IwKagp7ku","50.831523","-1.069141",,,,"Brando10342"
"344","Brandon Hire Station","Brandon Hire Station","Preston","PR1 7NH","contact@ntuk.co.uk",,"$2y$10$zYV/S.Gq.fP8mXPJm5fPzuazzHfGz3VA1rAglVnuNIt8IwKagp7ku","53.771708","-2.715372",,,,"Brando10343"
"345","Brandon Hire Station","Brandon Hire Station","Preston","PR1 7NH","contact@ntuk.co.uk",,"$2y$10$zYV/S.Gq.fP8mXPJm5fPzuazzHfGz3VA1rAglVnuNIt8IwKagp7ku","53.771708","-2.715372",,,,"Brando10344"
"346","Brandon Hire Station","Brandon Hire Station","Reading","RG1 8EQ","contact@ntuk.co.uk",,"$2y$10$zYV/S.Gq.fP8mXPJm5fPzuazzHfGz3VA1rAglVnuNIt8IwKagp7ku","51.463673","-0.984925",,,,"Brando10345"
"347","Brandon Hire Station","Brandon Hire Station","Reading","RG1 8EQ","contact@ntuk.co.uk",,"$2y$10$zYV/S.Gq.fP8mXPJm5fPzuazzHfGz3VA1rAglVnuNIt8IwKagp7ku","51.463673","-0.984925",,,,"Brando10346"
"348","Brandon Hire Station","Brandon Hire Station","Basingstoke","RG21 6XE","contact@ntuk.co.uk",,"$2y$10$zYV/S.Gq.fP8mXPJm5fPzuazzHfGz3VA1rAglVnuNIt8IwKagp7ku","51.273553","-1.103604",,,,"Brando10347"
"349","Brandon Hire Station","Brandon Hire Station","Gatwick","RH10 9NX","contact@ntuk.co.uk",,"$2y$10$zYV/S.Gq.fP8mXPJm5fPzuazzHfGz3VA1rAglVnuNIt8IwKagp7ku","51.136821","-0.170743",,,,"Brando10348"
"350","Brandon Hire Station","Brandon Hire Station","Rainham","RM13 8RS","contact@ntuk.co.uk",,"$2y$10$zYV/S.Gq.fP8mXPJm5fPzuazzHfGz3VA1rAglVnuNIt8IwKagp7ku","51.523237","0.177338",,,,"Brando10349"
"351","Brandon Hire Station","Brandon Hire Station","Sheffield - St. Mary's Road","S2 4AW","contact@ntuk.co.uk",,"$2y$10$zYV/S.Gq.fP8mXPJm5fPzuazzHfGz3VA1rAglVnuNIt8IwKagp7ku","53.373531","-1.467175",,,,"Brando10350"
"352","Brandon Hire Station","Brandon Hire Station","Sheffield - St. Mary's Road","S2 4AW","contact@ntuk.co.uk",,"$2y$10$zYV/S.Gq.fP8mXPJm5fPzuazzHfGz3VA1rAglVnuNIt8IwKagp7ku","53.373531","-1.467175",,,,"Brando10351"
"353","Brandon Hire Station","Brandon Hire Station","Sheffield - St. Mary's Road","S2 4AW","contact@ntuk.co.uk",,"$2y$10$zYV/S.Gq.fP8mXPJm5fPzuazzHfGz3VA1rAglVnuNIt8IwKagp7ku","53.373531","-1.467175",,,,"Brando10352"
"354","Brandon Hire Station","Brandon Hire Station","Chesterfield","S41 7LG","contact@ntuk.co.uk",,"$2y$10$zYV/S.Gq.fP8mXPJm5fPzuazzHfGz3VA1rAglVnuNIt8IwKagp7ku","53.248188","-1.420296",,,,"Brando10353"
"355","Brandon Hire Station","Brandon Hire Station","Barnsley","S70 1TW","contact@ntuk.co.uk",,"$2y$10$zYV/S.Gq.fP8mXPJm5fPzuazzHfGz3VA1rAglVnuNIt8IwKagp7ku","53.549476","-1.473798",,,,"Brando10354"
"356","Brandon Hire Station","Brandon Hire Station","Barnsley","S70 1TW","contact@ntuk.co.uk",,"$2y$10$zYV/S.Gq.fP8mXPJm5fPzuazzHfGz3VA1rAglVnuNIt8IwKagp7ku","53.549476","-1.473798",,,,"Brando10355"
"357","Brandon Hire Station","Brandon Hire Station","Sheffield - Attercliffe","S9 3QN","contact@ntuk.co.uk",,"$2y$10$zYV/S.Gq.fP8mXPJm5fPzuazzHfGz3VA1rAglVnuNIt8IwKagp7ku","53.390846","-1.440284",,,,"Brando10356"
"358","Brandon Hire Station","Brandon Hire Station","Port Talbot","SA12 6LF","contact@ntuk.co.uk",,"$2y$10$zYV/S.Gq.fP8mXPJm5fPzuazzHfGz3VA1rAglVnuNIt8IwKagp7ku","51.594829","-3.789507",,,,"Brando10357"
"359","Brandon Hire Station","Brandon Hire Station","Narberth","SA67 8RE","contact@ntuk.co.uk",,"$2y$10$zYV/S.Gq.fP8mXPJm5fPzuazzHfGz3VA1rAglVnuNIt8IwKagp7ku","51.788921","-4.741293",,,,"Brando10358"
"360","Brandon Hire Station","Brandon Hire Station","Swansea - Llansamlet","SA7 9AG","contact@ntuk.co.uk",,"$2y$10$zYV/S.Gq.fP8mXPJm5fPzuazzHfGz3VA1rAglVnuNIt8IwKagp7ku","51.66205","-3.906397",,,,"Brando10359"
"361","Brandon Hire Station","Brandon Hire Station","Swansea - Enterprise Park","SA7 9AH","contact@ntuk.co.uk",,"$2y$10$zYV/S.Gq.fP8mXPJm5fPzuazzHfGz3VA1rAglVnuNIt8IwKagp7ku","51.659123","-3.905016",,,,"Brando10360"
"362","Brandon Hire Station","Brandon Hire Station","Tower Bridge","SE16 4DG","contact@ntuk.co.uk",,"$2y$10$zYV/S.Gq.fP8mXPJm5fPzuazzHfGz3VA1rAglVnuNIt8IwKagp7ku","51.493666","-0.062899",,,,"Brando10361"
"363","Brandon Hire Station","Brandon Hire Station","Macclesfield","SK10 2DH","contact@ntuk.co.uk",,"$2y$10$zYV/S.Gq.fP8mXPJm5fPzuazzHfGz3VA1rAglVnuNIt8IwKagp7ku","53.27049","-2.118595",,,,"Brando10362"
"364","Brandon Hire Station","Brandon Hire Station","Macclesfield","SK10 2DH","contact@ntuk.co.uk",,"$2y$10$zYV/S.Gq.fP8mXPJm5fPzuazzHfGz3VA1rAglVnuNIt8IwKagp7ku","53.27049","-2.118595",,,,"Brando10363"
"365","Brandon Hire Station","Brandon Hire Station","Wallington","SM6 9AP","contact@ntuk.co.uk",,"$2y$10$zYV/S.Gq.fP8mXPJm5fPzuazzHfGz3VA1rAglVnuNIt8IwKagp7ku","51.358535","-0.143625",,,,"Brando10364"
"366","Brandon Hire Station","Brandon Hire Station","Southampton","SO15 3FE","contact@ntuk.co.uk",,"$2y$10$zYV/S.Gq.fP8mXPJm5fPzuazzHfGz3VA1rAglVnuNIt8IwKagp7ku","50.911859","-1.420169",,,,"Brando10365"
"367","Brandon Hire Station","Brandon Hire Station","Winchester","SO23 7FA","contact@ntuk.co.uk",,"$2y$10$zYV/S.Gq.fP8mXPJm5fPzuazzHfGz3VA1rAglVnuNIt8IwKagp7ku","51.069164","-1.295965",,,,"Brando10366"
"368","Brandon Hire Station","Brandon Hire Station","Chandlers Ford","SO53 4HZ","contact@ntuk.co.uk",,"$2y$10$zYV/S.Gq.fP8mXPJm5fPzuazzHfGz3VA1rAglVnuNIt8IwKagp7ku","50.979315","-1.394444",,,,"Brando10367"
"369","Brandon Hire Station","Brandon Hire Station","Andover","SP10 3AS","contact@ntuk.co.uk",,"$2y$10$zYV/S.Gq.fP8mXPJm5fPzuazzHfGz3VA1rAglVnuNIt8IwKagp7ku","51.206442","-1.497328",,,,"Brando10368"
"370","Brandon Hire Station","Brandon Hire Station","Andover","SP10 3AS","contact@ntuk.co.uk",,"$2y$10$zYV/S.Gq.fP8mXPJm5fPzuazzHfGz3VA1rAglVnuNIt8IwKagp7ku","51.206442","-1.497328",,,,"Brando10369"
"371","Brandon Hire Station","Brandon Hire Station","Sunderland","SR2 8BL","contact@ntuk.co.uk",,"$2y$10$zYV/S.Gq.fP8mXPJm5fPzuazzHfGz3VA1rAglVnuNIt8IwKagp7ku","54.902003","-1.368055",,,,"Brando10370"
"372","Brandon Hire Station","Brandon Hire Station","Sunderland","SR2 8BL","contact@ntuk.co.uk",,"$2y$10$zYV/S.Gq.fP8mXPJm5fPzuazzHfGz3VA1rAglVnuNIt8IwKagp7ku","54.902003","-1.368055",,,,"Brando10371"
"373","Brandon Hire Station","Brandon Hire Station","Sunderland","SR2 8BL","contact@ntuk.co.uk",,"$2y$10$zYV/S.Gq.fP8mXPJm5fPzuazzHfGz3VA1rAglVnuNIt8IwKagp7ku","54.902003","-1.368055",,,,"Brando10372"
"374","Brandon Hire Station","Brandon Hire Station","Stoke-On-Trent","ST4 2AG","contact@ntuk.co.uk",,"$2y$10$zYV/S.Gq.fP8mXPJm5fPzuazzHfGz3VA1rAglVnuNIt8IwKagp7ku","53.003721","-2.178749",,,,"Brando10373"
"375","Brandon Hire Station","Brandon Hire Station","Taunton","TA2 8DN","contact@ntuk.co.uk",,"$2y$10$zYV/S.Gq.fP8mXPJm5fPzuazzHfGz3VA1rAglVnuNIt8IwKagp7ku","51.027494","-3.088096",,,,"Brando10374"
"376","Brandon Hire Station","Brandon Hire Station","Bridgwater","TA6 4BH","contact@ntuk.co.uk",,"$2y$10$zYV/S.Gq.fP8mXPJm5fPzuazzHfGz3VA1rAglVnuNIt8IwKagp7ku","51.139172","-2.996137",,,,"Brando10375"
"377","Brandon Hire Station","Brandon Hire Station","Telford - Tweedale","TF7 4JR","contact@ntuk.co.uk",,"$2y$10$zYV/S.Gq.fP8mXPJm5fPzuazzHfGz3VA1rAglVnuNIt8IwKagp7ku","52.640905","-2.443093",,,,"Brando10376"
"378","Brandon Hire Station","Brandon Hire Station","Tonbridge - Events","TN9 1RS","contact@ntuk.co.uk",,"$2y$10$zYV/S.Gq.fP8mXPJm5fPzuazzHfGz3VA1rAglVnuNIt8IwKagp7ku","51.192401","0.279638",,,,"Brando10377"
"379","Brandon Hire Station","Brandon Hire Station","Torquay","TQ2 7AT","contact@ntuk.co.uk",,"$2y$10$zYV/S.Gq.fP8mXPJm5fPzuazzHfGz3VA1rAglVnuNIt8IwKagp7ku","50.481024","-3.546841",,,,"Brando10378"
"380","Brandon Hire Station","Brandon Hire Station","Truro","TR1 3PY","contact@ntuk.co.uk",,"$2y$10$zYV/S.Gq.fP8mXPJm5fPzuazzHfGz3VA1rAglVnuNIt8IwKagp7ku","50.261245","-5.07517",,,,"Brando10379"
"381","Brandon Hire Station","Brandon Hire Station","Redruth","TR15 3RQ","contact@ntuk.co.uk",,"$2y$10$zYV/S.Gq.fP8mXPJm5fPzuazzHfGz3VA1rAglVnuNIt8IwKagp7ku","50.227868","-5.251832",,,,"Brando10380"
"382","Brandon Hire Station","Brandon Hire Station","Penzance","TR20 8HX","contact@ntuk.co.uk",,"$2y$10$zYV/S.Gq.fP8mXPJm5fPzuazzHfGz3VA1rAglVnuNIt8IwKagp7ku","50.129733","-5.50528",,,,"Brando10381"
"383","Brandon Hire Station","Brandon Hire Station","Newquay","TR7 2SX","contact@ntuk.co.uk",,"$2y$10$zYV/S.Gq.fP8mXPJm5fPzuazzHfGz3VA1rAglVnuNIt8IwKagp7ku","50.404813","-5.061982",,,,"Brando10382"
"384","Brandon Hire Station","Brandon Hire Station","Middlesbrough","TS1 5JP","contact@ntuk.co.uk",,"$2y$10$zYV/S.Gq.fP8mXPJm5fPzuazzHfGz3VA1rAglVnuNIt8IwKagp7ku","54.575169","-1.247832",,,,"Brando10383"
"385","Brandon Hire Station","Brandon Hire Station","Middlesbrough","TS1 5JP","contact@ntuk.co.uk",,"$2y$10$zYV/S.Gq.fP8mXPJm5fPzuazzHfGz3VA1rAglVnuNIt8IwKagp7ku","54.575169","-1.247832",,,,"Brando10384"
"386","Brandon Hire Station","Brandon Hire Station","Heathrow","UB4 8EH","contact@ntuk.co.uk",,"$2y$10$zYV/S.Gq.fP8mXPJm5fPzuazzHfGz3VA1rAglVnuNIt8IwKagp7ku","51.525964","-0.431656",,,,"Brando10385"
"387","Brandon Hire Station","Brandon Hire Station","Greenford","UB6 8UN","contact@ntuk.co.uk",,"$2y$10$zYV/S.Gq.fP8mXPJm5fPzuazzHfGz3VA1rAglVnuNIt8IwKagp7ku","51.540891","-0.363771",,,,"Brando10386"
"388","Brandon Hire Station","Brandon Hire Station","Evesham","WR11 1GS","contact@ntuk.co.uk",,"$2y$10$zYV/S.Gq.fP8mXPJm5fPzuazzHfGz3VA1rAglVnuNIt8IwKagp7ku","52.073233","-1.933541",,,,"Brando10387"
"389","Brandon Hire Station","Brandon Hire Station","Worcester","WR3 8HR","contact@ntuk.co.uk",,"$2y$10$zYV/S.Gq.fP8mXPJm5fPzuazzHfGz3VA1rAglVnuNIt8IwKagp7ku","52.214611","-2.199329",,,,"Brando10388"
"390","Brandon Hire Station","Brandon Hire Station","Worcester","WR3 8HR","contact@ntuk.co.uk",,"$2y$10$zYV/S.Gq.fP8mXPJm5fPzuazzHfGz3VA1rAglVnuNIt8IwKagp7ku","52.214611","-2.199329",,,,"Brando10389"
"391","Brandon Hire Station","Brandon Hire Station","York","YO30 4WU","contact@ntuk.co.uk",,"$2y$10$zYV/S.Gq.fP8mXPJm5fPzuazzHfGz3VA1rAglVnuNIt8IwKagp7ku","53.98977","-1.098714",,,,"Brando10390"
"392","Brandon Hire Station","Brandon Hire Station ","Warrington","WA2 7UW","contact@ntuk.co.uk",,"$2y$10$zYV/S.Gq.fP8mXPJm5fPzuazzHfGz3VA1rAglVnuNIt8IwKagp7ku","53.393794","-2.59103",,,,"Brando10391"
"393","Brendon Powerwashers","Brendon Powerwashers","Hillsmoor","TA4 2TU","contact@ntuk.co.uk",,"$2y$10$zYV/S.Gq.fP8mXPJm5fPzuazzHfGz3VA1rAglVnuNIt8IwKagp7ku","51.040395","-3.306007",,,,"Brendo10392"
"394","Brian Dent Ltd","Brian Dent Ltd","Littlemoor Mill","BB7 1PW","contact@ntuk.co.uk",,"$2y$10$zYV/S.Gq.fP8mXPJm5fPzuazzHfGz3VA1rAglVnuNIt8IwKagp7ku","53.861664","-2.394149",,,,"BrianD10393"
"395","Broughton Plant Hire & Sales","Broughton Plant Hire & Sales","Unit 10 Trade City","RM3 8UJ","contact@ntuk.co.uk",,"$2y$10$zYV/S.Gq.fP8mXPJm5fPzuazzHfGz3VA1rAglVnuNIt8IwKagp7ku","51.596914","0.218243",,,,"Brough10394"
"396","BSS","BSS","Unit C1","GL4 3DB","contact@ntuk.co.uk",,"$2y$10$zYV/S.Gq.fP8mXPJm5fPzuazzHfGz3VA1rAglVnuNIt8IwKagp7ku","51.85766","-2.21684",,,,"BSS10395"
"397","BSS","BSS","Copenhagen Road","HU7 0YH","contact@ntuk.co.uk",,"$2y$10$zYV/S.Gq.fP8mXPJm5fPzuazzHfGz3VA1rAglVnuNIt8IwKagp7ku","53.77558","-0.33244",,,,"BSS10396"
"398","BSS Hire It","BSS Hire It","Buccaneer Way","LE17 4YZ","contact@ntuk.co.uk",,"$2y$10$zYV/S.Gq.fP8mXPJm5fPzuazzHfGz3VA1rAglVnuNIt8IwKagp7ku","52.457585","-1.246003",,,,"BSSHir10397"
"399","BTE Plant Sales Ltd.","BTE Plant Sales Ltd.","85 Ashby Road","LE67 9UA","contact@ntuk.co.uk",,"$2y$10$zYV/S.Gq.fP8mXPJm5fPzuazzHfGz3VA1rAglVnuNIt8IwKagp7ku","52.691689","-1.282917",,,,"BTEPla10398"
"400","Buildrite Trade and Supplies Ltd","Buildrite Trade and Supplies Ltd","Old Station Yard","DT3 5DZ","contact@ntuk.co.uk",,"$2y$10$zYV/S.Gq.fP8mXPJm5fPzuazzHfGz3VA1rAglVnuNIt8IwKagp7ku","50.650863","-2.472175",,,,"Buildr10399"
"401","Bullimore Plant Hire","Bullimore Plant Hire","Thistleton Lane","NG33 5QE","contact@ntuk.co.uk",,"$2y$10$zYV/S.Gq.fP8mXPJm5fPzuazzHfGz3VA1rAglVnuNIt8IwKagp7ku","52.761692","-0.630536",,,,"Bullim10400"
"402","Bullimore Plant Hire","Bullimore Plant Hire","11 Sketty Close","NN4 7PL","contact@ntuk.co.uk",,"$2y$10$zYV/S.Gq.fP8mXPJm5fPzuazzHfGz3VA1rAglVnuNIt8IwKagp7ku","52.21781","-0.858348",,,,"Bullim10401"
"403","Bullimore Plant Hire","Bullimore Plant Hire","Mays Road","PE10 9HT","contact@ntuk.co.uk",,"$2y$10$zYV/S.Gq.fP8mXPJm5fPzuazzHfGz3VA1rAglVnuNIt8IwKagp7ku","52.770004","-0.364022",,,,"Bullim10402"
"404","Bullimore Plant Hire","Bullimore Plant Hire","Foundry Way","PE19 8TR","contact@ntuk.co.uk",,"$2y$10$zYV/S.Gq.fP8mXPJm5fPzuazzHfGz3VA1rAglVnuNIt8IwKagp7ku","52.211226","-0.293925",,,,"Bullim10403"
"405","C J O' Shea (Plant Hire) Ltd","C J O' Shea (Plant Hire) Ltd","Station Road","AL4 0HF","contact@ntuk.co.uk",,"$2y$10$zYV/S.Gq.fP8mXPJm5fPzuazzHfGz3VA1rAglVnuNIt8IwKagp7ku","51.750491","-0.269879",,,,"CJOShe10404"
"406","C P Hire Ltd","C P Hire Ltd","M2 Business Park","BT3 9AR","contact@ntuk.co.uk",,"$2y$10$zYV/S.Gq.fP8mXPJm5fPzuazzHfGz3VA1rAglVnuNIt8IwKagp7ku","54.6195315","-5.9163649",,,"9/1/2021 12:02:01","CPHire10405"
"407","C P Hire Ltd","C P Hire Ltd","79 Halfway Road","BT32 4EZ","contact@ntuk.co.uk",,"$2y$10$zYV/S.Gq.fP8mXPJm5fPzuazzHfGz3VA1rAglVnuNIt8IwKagp7ku","54.3758307","-6.2000666",,,"9/1/2021 12:02:02","CPHire10406"
"408","C P Hire Ltd","C P Hire Ltd","168A Larne Road","BT42 3HA","contact@ntuk.co.uk",,"$2y$10$zYV/S.Gq.fP8mXPJm5fPzuazzHfGz3VA1rAglVnuNIt8IwKagp7ku","54.855526","-6.2592297",,,"9/1/2021 12:02:03","CPHire10407"
"409","C P Hire Ltd","C P Hire Ltd","Unit 9 Station Road Industrial Estate","BT45 5EY","contact@ntuk.co.uk",,"$2y$10$zYV/S.Gq.fP8mXPJm5fPzuazzHfGz3VA1rAglVnuNIt8IwKagp7ku","54.7618944","-6.5998972",,,"9/1/2021 12:02:03","CPHire10408"
"410","C P Hire Ltd","C P Hire Ltd","Campsie Industrial Estate","BT47 3DN","contact@ntuk.co.uk",,"$2y$10$zYV/S.Gq.fP8mXPJm5fPzuazzHfGz3VA1rAglVnuNIt8IwKagp7ku","55.030955","-7.203041",,,"9/1/2021 12:02:03","CPHire10409"
"411","C P Hire Ltd","C P Hire Ltd","102 Bushmills Road","BT52 2BT","contact@ntuk.co.uk",,"$2y$10$zYV/S.Gq.fP8mXPJm5fPzuazzHfGz3VA1rAglVnuNIt8IwKagp7ku","55.1380441","-6.6601383",,,"9/1/2021 12:02:04","CPHire10410"
"412","C P Hire Ltd","C P Hire Ltd","Tamnamore Road","BT71 6HW","contact@ntuk.co.uk",,"$2y$10$zYV/S.Gq.fP8mXPJm5fPzuazzHfGz3VA1rAglVnuNIt8IwKagp7ku","54.4937665","-6.6547472",,,"9/1/2021 12:02:05","CPHire10411"
"413","C&S Aspen Ltd t/as Aspen Contracts","C&S Aspen Ltd t/as Aspen Contracts","Sandchurch Lodge","IP28 8RF","contact@ntuk.co.uk",,"$2y$10$zYV/S.Gq.fP8mXPJm5fPzuazzHfGz3VA1rAglVnuNIt8IwKagp7ku","52.375725","0.444592",,,,"CSAspe10412"
"414","Cabins and Containers","Cabins and Containers","Chapel Road","A82 FP96","contact@ntuk.co.uk",,"$2y$10$zYV/S.Gq.fP8mXPJm5fPzuazzHfGz3VA1rAglVnuNIt8IwKagp7ku","53.7152016","-6.7736299",,,"9/1/2021 12:02:05","Cabins10413"
"415","Cambrian Power Tools","Cambrian Power Tools","Ffoshaulog","SY25 6QT","contact@ntuk.co.uk",,"$2y$10$zYV/S.Gq.fP8mXPJm5fPzuazzHfGz3VA1rAglVnuNIt8IwKagp7ku","52.213426","-3.961423",,,,"Cambri10414"
"416","Campbell Plant Hire Ltd","Campbell Plant Hire Ltd","17B Henderson Drive","IV1 1TR","contact@ntuk.co.uk",,"$2y$10$zYV/S.Gq.fP8mXPJm5fPzuazzHfGz3VA1rAglVnuNIt8IwKagp7ku","57.491102","-4.224795",,,,"Campbe10415"
"417","Canterbury Plant Hire","Canterbury Plant Hire","Broad Oak Road","CT2 7PX","contact@ntuk.co.uk",,"$2y$10$zYV/S.Gq.fP8mXPJm5fPzuazzHfGz3VA1rAglVnuNIt8IwKagp7ku","51.292784","1.092413",,,,"Canter10416"
"418","CanTrack","CanTrack","1A Shirwell Crescent","MK4 1GA","contact@ntuk.co.uk",,"$2y$10$zYV/S.Gq.fP8mXPJm5fPzuazzHfGz3VA1rAglVnuNIt8IwKagp7ku","52.016924","-0.768865",,,,"CanTra10417"
"419","Carroll Plant Ltd","Carroll Plant Ltd","Brookfield Drive","L9 7AJ","contact@ntuk.co.uk",,"$2y$10$zYV/S.Gq.fP8mXPJm5fPzuazzHfGz3VA1rAglVnuNIt8IwKagp7ku","53.459821","-2.946369",,,,"Carrol10418"
"420","Carver (Wolverhampton) Ltd","Carver (Wolverhampton) Ltd","Littles Lane","WV1 1JY","contact@ntuk.co.uk",,"$2y$10$zYV/S.Gq.fP8mXPJm5fPzuazzHfGz3VA1rAglVnuNIt8IwKagp7ku","52.589727","-2.123372",,,,"Carver10419"
"421","Casablanca Hire","Casablanca Hire","Unit 1a Kingsbury Works","NW9 8UP","contact@ntuk.co.uk",,"$2y$10$zYV/S.Gq.fP8mXPJm5fPzuazzHfGz3VA1rAglVnuNIt8IwKagp7ku","51.581975","-0.260539",,,,"Casabl10420"
"422","Caspian Group Ltd","Caspian Group Ltd","Caspian House","DN16 1DE","neilsheld@googlemail.com",,"$2y$10$zYV/S.Gq.fP8mXPJm5fPzuazzHfGz3VA1rAglVnuNIt8IwKagp7ku","53.577099","-0.628447",,,,"Caspia10421"
"423","Caspian Group Ltd","Caspian Group Ltd","Caspian Business Centre","DN32 7BN","contact@ntuk.co.uk",,"$2y$10$zYV/S.Gq.fP8mXPJm5fPzuazzHfGz3VA1rAglVnuNIt8IwKagp7ku","53.570304","-0.075785",,,,"Caspia10422"
"424","Castleford Hire Centre","Castleford Hire Centre","Hunt Street","WF10 1NS","contact@ntuk.co.uk",,"$2y$10$zYV/S.Gq.fP8mXPJm5fPzuazzHfGz3VA1rAglVnuNIt8IwKagp7ku","53.725025","-1.369203",,,,"Castle10423"
"425","CB Plant Hire SW Ltd","CB Plant Hire SW Ltd","5 Clyde Ave","BS31 1PZ","contact@ntuk.co.uk",,"$2y$10$zYV/S.Gq.fP8mXPJm5fPzuazzHfGz3VA1rAglVnuNIt8IwKagp7ku","51.406636","-2.49161",,,,"CBPlan10424"
"426","Centaur Fuel Management Ltd","Centaur Fuel Management Ltd","251 Manchester Road","M28 3HE","contact@ntuk.co.uk",,"$2y$10$zYV/S.Gq.fP8mXPJm5fPzuazzHfGz3VA1rAglVnuNIt8IwKagp7ku","53.522817","-2.38653",,,,"Centau10425"
"427","Central Plant Hire","Central Plant Hire","Holmbush Farm","RH12 4SE","contact@ntuk.co.uk",,"$2y$10$zYV/S.Gq.fP8mXPJm5fPzuazzHfGz3VA1rAglVnuNIt8IwKagp7ku","51.095122","-0.247152",,,,"Centra10426"
"428","Central Tool Hire Ltd","Central Tool Hire Ltd","Unit C11a The Albert","AL2 1DL","contact@ntuk.co.uk",,"$2y$10$zYV/S.Gq.fP8mXPJm5fPzuazzHfGz3VA1rAglVnuNIt8IwKagp7ku","51.730889","-0.307568",,,,"Centra10427"
"434","Champion Hire Ltd.","Champion Hire Ltd.","Churchill Rd","DN1 2TF","contact@ntuk.co.uk",,"$2y$10$zYV/S.Gq.fP8mXPJm5fPzuazzHfGz3VA1rAglVnuNIt8IwKagp7ku","53.535078","-1.125597",,,,"Champi10433"
"435","Champion Hire Ltd.","Champion Hire Ltd.","44 Knowsthorpe Lane","LS9 0PF","contact@ntuk.co.uk",,"$2y$10$zYV/S.Gq.fP8mXPJm5fPzuazzHfGz3VA1rAglVnuNIt8IwKagp7ku","53.784142","-1.514426",,,,"Champi10434"
"436","Champion Hire Ltd.","Champion Hire Ltd.","Bessell Lane","NG9 7BX","contact@ntuk.co.uk",,"$2y$10$zYV/S.Gq.fP8mXPJm5fPzuazzHfGz3VA1rAglVnuNIt8IwKagp7ku","52.920735","-1.281089",,,,"Champi10435"
"437","Champion Hire Ltd.","Champion Hire Ltd.","Brimington Road North","S41 9BE","contact@ntuk.co.uk",,"$2y$10$zYV/S.Gq.fP8mXPJm5fPzuazzHfGz3VA1rAglVnuNIt8IwKagp7ku","53.258743","-1.420603",,,,"Champi10436"
"438","Champion Hire Ltd.","Champion Hire Ltd.","323 Abbeydale Road","S7 1FS","contact@ntuk.co.uk",,"$2y$10$zYV/S.Gq.fP8mXPJm5fPzuazzHfGz3VA1rAglVnuNIt8IwKagp7ku","53.360003","-1.479334",,,,"Champi10437"
"439","Champion Hire Ltd.","Champion Hire Ltd.","2 Roman Ridge Road","S9 1XG","contact@ntuk.co.uk",,"$2y$10$zYV/S.Gq.fP8mXPJm5fPzuazzHfGz3VA1rAglVnuNIt8IwKagp7ku","53.416892","-1.416997",,,,"Champi10438"
"440","Champion Hire Ltd.","Champion Hire Ltd.","229 Carbrook Street","S9 2TE","contact@ntuk.co.uk",,"$2y$10$zYV/S.Gq.fP8mXPJm5fPzuazzHfGz3VA1rAglVnuNIt8IwKagp7ku","53.408393","-1.417895",,,,"Champi10439"
"441","Chase Plant Hire Ltd","Chase Plant Hire Ltd","Unit 1&2, Reaymer Close","WS2 7QZ","contact@ntuk.co.uk",,"$2y$10$zYV/S.Gq.fP8mXPJm5fPzuazzHfGz3VA1rAglVnuNIt8IwKagp7ku","52.60573","-2.00731",,,,"ChaseP10440"
"442","Chase Plant Hire Ltd","Chase Plant Hire Ltd","87 High Street","WS7 3XQ","contact@ntuk.co.uk",,"$2y$10$zYV/S.Gq.fP8mXPJm5fPzuazzHfGz3VA1rAglVnuNIt8IwKagp7ku","52.673018","-1.93428",,,,"ChaseP10441"
"443","Chem-Jet","Chem-Jet","c/o 23 Treeton Lane","S26 3XP","contact@ntuk.co.uk",,"$2y$10$zYV/S.Gq.fP8mXPJm5fPzuazzHfGz3VA1rAglVnuNIt8IwKagp7ku","53.37686","-1.320769",,,,"ChemJe10442"
"444","Cherry and White Hire","Cherry and White Hire","73 Brionne Way","GL2 0TN","contact@ntuk.co.uk",,"$2y$10$zYV/S.Gq.fP8mXPJm5fPzuazzHfGz3VA1rAglVnuNIt8IwKagp7ku","51.882533","-2.219473",,,,"Cherry10443"
"445","Chiltern Hire Centre Ltd","Chiltern Hire Centre Ltd","Units 15-17 Brunel Road","MK41 9TG","contact@ntuk.co.uk",,"$2y$10$zYV/S.Gq.fP8mXPJm5fPzuazzHfGz3VA1rAglVnuNIt8IwKagp7ku","52.135721","-0.436339",,,,"Chilte10444"
"446","Chippindale Plant Limited","Chippindale Plant Limited","View Larger Map Valley Road","BD21 4LY","contact@ntuk.co.uk",,"$2y$10$zYV/S.Gq.fP8mXPJm5fPzuazzHfGz3VA1rAglVnuNIt8IwKagp7ku","53.869268","-1.885177",,,,"Chippi10445"
"447","Chippindale Plant Limited","Chippindale Plant Limited","Unit 7A","DL9 4GA","contact@ntuk.co.uk",,"$2y$10$zYV/S.Gq.fP8mXPJm5fPzuazzHfGz3VA1rAglVnuNIt8IwKagp7ku","54.379224","-1.682758",,,,"Chippi10446"
"448","Chippindale Plant Limited","Chippindale Plant Limited","Hillhouse Lane","HD1 6JT","contact@ntuk.co.uk",,"$2y$10$zYV/S.Gq.fP8mXPJm5fPzuazzHfGz3VA1rAglVnuNIt8IwKagp7ku","53.656753","-1.780457",,,,"Chippi10447"
"449","Chippindale Plant Limited","Chippindale Plant Limited","Prima House","LS12 5PX","contact@ntuk.co.uk",,"$2y$10$zYV/S.Gq.fP8mXPJm5fPzuazzHfGz3VA1rAglVnuNIt8IwKagp7ku","53.788438","-1.610653",,,,"Chippi10448"
"450","Chippindale Plant Limited","Chippindale Plant Limited","Unit 5 Whickham Bank","NE16 3BP","contact@ntuk.co.uk",,"$2y$10$zYV/S.Gq.fP8mXPJm5fPzuazzHfGz3VA1rAglVnuNIt8IwKagp7ku","54.952665","-1.689722",,,,"Chippi10449"
"451","Chippindale Plant Limited","Chippindale Plant Limited","Unit 5, West Carr Road","S25 2JZ","contact@ntuk.co.uk",,"$2y$10$zYV/S.Gq.fP8mXPJm5fPzuazzHfGz3VA1rAglVnuNIt8IwKagp7ku","53.370009","-1.225921",,,,"Chippi10450"
"452","Chippindale Plant Limited","Chippindale Plant Limited","Omega Works","SK6 2SR","contact@ntuk.co.uk",,"$2y$10$zYV/S.Gq.fP8mXPJm5fPzuazzHfGz3VA1rAglVnuNIt8IwKagp7ku","53.431058","-2.123362",,,,"Chippi10451"
"453","Chippindale Plant Limited","Chippindale Plant Limited","Unit 17H Malton Road Industrial Estate","YO32 9TN","contact@ntuk.co.uk",,"$2y$10$zYV/S.Gq.fP8mXPJm5fPzuazzHfGz3VA1rAglVnuNIt8IwKagp7ku","54.001088","-1.013142",,,,"Chippi10452"
"454","Chisletts Spalding Ltd","Chisletts Spalding Ltd","Enterprise Way","PE11 3YR","contact@ntuk.co.uk",,"$2y$10$zYV/S.Gq.fP8mXPJm5fPzuazzHfGz3VA1rAglVnuNIt8IwKagp7ku","52.805202","-0.144663",,,,"Chisle10453"
"455","CJ Rust Plant Hire","CJ Rust Plant Hire","6 Manor Farm Cottages","PE32 1DS","contact@ntuk.co.uk",,"$2y$10$zYV/S.Gq.fP8mXPJm5fPzuazzHfGz3VA1rAglVnuNIt8IwKagp7ku","52.783912","0.545556",,,,"CJRust10454"
"456","CJS Safety Systems Ltd","CJS Safety Systems Ltd","Oakwood House","CV7 8FE","contact@ntuk.co.uk",,"$2y$10$zYV/S.Gq.fP8mXPJm5fPzuazzHfGz3VA1rAglVnuNIt8IwKagp7ku","52.501864","-1.575043",,,,"CJSSaf10455"
"457","Clacton Tool Hire Ltd","Clacton Tool Hire Ltd","66-68 Oxford Road","CO15 3TE","contact@ntuk.co.uk",,"$2y$10$zYV/S.Gq.fP8mXPJm5fPzuazzHfGz3VA1rAglVnuNIt8IwKagp7ku","51.797772","1.157024",,,,"Clacto10456"
"458","CLM Construction Supplies","CLM Construction Supplies","Unit 14 Barton Industrial Estate","WV14 7LH","contact@ntuk.co.uk",,"$2y$10$zYV/S.Gq.fP8mXPJm5fPzuazzHfGz3VA1rAglVnuNIt8IwKagp7ku","52.570954","-2.071428",,,,"CLMCon10457"
"459","Coleman Plant Hire Ltd.","Coleman Plant Hire Ltd.","Coleman House","TN35 4NN","contact@ntuk.co.uk",,"$2y$10$zYV/S.Gq.fP8mXPJm5fPzuazzHfGz3VA1rAglVnuNIt8IwKagp7ku","50.880915","0.598058",,,,"Colema10458"
"460","Complete Hire Services Ltd.","Complete Hire Services Ltd.","Unit 9F Gothenburg Way","HU7 0YG","contact@ntuk.co.uk",,"$2y$10$zYV/S.Gq.fP8mXPJm5fPzuazzHfGz3VA1rAglVnuNIt8IwKagp7ku","53.77867","-0.341318",,,,"Comple10459"
"461","Complete Plant Hire Ltd.","Complete Plant Hire Ltd.","12 Southfields","AL7 4ST","contact@ntuk.co.uk",,"$2y$10$zYV/S.Gq.fP8mXPJm5fPzuazzHfGz3VA1rAglVnuNIt8IwKagp7ku","51.789421","-0.20533",,,,"Comple10460"
"462","Concept Flooring Technology Ltd","Concept Flooring Technology Ltd","Unit 3, Independent Business Park","HP14 3TP","contact@ntuk.co.uk",,"$2y$10$zYV/S.Gq.fP8mXPJm5fPzuazzHfGz3VA1rAglVnuNIt8IwKagp7ku","51.658065","-0.913668",,,,"Concep10461"
"463","Congleton Garden Machinery Ltd","Congleton Garden Machinery Ltd","Unit 7","CW12 4XJ","contact@ntuk.co.uk",,"$2y$10$zYV/S.Gq.fP8mXPJm5fPzuazzHfGz3VA1rAglVnuNIt8IwKagp7ku","53.171377","-2.234887",,,,"Congle10462"
"464","Construct-Equip Ltd.","Construct-Equip Ltd.","Bramall House","B7 5NQ","contact@ntuk.co.uk",,"$2y$10$zYV/S.Gq.fP8mXPJm5fPzuazzHfGz3VA1rAglVnuNIt8IwKagp7ku","52.49601","-1.869586",,,,"Constr10463"
"465","Construct-Equip Ltd.","Construct-Equip Ltd.","Rookery Road","TF2 9BW","contact@ntuk.co.uk",,"$2y$10$zYV/S.Gq.fP8mXPJm5fPzuazzHfGz3VA1rAglVnuNIt8IwKagp7ku","52.702866","-2.434649",,,,"Constr10464"
"466","Construction Hire Solutions Ltd.","Construction Hire Solutions Ltd.","Unit 32 Hobbs Industrial Estate","RH7 6HN","contact@ntuk.co.uk",,"$2y$10$zYV/S.Gq.fP8mXPJm5fPzuazzHfGz3VA1rAglVnuNIt8IwKagp7ku","51.154878","-0.056972",,,,"Constr10465"
"467","Contractors Equipment Hire Ltd.","Contractors Equipment Hire Ltd.","Beddow Way","ME20 7BT","contact@ntuk.co.uk",,"$2y$10$zYV/S.Gq.fP8mXPJm5fPzuazzHfGz3VA1rAglVnuNIt8IwKagp7ku","51.302997","0.492975",,,,"Contra10466"
"468","Contractors Plant Hire (Reading) Ltd.","Contractors Plant Hire (Reading) Ltd.","Scakes Farm","RG26 3AB","contact@ntuk.co.uk",,"$2y$10$zYV/S.Gq.fP8mXPJm5fPzuazzHfGz3VA1rAglVnuNIt8IwKagp7ku","51.338588","-1.131665",,,,"Contra10467"
"469","Cooling and Heating Solutions Ltd.","Cooling and Heating Solutions Ltd.","Marlwood House","SO41 6DG","contact@ntuk.co.uk",,"$2y$10$zYV/S.Gq.fP8mXPJm5fPzuazzHfGz3VA1rAglVnuNIt8IwKagp7ku","50.763104","-1.597755",,,,"Coolin10468"
"470","Corby Hire Solutions Ltd","Corby Hire Solutions Ltd","Willowbrook House","NN17 5XN","contact@ntuk.co.uk",,"$2y$10$zYV/S.Gq.fP8mXPJm5fPzuazzHfGz3VA1rAglVnuNIt8IwKagp7ku","52.502432","-0.665597",,,,"CorbyH10469"
"471","County Hire Ltd.","County Hire Ltd.","Unit 2D Whitehouse Industrial Park","RG26 3PY","contact@ntuk.co.uk",,"$2y$10$zYV/S.Gq.fP8mXPJm5fPzuazzHfGz3VA1rAglVnuNIt8IwKagp7ku","51.359084","-1.127371",,,,"County10470"
"472","Covers Timber & Builders Merchants","Covers Timber & Builders Merchants","Sussex House","PO19 8PE","contact@ntuk.co.uk",,"$2y$10$zYV/S.Gq.fP8mXPJm5fPzuazzHfGz3VA1rAglVnuNIt8IwKagp7ku","50.830279","-0.762001",,,,"Covers10471"
"473","Cox Hire Ltd.","Cox Hire Ltd.","Second Floor Central House","DY2 9NW","contact@ntuk.co.uk",,"$2y$10$zYV/S.Gq.fP8mXPJm5fPzuazzHfGz3VA1rAglVnuNIt8IwKagp7ku","52.482997","-2.070843",,,,"CoxHir10472"
"474","CP Hire (GB) Ltd","CP Hire (GB) Ltd","Ground Floor","CF15 7NE","contact@ntuk.co.uk",,"$2y$10$zYV/S.Gq.fP8mXPJm5fPzuazzHfGz3VA1rAglVnuNIt8IwKagp7ku","51.529128","-3.238756",,,,"CPHire10473"
"475","Crescent Hire Centre","Crescent Hire Centre","30-36 Rose Hill","SM1 3EU","contact@ntuk.co.uk",,"$2y$10$zYV/S.Gq.fP8mXPJm5fPzuazzHfGz3VA1rAglVnuNIt8IwKagp7ku","51.377156","-0.192316",,,,"Cresce10474"
"476","Crestmoor Construction Limited ","Crestmoor Construction Limited ","Brandywell Farm","BA9 8AP","contact@ntuk.co.uk",,"$2y$10$zYV/S.Gq.fP8mXPJm5fPzuazzHfGz3VA1rAglVnuNIt8IwKagp7ku","51.043256","-2.448226",,,,"Crestm10475"
"478","Cross Rental Limited","Cross Rental Limited","Unit 9 Harewood Farm","SP11 6LJ","contact@ntuk.co.uk",,"$2y$10$zYV/S.Gq.fP8mXPJm5fPzuazzHfGz3VA1rAglVnuNIt8IwKagp7ku","51.214058","-1.428681",,,,"CrossR10477"
"479","CTE UK Ltd.","CTE UK Ltd.","Unit L Feldspar Close","LE19 4SD","contact@ntuk.co.uk",,"$2y$10$zYV/S.Gq.fP8mXPJm5fPzuazzHfGz3VA1rAglVnuNIt8IwKagp7ku","52.596845","-1.210575",,,,"CTEUKL10478"
"480","CTH Hire Centres Ltd.","CTH Hire Centres Ltd.","149 Upper Weybourne Lane","GU9 9DD","contact@ntuk.co.uk",,"$2y$10$zYV/S.Gq.fP8mXPJm5fPzuazzHfGz3VA1rAglVnuNIt8IwKagp7ku","51.23835","-0.785575",,,,"CTHHir10479"
"481","Curotec Team Limited ","Curotec Team Limited ","Unit 3, Tealgate","RG17 0YT","contact@ntuk.co.uk",,"$2y$10$zYV/S.Gq.fP8mXPJm5fPzuazzHfGz3VA1rAglVnuNIt8IwKagp7ku","51.420772","-1.518912",,,,"Curote10480"
"482","CW Plant Hire","CW Plant Hire","63 High Street","AL5 2SL","contact@ntuk.co.uk",,"$2y$10$zYV/S.Gq.fP8mXPJm5fPzuazzHfGz3VA1rAglVnuNIt8IwKagp7ku","51.817981","-0.35738",,,,"CWPlan10481"
"483","CW Plant Hire","CW Plant Hire","86 High Street","AL5 2SP","contact@ntuk.co.uk",,"$2y$10$zYV/S.Gq.fP8mXPJm5fPzuazzHfGz3VA1rAglVnuNIt8IwKagp7ku","51.817819","-0.358053",,,,"CWPlan10482"
"484","CW Plant Hire","CW Plant Hire","317 Bromford Lane","B8 2SH","contact@ntuk.co.uk",,"$2y$10$zYV/S.Gq.fP8mXPJm5fPzuazzHfGz3VA1rAglVnuNIt8IwKagp7ku","52.502369","-1.830101",,,,"CWPlan10483"
"485","CW Plant Hire","CW Plant Hire","115 Glenfrome Road","BS2 9UY","contact@ntuk.co.uk",,"$2y$10$zYV/S.Gq.fP8mXPJm5fPzuazzHfGz3VA1rAglVnuNIt8IwKagp7ku","51.473512","-2.569862",,,,"CWPlan10484"
"486","CW Plant Hire","CW Plant Hire","491 Blackfen Road","DA15 9NP","contact@ntuk.co.uk",,"$2y$10$zYV/S.Gq.fP8mXPJm5fPzuazzHfGz3VA1rAglVnuNIt8IwKagp7ku","51.448418","0.115847",,,,"CWPlan10485"
"487","CW Plant Hire","CW Plant Hire","Charles Wilson House","DH3 2SN","contact@ntuk.co.uk",,"$2y$10$zYV/S.Gq.fP8mXPJm5fPzuazzHfGz3VA1rAglVnuNIt8IwKagp7ku","54.895843","-1.561026",,,,"CWPlan10486"
"488","CW Plant Hire","CW Plant Hire","Unit 2 Gladeswood Road","L33 7BB","contact@ntuk.co.uk",,"$2y$10$zYV/S.Gq.fP8mXPJm5fPzuazzHfGz3VA1rAglVnuNIt8IwKagp7ku","53.478914","-2.863106",,,,"CWPlan10487"
"489","CW Plant Hire","CW Plant Hire","11-15 Fortess Road","NW5 1AD","contact@ntuk.co.uk",,"$2y$10$zYV/S.Gq.fP8mXPJm5fPzuazzHfGz3VA1rAglVnuNIt8IwKagp7ku","51.553688","-0.141071",,,,"CWPlan10488"
"490","CW Plant Hire","CW Plant Hire","Unit 2","RH10 1TL","contact@ntuk.co.uk",,"$2y$10$zYV/S.Gq.fP8mXPJm5fPzuazzHfGz3VA1rAglVnuNIt8IwKagp7ku","51.113864","-0.164592",,,,"CWPlan10489"
"491","CW Plant Hire","CW Plant Hire","Swimbourne Road","SS13 1GZ","contact@ntuk.co.uk",,"$2y$10$zYV/S.Gq.fP8mXPJm5fPzuazzHfGz3VA1rAglVnuNIt8IwKagp7ku","51.585868","0.510657",,,,"CWPlan10490"
"492","CW Plant Hire","CW Plant Hire","58 Kimber Road","SW18 4PP","contact@ntuk.co.uk",,"$2y$10$zYV/S.Gq.fP8mXPJm5fPzuazzHfGz3VA1rAglVnuNIt8IwKagp7ku","51.447964","-0.197609",,,,"CWPlan10491"
"493","CW Plant Hire","CW Plant Hire","Wotton Road","TN23 6LL","contact@ntuk.co.uk",,"$2y$10$zYV/S.Gq.fP8mXPJm5fPzuazzHfGz3VA1rAglVnuNIt8IwKagp7ku","51.132301","0.86734",,,,"CWPlan10492"
"494","CW Plant Hire","CW Plant Hire","1366 Uxbridge Road","UB4 8JJ","contact@ntuk.co.uk",,"$2y$10$zYV/S.Gq.fP8mXPJm5fPzuazzHfGz3VA1rAglVnuNIt8IwKagp7ku","51.52663","-0.437759",,,,"CWPlan10493"
"495","CW Plant Hire","CW Plant Hire","Stirling Way Industrial Estate","WD6 2AP","contact@ntuk.co.uk",,"$2y$10$zYV/S.Gq.fP8mXPJm5fPzuazzHfGz3VA1rAglVnuNIt8IwKagp7ku","51.647903","-0.252467",,,,"CWPlan10494"
"496","Cyril Johnston Hire Ltd","Cyril Johnston Hire Ltd","Ballynahinch Road","BT8 8DJ","contact@ntuk.co.uk",,"$2y$10$zYV/S.Gq.fP8mXPJm5fPzuazzHfGz3VA1rAglVnuNIt8IwKagp7ku","54.5041395","-5.8967775",,,"9/1/2021 13:06:14","CyrilJ10495"
"497","D & S Tool Hire","D & S Tool Hire","Unit 12 Corinium Business Centre","HP6 6FB","contact@ntuk.co.uk",,"$2y$10$zYV/S.Gq.fP8mXPJm5fPzuazzHfGz3VA1rAglVnuNIt8IwKagp7ku","51.673018","-0.58659",,,,"DSTool10496"
"498","D and H Plant Limited","D and H Plant Limited","Kingsmill Industrial Estate","EX15 1BS","contact@ntuk.co.uk",,"$2y$10$zYV/S.Gq.fP8mXPJm5fPzuazzHfGz3VA1rAglVnuNIt8IwKagp7ku","50.861681","-3.379556",,,,"DandHP10497"
"499","DA Contracts","DA Contracts","5 Tullywill Road","BT60 2HQ","contact@ntuk.co.uk",,"$2y$10$zYV/S.Gq.fP8mXPJm5fPzuazzHfGz3VA1rAglVnuNIt8IwKagp7ku","54.2387626","-6.5485439",,,"9/1/2021 13:06:15","DACont10498"
"500","Dalton Tool Hire & Sales (BCJ) Ltd","Dalton Tool Hire & Sales (BCJ) Ltd","7-8 The Arches","LA14 2RJ","contact@ntuk.co.uk",,"$2y$10$zYV/S.Gq.fP8mXPJm5fPzuazzHfGz3VA1rAglVnuNIt8IwKagp7ku","54.105187","-3.230194",,,,"Dalton10499"
"502","Datatag ID Ltd.","Datatag ID Ltd.","Marine House","TW20 8BF","contact@ntuk.co.uk",,"$2y$10$zYV/S.Gq.fP8mXPJm5fPzuazzHfGz3VA1rAglVnuNIt8IwKagp7ku","51.424135","-0.533713",,,,"Datata10501"
"503","David Johnston Environmental Services","David Johnston Environmental Services","1 Ballyalloly Road","BT23 5PU","contact@ntuk.co.uk",,"$2y$10$zYV/S.Gq.fP8mXPJm5fPzuazzHfGz3VA1rAglVnuNIt8IwKagp7ku","54.5349819","-5.8025432",,,"9/1/2021 13:06:15","DavidJ10502"
"504","Day Plant Hire Co Ltd","Day Plant Hire Co Ltd","45 Brookhill Road","EN4 8SE","contact@ntuk.co.uk",,"$2y$10$zYV/S.Gq.fP8mXPJm5fPzuazzHfGz3VA1rAglVnuNIt8IwKagp7ku","51.645756","-0.165378",,,,"DayPla10503"
"505","DD Hire Services","DD Hire Services","67 London Road","GU17 0AB","contact@ntuk.co.uk",,"$2y$10$zYV/S.Gq.fP8mXPJm5fPzuazzHfGz3VA1rAglVnuNIt8IwKagp7ku","51.330527","-0.780113",,,,"DDHire10504"
"506","DD Hire Services Hawley","DD Hire Services Hawley","Hawley Road, Riverside Yard","GU17 9EP","contact@ntuk.co.uk",,"$2y$10$zYV/S.Gq.fP8mXPJm5fPzuazzHfGz3VA1rAglVnuNIt8IwKagp7ku","51.318912","-0.767492",,,,"DDHire10505"
"507","Definitive Crew Ltd.","Definitive Crew Ltd.","37 Treesmill Drive","SL6 3HR","contact@ntuk.co.uk",,"$2y$10$zYV/S.Gq.fP8mXPJm5fPzuazzHfGz3VA1rAglVnuNIt8IwKagp7ku","51.504352","-0.745941",,,,"Defini10506"
"508","DEH Equipment Hire","DEH Equipment Hire","5-13 High Street","ST6 5TE","contact@ntuk.co.uk",,"$2y$10$zYV/S.Gq.fP8mXPJm5fPzuazzHfGz3VA1rAglVnuNIt8IwKagp7ku","53.055383","-2.210697",,,,"DEHEqu10507"
"509","DH Griffiths Plant Hire & Civil Engineering","DH Griffiths Plant Hire & Civil Engineering","JR House","CF37 5UR","contact@ntuk.co.uk",,"$2y$10$zYV/S.Gq.fP8mXPJm5fPzuazzHfGz3VA1rAglVnuNIt8IwKagp7ku","51.568414","-3.284682",,,,"DHGrif10508"
"510","DNS Hire Services","DNS Hire Services","Unit 6 Oaklands Park","IP33 2RW","contact@ntuk.co.uk",,"$2y$10$zYV/S.Gq.fP8mXPJm5fPzuazzHfGz3VA1rAglVnuNIt8IwKagp7ku","52.2372","0.735352",,,,"DNSHir10509"
"511","Docuten International Ltd","Docuten International Ltd","Golden Cross House","WC2N 4JF","contact@ntuk.co.uk",,"$2y$10$zYV/S.Gq.fP8mXPJm5fPzuazzHfGz3VA1rAglVnuNIt8IwKagp7ku","51.508474","-0.126412",,,,"Docute10510"
"512","Doosan International UK Ltd","Doosan International UK Ltd","4 Linford Mews","CM9 6XR","contact@ntuk.co.uk",,"$2y$10$zYV/S.Gq.fP8mXPJm5fPzuazzHfGz3VA1rAglVnuNIt8IwKagp7ku","51.719515","0.666988",,,,"Doosan10511"
"513","Dormer Plant Hire Ltd.","Dormer Plant Hire Ltd.","Dormer House","B97 6BW","contact@ntuk.co.uk",,"$2y$10$zYV/S.Gq.fP8mXPJm5fPzuazzHfGz3VA1rAglVnuNIt8IwKagp7ku","52.311441","-1.949233",,,,"Dormer10512"
"514","Dorset Hire Services Ltd","Dorset Hire Services Ltd","Unit 1 Semley Industrial Estate","SP7 9AN","contact@ntuk.co.uk",,"$2y$10$zYV/S.Gq.fP8mXPJm5fPzuazzHfGz3VA1rAglVnuNIt8IwKagp7ku","51.040567","-2.181791",,,,"Dorset10513"
"515","Down Hire Centre Limited","Down Hire Centre Limited","3 Cloonagh Road","BT30 6LJ","contact@ntuk.co.uk",,"$2y$10$zYV/S.Gq.fP8mXPJm5fPzuazzHfGz3VA1rAglVnuNIt8IwKagp7ku","54.3142534","-5.7045365",,,"9/1/2021 13:06:16","DownHi10514"
"519","DryAir Hire Limited","DryAir Hire Limited","Langhorne","CW6 0SB","contact@ntuk.co.uk",,"$2y$10$zYV/S.Gq.fP8mXPJm5fPzuazzHfGz3VA1rAglVnuNIt8IwKagp7ku","53.207518","-2.711118",,,,"DryAir10518"
"520","Dual Tools (Hire & Sales)","Dual Tools (Hire & Sales)","18-20 Central Road","KT4 8HZ","contact@ntuk.co.uk",,"$2y$10$zYV/S.Gq.fP8mXPJm5fPzuazzHfGz3VA1rAglVnuNIt8IwKagp7ku","51.377002","-0.238275",,,,"DualTo10519"
"521","Dustcontrol UK Ltd","Dustcontrol UK Ltd","7 Beaufort Court","MK5 8HL","contact@ntuk.co.uk",,"$2y$10$zYV/S.Gq.fP8mXPJm5fPzuazzHfGz3VA1rAglVnuNIt8IwKagp7ku","52.021737","-0.771735",,,,"Dustco10520"
"522","DVB Hire","DVB Hire","5 Thackerays Lane","NG5 4HT","contact@ntuk.co.uk",,"$2y$10$zYV/S.Gq.fP8mXPJm5fPzuazzHfGz3VA1rAglVnuNIt8IwKagp7ku","52.992619","-1.134757",,,,"DVBHir10521"
"523","Dylan Thomas Crane & Plant Hire","Dylan Thomas Crane & Plant Hire","Railway Yard","SA37 0JW","contact@ntuk.co.uk",,"$2y$10$zYV/S.Gq.fP8mXPJm5fPzuazzHfGz3VA1rAglVnuNIt8IwKagp7ku","52.015941","-4.619142",,,,"DylanT10522"
"524","Eagle Plant Hire","Eagle Plant Hire","25 Gateside Street","G31 1PD","contact@ntuk.co.uk",,"$2y$10$zYV/S.Gq.fP8mXPJm5fPzuazzHfGz3VA1rAglVnuNIt8IwKagp7ku","55.857962","-4.210863",,,,"EagleP10523"
"525","Earlsmere Limited","Earlsmere Limited","Unit 18 Valley Road","S73 0BS","contact@ntuk.co.uk",,"$2y$10$zYV/S.Gq.fP8mXPJm5fPzuazzHfGz3VA1rAglVnuNIt8IwKagp7ku","53.527507","-1.393863",,,,"Earlsm10524"
"526","Easy Hire (NE) Limited","Easy Hire (NE) Limited","Unit 1B","NE46 4JR","contact@ntuk.co.uk",,"$2y$10$zYV/S.Gq.fP8mXPJm5fPzuazzHfGz3VA1rAglVnuNIt8IwKagp7ku","54.977911","-2.087696",,,,"EasyHi10525"
"527","Easy-Hire (Power Tools) Ltd","Easy-Hire (Power Tools) Ltd","Georges Road","SK4 1DN","contact@ntuk.co.uk",,"$2y$10$zYV/S.Gq.fP8mXPJm5fPzuazzHfGz3VA1rAglVnuNIt8IwKagp7ku","53.411062","-2.171744",,,,"EasyHi10526"
"528","Ebac Industrial Products Ltd","Ebac Industrial Products Ltd","St Helen Auckland Industrial Estate","DL14 9AD","contact@ntuk.co.uk",,"$2y$10$zYV/S.Gq.fP8mXPJm5fPzuazzHfGz3VA1rAglVnuNIt8IwKagp7ku","54.636938","-1.698852",,,,"EbacIn10527"
"529","Echo Barrier Limited","Echo Barrier Limited","DLC House","SM2 7AJ","contact@ntuk.co.uk",,"$2y$10$zYV/S.Gq.fP8mXPJm5fPzuazzHfGz3VA1rAglVnuNIt8IwKagp7ku","51.355083","-0.212502",,,,"EchoBa10528"
"530","Edge Equipment Hire Ltd","Edge Equipment Hire Ltd","Unit 9 Lakeside Industrial Estate","B98 8YP","contact@ntuk.co.uk",,"$2y$10$zYV/S.Gq.fP8mXPJm5fPzuazzHfGz3VA1rAglVnuNIt8IwKagp7ku","52.298658","-1.918981",,,,"EdgeEq10529"
"531","Edge Equipment Hire Ltd","Edge Equipment Hire Ltd","Unit 3","EH53 6GQ","contact@ntuk.co.uk",,"$2y$10$zYV/S.Gq.fP8mXPJm5fPzuazzHfGz3VA1rAglVnuNIt8IwKagp7ku","55.8926461","-3.4693386",,,"9/1/2021 13:06:16","EdgeEq10530"
"532","Edge Equipment Hire Ltd","Edge Equipment Hire Ltd","Unit 5 Cluster Industrial Estate","PO4 8DB","contact@ntuk.co.uk",,"$2y$10$zYV/S.Gq.fP8mXPJm5fPzuazzHfGz3VA1rAglVnuNIt8IwKagp7ku","50.79103","-1.060269",,,,"EdgeEq10531"
"533","Edge Equipment Hire Ltd","Edge Equipment Hire Ltd","Unit 3 Arkwright Court","WA7 1NX","contact@ntuk.co.uk",,"$2y$10$zYV/S.Gq.fP8mXPJm5fPzuazzHfGz3VA1rAglVnuNIt8IwKagp7ku","53.345144","-2.694826",,,,"EdgeEq10532"
"534","ELB Hire Ltd","ELB Hire Ltd","Unit 30 Newhaven Workshops","BN9 0BY","contact@ntuk.co.uk",,"$2y$10$zYV/S.Gq.fP8mXPJm5fPzuazzHfGz3VA1rAglVnuNIt8IwKagp7ku","50.79018","0.056358",,,,"ELBHir10533"
"535","Elcocks Ltd","Elcocks Ltd","Elcock House","YO10 4FT","contact@ntuk.co.uk",,"$2y$10$zYV/S.Gq.fP8mXPJm5fPzuazzHfGz3VA1rAglVnuNIt8IwKagp7ku","53.945802","-1.077692",,,,"Elcock10534"
"536","Elcocks Ltd","Elcocks Ltd","Skerne Road","YO25 6PN","contact@ntuk.co.uk",,"$2y$10$zYV/S.Gq.fP8mXPJm5fPzuazzHfGz3VA1rAglVnuNIt8IwKagp7ku","53.999595","-0.434753",,,,"Elcock10535"
"537","Electric Wheels Ltd t/as Electric Wheels Hire","Electric Wheels Ltd t/as Electric Wheels Hire","Mill Farm Barn","IP25 6NT","contact@ntuk.co.uk",,"$2y$10$zYV/S.Gq.fP8mXPJm5fPzuazzHfGz3VA1rAglVnuNIt8IwKagp7ku","52.566087","0.759868",,,,"Electr10536"
"538","Elite Corporate Solutions (HAE EHA Commercial Finance)","Elite Corporate Solutions (HAE EHA Commercial Finance)","Highgrove","DN19 7BJ","contact@ntuk.co.uk",,"$2y$10$zYV/S.Gq.fP8mXPJm5fPzuazzHfGz3VA1rAglVnuNIt8IwKagp7ku","53.676602","-0.377745",,,,"EliteC10537"
"539","Elliott Brothers Ltd","Elliott Brothers Ltd","Millbank Street","SO14 5AG","contact@ntuk.co.uk",,"$2y$10$zYV/S.Gq.fP8mXPJm5fPzuazzHfGz3VA1rAglVnuNIt8IwKagp7ku","50.909158","-1.386181",,,,"Elliot10538"
"540","Emmitt Plant Ltd.","Emmitt Plant Ltd.","Crowcroft Road Industrial Estate","IP7 7HR","contact@ntuk.co.uk",,"$2y$10$zYV/S.Gq.fP8mXPJm5fPzuazzHfGz3VA1rAglVnuNIt8IwKagp7ku","52.111253","0.948676",,,,"Emmitt10539"
"541","Energy Generator Hire Ltd.","Energy Generator Hire Ltd.","Hill View Farm","HP17 8SX","contact@ntuk.co.uk",,"$2y$10$zYV/S.Gq.fP8mXPJm5fPzuazzHfGz3VA1rAglVnuNIt8IwKagp7ku","51.764736","-0.846176",,,,"Energy10540"
"542","Envirogard Specialist Hires Ltd","Envirogard Specialist Hires Ltd","Unit 6 Swan Park","B77 1AA","contact@ntuk.co.uk",,"$2y$10$zYV/S.Gq.fP8mXPJm5fPzuazzHfGz3VA1rAglVnuNIt8IwKagp7ku","52.628862","-1.687132",,,,"Enviro10541"
"543","Envirogard Specialist Hires Ltd","Envirogard Specialist Hires Ltd","Oxford Street East","OL7 0NE","contact@ntuk.co.uk",,"$2y$10$zYV/S.Gq.fP8mXPJm5fPzuazzHfGz3VA1rAglVnuNIt8IwKagp7ku","53.478003","-2.106698",,,,"Enviro10542"
"544","Envirogard Specialist Hires Ltd","Envirogard Specialist Hires Ltd","Units 24C 24D","SN14 8HJ","contact@ntuk.co.uk",,"$2y$10$zYV/S.Gq.fP8mXPJm5fPzuazzHfGz3VA1rAglVnuNIt8IwKagp7ku","51.488887","-2.405646",,,,"Enviro10543"
"545","Envirogard Specialist Hires Ltd","Envirogard Specialist Hires Ltd","Unit 5 6","TN25 6SZ","contact@ntuk.co.uk",,"$2y$10$zYV/S.Gq.fP8mXPJm5fPzuazzHfGz3VA1rAglVnuNIt8IwKagp7ku","51.114755","0.948234",,,,"Enviro10544"
"546","Envirogard Specialist Hires Ltd","Envirogard Specialist Hires Ltd","Lydd Yard","TN25 7AL","contact@ntuk.co.uk",,"$2y$10$zYV/S.Gq.fP8mXPJm5fPzuazzHfGz3VA1rAglVnuNIt8IwKagp7ku","51.088683","0.927709",,,,"Enviro10545"
"547","Environmental Services Group Ltd t/as ESG Plant Hire","Environmental Services Group Ltd t/as ESG Plant Hire","The Hay Barn","CV35 7BD","contact@ntuk.co.uk",,"$2y$10$zYV/S.Gq.fP8mXPJm5fPzuazzHfGz3VA1rAglVnuNIt8IwKagp7ku","52.307979","-1.71062",,,,"Enviro10546"
"548","EPL Skylift","EPL Skylift","Castle Works","CF24 5NN","contact@ntuk.co.uk",,"$2y$10$zYV/S.Gq.fP8mXPJm5fPzuazzHfGz3VA1rAglVnuNIt8IwKagp7ku","51.470123","-3.156977",,,,"EPLSky10547"
"549","EPS Hire Centres","EPS Hire Centres","Riverside Terminal","HX7 5HB","contact@ntuk.co.uk",,"$2y$10$zYV/S.Gq.fP8mXPJm5fPzuazzHfGz3VA1rAglVnuNIt8IwKagp7ku","53.722594","-1.989324",,,,"EPSHir10548"
"550","Equipment Planthire Ltd (EPL)","Equipment Planthire Ltd (EPL)","10 Hydepark Road","BT36 4PY","contact@ntuk.co.uk",,"$2y$10$zYV/S.Gq.fP8mXPJm5fPzuazzHfGz3VA1rAglVnuNIt8IwKagp7ku","54.676156","-6.0032821",,,"9/1/2021 13:06:17","Equipm10549"
"551","Equipment Planthire Ltd (EPL)","Equipment Planthire Ltd (EPL)","Dungannon Road","BT70 2JX","contact@ntuk.co.uk",,"$2y$10$zYV/S.Gq.fP8mXPJm5fPzuazzHfGz3VA1rAglVnuNIt8IwKagp7ku","54.4804933","-6.9867071",,,"9/1/2021 13:06:17","Equipm10550"
"552","Equipment Planthire Ltd (EPL)","Equipment Planthire Ltd (EPL)","6 Westville Terrace","BT74 6HT","contact@ntuk.co.uk",,"$2y$10$zYV/S.Gq.fP8mXPJm5fPzuazzHfGz3VA1rAglVnuNIt8IwKagp7ku","54.3443276","-7.6275459",,,"9/1/2021 13:06:18","Equipm10551"
"553","Ermin Plant (Hire & Services) Ltd","Ermin Plant (Hire & Services) Ltd","Bristol Road","GL2 5DF","contact@ntuk.co.uk",,"$2y$10$zYV/S.Gq.fP8mXPJm5fPzuazzHfGz3VA1rAglVnuNIt8IwKagp7ku","51.842918","-2.263712",,,,"ErminP10552"
"554","Ermin Plant (Hire & Services) Ltd","Ermin Plant (Hire & Services) Ltd","Wicliffe Industrial Estate","GL5 3EN","contact@ntuk.co.uk",,"$2y$10$zYV/S.Gq.fP8mXPJm5fPzuazzHfGz3VA1rAglVnuNIt8IwKagp7ku","51.744242","-2.233488",,,,"ErminP10553"
"555","Ermin Plant (Hire & Services) Ltd","Ermin Plant (Hire & Services) Ltd","Swindon Road","GL51 9JZ","contact@ntuk.co.uk",,"$2y$10$zYV/S.Gq.fP8mXPJm5fPzuazzHfGz3VA1rAglVnuNIt8IwKagp7ku","51.913396","-2.092067",,,,"ErminP10554"
"556","Ermin Plant (Hire & Services) Ltd","Ermin Plant (Hire & Services) Ltd","56 Elliot Road","GL7 1YS","contact@ntuk.co.uk",,"$2y$10$zYV/S.Gq.fP8mXPJm5fPzuazzHfGz3VA1rAglVnuNIt8IwKagp7ku","51.70389","-1.957698",,,,"ErminP10555"
"557","Ermin Plant (Hire & Services) Ltd","Ermin Plant (Hire & Services) Ltd","Unit 1 Ashburton Industrial Estate","HR9 7BW","contact@ntuk.co.uk",,"$2y$10$zYV/S.Gq.fP8mXPJm5fPzuazzHfGz3VA1rAglVnuNIt8IwKagp7ku","51.916409","-2.574262",,,,"ErminP10556"
"558","Ermin Plant (Hire & Services) Ltd","Ermin Plant (Hire & Services) Ltd","Unit 72a Blackpole Trading Estate","WR3 8TJ","contact@ntuk.co.uk",,"$2y$10$zYV/S.Gq.fP8mXPJm5fPzuazzHfGz3VA1rAglVnuNIt8IwKagp7ku","52.220256","-2.199721",,,,"ErminP10557"
"559","Eros Hire Tools Limited","Eros Hire Tools Limited","Unit 7B, March Place","HP19 8UG","contact@ntuk.co.uk",,"$2y$10$zYV/S.Gq.fP8mXPJm5fPzuazzHfGz3VA1rAglVnuNIt8IwKagp7ku","51.818058","-0.828247",,,,"ErosHi10558"
"560","Eros Hire Tools Ltd","Eros Hire Tools Ltd","Mill End Road","HP12 4JN","contact@ntuk.co.uk",,"$2y$10$zYV/S.Gq.fP8mXPJm5fPzuazzHfGz3VA1rAglVnuNIt8IwKagp7ku","51.635398","-0.780897",,,,"ErosHi10559"
"561","Essex Hire & Sales Ltd.","Essex Hire & Sales Ltd.","245 Ongar Road","CM15 9DZ","contact@ntuk.co.uk",,"$2y$10$zYV/S.Gq.fP8mXPJm5fPzuazzHfGz3VA1rAglVnuNIt8IwKagp7ku","51.627921","0.296351",,,,"EssexH10560"
"562","ET Hire Ltd","ET Hire Ltd","101-111 Turton Street","BL1 2TF","contact@ntuk.co.uk",,"$2y$10$zYV/S.Gq.fP8mXPJm5fPzuazzHfGz3VA1rAglVnuNIt8IwKagp7ku","53.584904","-2.422338",,,,"ETHire10561"
"563","ETA Omega Ltd t/as Style In Detail UK","ETA Omega Ltd t/as Style In Detail UK","32 Ashgrove Road","AB25 3AD","contact@ntuk.co.uk",,"$2y$10$zYV/S.Gq.fP8mXPJm5fPzuazzHfGz3VA1rAglVnuNIt8IwKagp7ku","57.15919","-2.11835",,,,"ETAOme10562"
"564","Euro Tool Hire & Sales (South West) Ltd","Euro Tool Hire & Sales (South West) Ltd","Gover Road","PL25 5NE","contact@ntuk.co.uk",,"$2y$10$zYV/S.Gq.fP8mXPJm5fPzuazzHfGz3VA1rAglVnuNIt8IwKagp7ku","50.339375","-4.801157",,,,"EuroTo10563"
"565","Euro Tool Hire & Sales (South West) Ltd","Euro Tool Hire & Sales (South West) Ltd","Unit 1B Water-na-Trout Industrial Estate","TR13 0LW","contact@ntuk.co.uk",,"$2y$10$zYV/S.Gq.fP8mXPJm5fPzuazzHfGz3VA1rAglVnuNIt8IwKagp7ku","50.112473","-5.26984",,,,"EuroTo10564"
"566","Euro Tool Hire & Sales (South West) Ltd.","Euro Tool Hire & Sales (South West) Ltd.","Unit 13 Treleigh Industrial Estate","TR16 4AX","contact@ntuk.co.uk",,"$2y$10$zYV/S.Gq.fP8mXPJm5fPzuazzHfGz3VA1rAglVnuNIt8IwKagp7ku","50.244784","-5.2256",,,,"EuroTo10565"
"567","Euro Towers Ltd","Euro Towers Ltd","Unit 5 Edgemead Close","NN3 8RG","contact@ntuk.co.uk",,"$2y$10$zYV/S.Gq.fP8mXPJm5fPzuazzHfGz3VA1rAglVnuNIt8IwKagp7ku","52.280687","-0.838498",,,,"EuroTo10566"
"568","Euroflo Fluid Handling Ltd","Euroflo Fluid Handling Ltd","Wexford Place","TN12 6EA","contact@ntuk.co.uk",,"$2y$10$zYV/S.Gq.fP8mXPJm5fPzuazzHfGz3VA1rAglVnuNIt8IwKagp7ku","51.173574","0.385766",,,,"Eurofl10567"
"569","Euroloo Ltd","Euroloo Ltd","Euro House","CM2 7TA","contact@ntuk.co.uk",,"$2y$10$zYV/S.Gq.fP8mXPJm5fPzuazzHfGz3VA1rAglVnuNIt8IwKagp7ku","51.700649","0.507281",,,,"Eurolo10568"
"570","Evergreen Garden (Landscapes) Ltd ","Evergreen Garden (Landscapes) Ltd ","28 Sandoe Way","EX1 3WJ","contact@ntuk.co.uk",,"$2y$10$zYV/S.Gq.fP8mXPJm5fPzuazzHfGz3VA1rAglVnuNIt8IwKagp7ku","50.748999","-3.467785",,,,"Evergr10569"
"571","Excel Tool Hire Limited","Excel Tool Hire Limited","Unit W6G Ladytown Business Park","W91 T189","contact@ntuk.co.uk",,"$2y$10$zYV/S.Gq.fP8mXPJm5fPzuazzHfGz3VA1rAglVnuNIt8IwKagp7ku","53.2090636","-6.7356448",,,"9/1/2021 13:06:18","ExcelT10570"
"572","Express Hire (Dorset) Ltd.","Express Hire (Dorset) Ltd.","The Barn","BH16 6HS","contact@ntuk.co.uk",,"$2y$10$zYV/S.Gq.fP8mXPJm5fPzuazzHfGz3VA1rAglVnuNIt8IwKagp7ku","50.738017","-2.10069",,,,"Expres10571"
"573","Express Tool Hire Ltd","Express Tool Hire Ltd","Colwick Road","NG2 4BG","contact@ntuk.co.uk",,"$2y$10$zYV/S.Gq.fP8mXPJm5fPzuazzHfGz3VA1rAglVnuNIt8IwKagp7ku","52.95044","-1.112723",,,,"Expres10572"
"574","Eynesbury Plant Hire Co Ltd","Eynesbury Plant Hire Co Ltd","Potton Road","PE19 6XJ","contact@ntuk.co.uk",,"$2y$10$zYV/S.Gq.fP8mXPJm5fPzuazzHfGz3VA1rAglVnuNIt8IwKagp7ku","52.204452","-0.25132",,,,"Eynesb10573"
"575","F and S Plant Hire Sussex Ltd","F and S Plant Hire Sussex Ltd","North Quay Road","BN9 0AB","contact@ntuk.co.uk",,"$2y$10$zYV/S.Gq.fP8mXPJm5fPzuazzHfGz3VA1rAglVnuNIt8IwKagp7ku","50.798332","0.052047",,,,"FandSP10574"
"576","FAL Plant & Tool Hire","FAL Plant & Tool Hire","161 Killadeas Road","BT94 2LS","contact@ntuk.co.uk",,"$2y$10$zYV/S.Gq.fP8mXPJm5fPzuazzHfGz3VA1rAglVnuNIt8IwKagp7ku","54.4124509","-7.6752665",,,"9/1/2021 13:06:19","FALPla10575"
"577","Fast Hire UK Ltd.","Fast Hire UK Ltd.","Stuart Road","SK6 2SR","contact@ntuk.co.uk",,"$2y$10$zYV/S.Gq.fP8mXPJm5fPzuazzHfGz3VA1rAglVnuNIt8IwKagp7ku","53.431058","-2.123362",,,,"FastHi10576"
"578","Faversham Plant Ltd. t/a Faversham Hire","Faversham Plant Ltd. t/a Faversham Hire","Unit 4 Ship Yard Industrial Estate","ME13 7DZ","contact@ntuk.co.uk",,"$2y$10$zYV/S.Gq.fP8mXPJm5fPzuazzHfGz3VA1rAglVnuNIt8IwKagp7ku","51.32234","0.895173",,,,"Favers10577"
"579","First Response Tool Hire Ltd","First Response Tool Hire Ltd","Unit 4 Primrose Works","E3 2NT","contact@ntuk.co.uk",,"$2y$10$zYV/S.Gq.fP8mXPJm5fPzuazzHfGz3VA1rAglVnuNIt8IwKagp7ku","51.538927","-0.023124",,,,"FirstR10578"
"580","Flowhire Limited","Flowhire Limited","Riverside","HX6 2AY","contact@ntuk.co.uk",,"$2y$10$zYV/S.Gq.fP8mXPJm5fPzuazzHfGz3VA1rAglVnuNIt8IwKagp7ku","53.710334","-1.895078",,,,"Flowhi10579"
"581","Flying Hire Ltd","Flying Hire Ltd","Lancaster House","LN6 9HD","contact@ntuk.co.uk",,"$2y$10$zYV/S.Gq.fP8mXPJm5fPzuazzHfGz3VA1rAglVnuNIt8IwKagp7ku","53.204242","-0.729121",,,,"Flying10580"
"582","Focus Plant Ltd","Focus Plant Ltd","140 Gipsy Hill","SE19 1PW","contact@ntuk.co.uk",,"$2y$10$zYV/S.Gq.fP8mXPJm5fPzuazzHfGz3VA1rAglVnuNIt8IwKagp7ku","51.425003","-0.083468",,,,"FocusP10581"
"583","Forest Park and Garden","Forest Park and Garden","Coed court","CF37 5SW","contact@ntuk.co.uk",,"$2y$10$zYV/S.Gq.fP8mXPJm5fPzuazzHfGz3VA1rAglVnuNIt8IwKagp7ku","51.571905","-3.2968",,,,"Forest10582"
"584","Formwork Direct International","Formwork Direct International","1 Hornhouse Lane","L33 7YQ","contact@ntuk.co.uk",,"$2y$10$zYV/S.Gq.fP8mXPJm5fPzuazzHfGz3VA1rAglVnuNIt8IwKagp7ku","53.472025","-2.857422",,,,"Formwo10583"
"585","Fosseway Tool Hire Ltd","Fosseway Tool Hire Ltd","Unit 8 Station Road Industrial Estate","GL54 2EP","contact@ntuk.co.uk",,"$2y$10$zYV/S.Gq.fP8mXPJm5fPzuazzHfGz3VA1rAglVnuNIt8IwKagp7ku","51.887868","-1.754457",,,,"Fossew10584"
"586","Fosseway Tool Hire Ltd.","Fosseway Tool Hire Ltd.","Unit One Tilemans Park","CV36 4GX","contact@ntuk.co.uk",,"$2y$10$zYV/S.Gq.fP8mXPJm5fPzuazzHfGz3VA1rAglVnuNIt8IwKagp7ku","52.067718","-1.632843",,,,"Fossew10585"
"587","Fowler Hire and Sales Ltd.","Fowler Hire and Sales Ltd.","2-4 St Andrews Trading Estate","DT6 3EX","contact@ntuk.co.uk",,"$2y$10$zYV/S.Gq.fP8mXPJm5fPzuazzHfGz3VA1rAglVnuNIt8IwKagp7ku","50.741588","-2.74198",,,,"Fowler10586"
"588","Frank Key Plant Hire Ltd.","Frank Key Plant Hire Ltd.","Mansfield Road","NG5 6BL","contact@ntuk.co.uk",,"$2y$10$zYV/S.Gq.fP8mXPJm5fPzuazzHfGz3VA1rAglVnuNIt8IwKagp7ku","52.998192","-1.13712",,,,"FrankK10587"
"589","Frank Key Tool Hire Ltd","Frank Key Tool Hire Ltd","Worthway","BD21 5AJ","contact@ntuk.co.uk",,"$2y$10$zYV/S.Gq.fP8mXPJm5fPzuazzHfGz3VA1rAglVnuNIt8IwKagp7ku","53.865061","-1.905686",,,,"FrankK10588"
"590","Frank Key Tool Hire Ltd","Frank Key Tool Hire Ltd","Bolling Road","BD4 7BG","contact@ntuk.co.uk",,"$2y$10$zYV/S.Gq.fP8mXPJm5fPzuazzHfGz3VA1rAglVnuNIt8IwKagp7ku","53.787686","-1.745928",,,,"FrankK10589"
"591","Frank Key Tool Hire Ltd","Frank Key Tool Hire Ltd","29 Old Leeds Road","HD1 1SG","contact@ntuk.co.uk",,"$2y$10$zYV/S.Gq.fP8mXPJm5fPzuazzHfGz3VA1rAglVnuNIt8IwKagp7ku","53.648989","-1.776367",,,,"FrankK10590"
"592","Frank Key Tool Hire Ltd","Frank Key Tool Hire Ltd","Elder Mills","LS13 4DL","contact@ntuk.co.uk",,"$2y$10$zYV/S.Gq.fP8mXPJm5fPzuazzHfGz3VA1rAglVnuNIt8IwKagp7ku","53.805602","-1.635412",,,,"FrankK10591"
"593","Frank Key Tool Hire Ltd","Frank Key Tool Hire Ltd","11 Shaw Road","OL1 3HJ","contact@ntuk.co.uk",,"$2y$10$zYV/S.Gq.fP8mXPJm5fPzuazzHfGz3VA1rAglVnuNIt8IwKagp7ku","53.5450958","-2.0981333",,,"9/1/2021 13:06:33","FrankK10592"
"594","Frank Key Tool Hire Ltd","Frank Key Tool Hire Ltd","27 Whitworth Road","OL12 0RA","contact@ntuk.co.uk",,"$2y$10$zYV/S.Gq.fP8mXPJm5fPzuazzHfGz3VA1rAglVnuNIt8IwKagp7ku","53.622527","-2.155579",,,,"FrankK10593"
"595","Frank Key Tool Hire Ltd","Frank Key Tool Hire Ltd","171 Effingham Street","S65 1BL","contact@ntuk.co.uk",,"$2y$10$zYV/S.Gq.fP8mXPJm5fPzuazzHfGz3VA1rAglVnuNIt8IwKagp7ku","53.436135","-1.353753",,,,"FrankK10594"
"596","Frank Key Tool Hire Ltd","Frank Key Tool Hire Ltd","Thornes Trading Estate","WF1 5QN","contact@ntuk.co.uk",,"$2y$10$zYV/S.Gq.fP8mXPJm5fPzuazzHfGz3VA1rAglVnuNIt8IwKagp7ku","53.676288","-1.493701",,,,"FrankK10595"
"597","Frank Key Tool Hire Ltd","Frank Key Tool Hire Ltd","319 Bradford Road","WF17 6HY","contact@ntuk.co.uk",,"$2y$10$zYV/S.Gq.fP8mXPJm5fPzuazzHfGz3VA1rAglVnuNIt8IwKagp7ku","53.707849","-1.626971",,,,"FrankK10596"
"598","Frank Key Tool Hire Ltd.","Frank Key Tool Hire Ltd.","125 Pellon Lane","HX1 5QN","contact@ntuk.co.uk",,"$2y$10$zYV/S.Gq.fP8mXPJm5fPzuazzHfGz3VA1rAglVnuNIt8IwKagp7ku","53.725813","-1.869153",,,,"FrankK10597"
"599","FTH Hire Group","FTH Hire Group","Impression House","GU14 7QU","contact@ntuk.co.uk",,"$2y$10$zYV/S.Gq.fP8mXPJm5fPzuazzHfGz3VA1rAglVnuNIt8IwKagp7ku","51.287609","-0.764817",,,,"FTHHir10598"
"600","G A Parke & Sons Ltd","G A Parke & Sons Ltd","New Buildings Industrial Estate","BT47 2SX","contact@ntuk.co.uk",,"$2y$10$zYV/S.Gq.fP8mXPJm5fPzuazzHfGz3VA1rAglVnuNIt8IwKagp7ku","54.9541141","-7.3643469",,,"9/1/2021 13:06:34","GAPark10599"
"601","GAP Group","GAP Group","Unit 19 Avonbridge Trading Estate","BS11 9QH","contact@ntuk.co.uk",,"$2y$10$zYV/S.Gq.fP8mXPJm5fPzuazzHfGz3VA1rAglVnuNIt8IwKagp7ku","51.485677","-2.681239",,,,"GAPGro10600"
"602","GAP Group","GAP Group","Unit 19 Avonbridge Trading Estate","BS11 9QH","contact@ntuk.co.uk",,"$2y$10$zYV/S.Gq.fP8mXPJm5fPzuazzHfGz3VA1rAglVnuNIt8IwKagp7ku","51.485677","-2.681239",,,,"GAPGro10601"
"603","GAP Group","GAP Group","Unit 8","G41 1RR","contact@ntuk.co.uk",,"$2y$10$zYV/S.Gq.fP8mXPJm5fPzuazzHfGz3VA1rAglVnuNIt8IwKagp7ku","55.848933","-4.291188",,,,"GAPGro10602"
"604","GAP Group Ltd","GAP Group Ltd","Windsor Industrial Estate","B7 4PR","contact@ntuk.co.uk",,"$2y$10$zYV/S.Gq.fP8mXPJm5fPzuazzHfGz3VA1rAglVnuNIt8IwKagp7ku","52.493466","-1.878416",,,,"GAPGro10603"
"605","GAP Group Ltd","GAP Group Ltd","Windsor Industrial Estate","B7 4PR","contact@ntuk.co.uk",,"$2y$10$zYV/S.Gq.fP8mXPJm5fPzuazzHfGz3VA1rAglVnuNIt8IwKagp7ku","52.493466","-1.878416",,,,"GAPGro10604"
"606","GAP Group Ltd","GAP Group Ltd","20 Parry Lane","BD4 8TJ","contact@ntuk.co.uk",,"$2y$10$zYV/S.Gq.fP8mXPJm5fPzuazzHfGz3VA1rAglVnuNIt8IwKagp7ku","53.786618","-1.725975",,,,"GAPGro10605"
"607","GAP Group Ltd","GAP Group Ltd","Unit 4 Brunthill Road","CA3 0EH","contact@ntuk.co.uk",,"$2y$10$zYV/S.Gq.fP8mXPJm5fPzuazzHfGz3VA1rAglVnuNIt8IwKagp7ku","54.92222","-2.957576",,,,"GAPGro10606"
"608","GAP Group Ltd","GAP Group Ltd","Unit 6, Pacific Business Park","CF24 5HJ","contact@ntuk.co.uk",,"$2y$10$zYV/S.Gq.fP8mXPJm5fPzuazzHfGz3VA1rAglVnuNIt8IwKagp7ku","51.476843","-3.143814",,,,"GAPGro10607"
"609","GAP Group Ltd","GAP Group Ltd","Unit 3, Therapia Trading Estate","CR0 3DH","contact@ntuk.co.uk",,"$2y$10$zYV/S.Gq.fP8mXPJm5fPzuazzHfGz3VA1rAglVnuNIt8IwKagp7ku","51.387479","-0.128671",,,,"GAPGro10608"
"610","GAP Group Ltd","GAP Group Ltd","133 Lorne Street","DD2 3HE","contact@ntuk.co.uk",,"$2y$10$zYV/S.Gq.fP8mXPJm5fPzuazzHfGz3VA1rAglVnuNIt8IwKagp7ku","56.474032","-3.017091",,,,"GAPGro10609"
"611","GAP Group Ltd","GAP Group Ltd","Doncaster Carr Industrial Estate","DN4 5NG","contact@ntuk.co.uk",,"$2y$10$zYV/S.Gq.fP8mXPJm5fPzuazzHfGz3VA1rAglVnuNIt8IwKagp7ku","53.512115","-1.121123",,,,"GAPGro10610"
"612","GAP Group Ltd","GAP Group Ltd","Backchurch Lane","E1 1LX","contact@ntuk.co.uk",,"$2y$10$zYV/S.Gq.fP8mXPJm5fPzuazzHfGz3VA1rAglVnuNIt8IwKagp7ku","51.513","-0.066748",,,,"GAPGro10611"
"613","GAP Group Ltd","GAP Group Ltd","Bankhead Drive","EH11 4EJ","contact@ntuk.co.uk",,"$2y$10$zYV/S.Gq.fP8mXPJm5fPzuazzHfGz3VA1rAglVnuNIt8IwKagp7ku","55.923841","-3.302338",,,,"GAPGro10612"
"614","GAP Group Ltd","GAP Group Ltd","79 Salamander Street","EH6 7JZ","contact@ntuk.co.uk",,"$2y$10$zYV/S.Gq.fP8mXPJm5fPzuazzHfGz3VA1rAglVnuNIt8IwKagp7ku","55.973472","-3.157019",,,,"GAPGro10613"
"615","GAP Group Ltd","GAP Group Ltd","10-12 Kestrel Business Park","EX2 7JS","contact@ntuk.co.uk",,"$2y$10$zYV/S.Gq.fP8mXPJm5fPzuazzHfGz3VA1rAglVnuNIt8IwKagp7ku","50.719406","-3.46608",,,,"GAPGro10614"
"616","GAP Group Ltd","GAP Group Ltd","10-12 Kestrel Business Park","EX2 7JS","contact@ntuk.co.uk",,"$2y$10$zYV/S.Gq.fP8mXPJm5fPzuazzHfGz3VA1rAglVnuNIt8IwKagp7ku","50.719406","-3.46608",,,,"GAPGro10615"
"617","GAP Group Ltd","GAP Group Ltd","24 Castle Road","FK2 7UY","contact@ntuk.co.uk",,"$2y$10$zYV/S.Gq.fP8mXPJm5fPzuazzHfGz3VA1rAglVnuNIt8IwKagp7ku","56.014146","-3.774108",,,,"GAPGro10616"
"618","GAP Group Ltd","GAP Group Ltd","Unit 39 Anniesland Village Business Park","G13 1EU","contact@ntuk.co.uk",,"$2y$10$zYV/S.Gq.fP8mXPJm5fPzuazzHfGz3VA1rAglVnuNIt8IwKagp7ku","55.899196","-4.330192",,,,"GAPGro10617"
"619","GAP Group Ltd","GAP Group Ltd","119 Vermont Street","G41 1LU","contact@ntuk.co.uk",,"$2y$10$zYV/S.Gq.fP8mXPJm5fPzuazzHfGz3VA1rAglVnuNIt8IwKagp7ku","55.848511","-4.281993",,,,"GAPGro10618"
"620","GAP Group Ltd","GAP Group Ltd","Carlton Street","HU3 5JL","contact@ntuk.co.uk",,"$2y$10$zYV/S.Gq.fP8mXPJm5fPzuazzHfGz3VA1rAglVnuNIt8IwKagp7ku","53.7339","-0.381103",,,,"GAPGro10619"
"621","GAP Group Ltd","GAP Group Ltd","12-14 Carsegate Road North","IV3 8EA","contact@ntuk.co.uk",,"$2y$10$zYV/S.Gq.fP8mXPJm5fPzuazzHfGz3VA1rAglVnuNIt8IwKagp7ku","57.488677","-4.244486",,,,"GAPGro10620"
"622","GAP Group Ltd","GAP Group Ltd","Moycroft House","IV30 1XZ","contact@ntuk.co.uk",,"$2y$10$zYV/S.Gq.fP8mXPJm5fPzuazzHfGz3VA1rAglVnuNIt8IwKagp7ku","57.64947","-3.292549",,,,"GAPGro10621"
"623","GAP Group Ltd","GAP Group Ltd","Unit 8A","KA2 0FE","contact@ntuk.co.uk",,"$2y$10$zYV/S.Gq.fP8mXPJm5fPzuazzHfGz3VA1rAglVnuNIt8IwKagp7ku","55.604515","-4.537037",,,,"GAPGro10622"
"624","GAP Group Ltd","GAP Group Ltd","Unit 8A","KA2 0FE","contact@ntuk.co.uk",,"$2y$10$zYV/S.Gq.fP8mXPJm5fPzuazzHfGz3VA1rAglVnuNIt8IwKagp7ku","55.604515","-4.537037",,,,"GAPGro10623"
"625","GAP Group Ltd","GAP Group Ltd","Unit 8A","KA2 0FE","contact@ntuk.co.uk",,"$2y$10$zYV/S.Gq.fP8mXPJm5fPzuazzHfGz3VA1rAglVnuNIt8IwKagp7ku","55.604515","-4.537037",,,,"GAPGro10624"
"626","GAP Group Ltd","GAP Group Ltd","11 Dickson Street","KY12 7SL","contact@ntuk.co.uk",,"$2y$10$zYV/S.Gq.fP8mXPJm5fPzuazzHfGz3VA1rAglVnuNIt8IwKagp7ku","56.062742","-3.459519",,,,"GAPGro10625"
"627","GAP Group Ltd","GAP Group Ltd","8 Berry Street","L20 8AT","contact@ntuk.co.uk",,"$2y$10$zYV/S.Gq.fP8mXPJm5fPzuazzHfGz3VA1rAglVnuNIt8IwKagp7ku","53.447548","-2.996448",,,,"GAPGro10626"
"628","GAP Group Ltd","GAP Group Ltd","Northgate","LA3 3AY","contact@ntuk.co.uk",,"$2y$10$zYV/S.Gq.fP8mXPJm5fPzuazzHfGz3VA1rAglVnuNIt8IwKagp7ku","54.06154","-2.840921",,,,"GAPGro10627"
"629","GAP Group Ltd","GAP Group Ltd","12 Pinfold Road","LE4 8AS","contact@ntuk.co.uk",,"$2y$10$zYV/S.Gq.fP8mXPJm5fPzuazzHfGz3VA1rAglVnuNIt8IwKagp7ku","52.674934","-1.105845",,,,"GAPGro10628"
"630","GAP Group Ltd","GAP Group Ltd","Unit 38 Llandegai Industrial Estate","LL57 4YH","contact@ntuk.co.uk",,"$2y$10$zYV/S.Gq.fP8mXPJm5fPzuazzHfGz3VA1rAglVnuNIt8IwKagp7ku","53.217968","-4.111519",,,,"GAPGro10629"
"631","GAP Group Ltd","GAP Group Ltd","Exchange Road","LN6 3JZ","contact@ntuk.co.uk",,"$2y$10$zYV/S.Gq.fP8mXPJm5fPzuazzHfGz3VA1rAglVnuNIt8IwKagp7ku","53.200961","-0.592367",,,,"GAPGro10630"
"632","GAP Group Ltd","GAP Group Ltd","Beeston Royds Industrial Estate","LS12 6DX","contact@ntuk.co.uk",,"$2y$10$zYV/S.Gq.fP8mXPJm5fPzuazzHfGz3VA1rAglVnuNIt8IwKagp7ku","53.773529","-1.586878",,,,"GAPGro10631"
"633","GAP Group Ltd","GAP Group Ltd","Beeston Royds Industrial Estate","LS12 6DX","contact@ntuk.co.uk",,"$2y$10$zYV/S.Gq.fP8mXPJm5fPzuazzHfGz3VA1rAglVnuNIt8IwKagp7ku","53.773529","-1.586878",,,,"GAPGro10632"
"634","GAP Group Ltd","GAP Group Ltd","Unit 6","M17 1AF","contact@ntuk.co.uk",,"$2y$10$zYV/S.Gq.fP8mXPJm5fPzuazzHfGz3VA1rAglVnuNIt8IwKagp7ku","53.472362","-2.34312",,,,"GAPGro10633"
"635","GAP Group Ltd","GAP Group Ltd","GAP House","ME20 7AD","contact@ntuk.co.uk",,"$2y$10$zYV/S.Gq.fP8mXPJm5fPzuazzHfGz3VA1rAglVnuNIt8IwKagp7ku","51.301298","0.491233",,,,"GAPGro10634"
"636","GAP Group Ltd","GAP Group Ltd","3 Dane Road","MK1 1JQ","contact@ntuk.co.uk",,"$2y$10$zYV/S.Gq.fP8mXPJm5fPzuazzHfGz3VA1rAglVnuNIt8IwKagp7ku","52.004649","-0.719829",,,,"GAPGro10635"
"637","GAP Group Ltd","GAP Group Ltd","361 Orbiston Street","ML1 1QW","contact@ntuk.co.uk",,"$2y$10$zYV/S.Gq.fP8mXPJm5fPzuazzHfGz3VA1rAglVnuNIt8IwKagp7ku","55.782886","-3.974691",,,,"GAPGro10636"
"638","GAP Group Ltd","GAP Group Ltd","Unit 2 Station Works","N19 5UW","contact@ntuk.co.uk",,"$2y$10$zYV/S.Gq.fP8mXPJm5fPzuazzHfGz3VA1rAglVnuNIt8IwKagp7ku","51.559981","-0.133601",,,,"GAPGro10637"
"639","GAP Group Ltd","GAP Group Ltd","Unit 15","NG7 2PX","contact@ntuk.co.uk",,"$2y$10$zYV/S.Gq.fP8mXPJm5fPzuazzHfGz3VA1rAglVnuNIt8IwKagp7ku","52.942127","-1.171628",,,,"GAPGro10638"
"640","GAP Group Ltd","GAP Group Ltd","64 St James Mill Road","NN5 5JP","contact@ntuk.co.uk",,"$2y$10$zYV/S.Gq.fP8mXPJm5fPzuazzHfGz3VA1rAglVnuNIt8IwKagp7ku","52.231732","-0.910162",,,,"GAPGro10639"
"641","GAP Group Ltd","GAP Group Ltd","Norwich Livestock Market","NR4 6DW","contact@ntuk.co.uk",,"$2y$10$zYV/S.Gq.fP8mXPJm5fPzuazzHfGz3VA1rAglVnuNIt8IwKagp7ku","52.600133","1.282671",,,,"GAPGro10640"
"642","GAP Group Ltd","GAP Group Ltd","Unit 2 Stationfields Industrial Estate","OX5 1LA","contact@ntuk.co.uk",,"$2y$10$zYV/S.Gq.fP8mXPJm5fPzuazzHfGz3VA1rAglVnuNIt8IwKagp7ku","51.829168","-1.300406",,,,"GAPGro10641"
"643","GAP Group Ltd","GAP Group Ltd","Padholme Road East","PE1 5XL","contact@ntuk.co.uk",,"$2y$10$zYV/S.Gq.fP8mXPJm5fPzuazzHfGz3VA1rAglVnuNIt8IwKagp7ku","52.577075","-0.214717",,,,"GAPGro10642"
"644","GAP Group Ltd","GAP Group Ltd","Old Coal Yard","PL26 8PP","contact@ntuk.co.uk",,"$2y$10$zYV/S.Gq.fP8mXPJm5fPzuazzHfGz3VA1rAglVnuNIt8IwKagp7ku","50.399077","-4.798161",,,,"GAPGro10643"
"645","GAP Group Ltd","GAP Group Ltd","Estover Close","PL6 7PL","contact@ntuk.co.uk",,"$2y$10$zYV/S.Gq.fP8mXPJm5fPzuazzHfGz3VA1rAglVnuNIt8IwKagp7ku","50.422205","-4.087363",,,,"GAPGro10644"
"646","GAP Group Ltd","GAP Group Ltd","Alexander House","PR5 8AQ","contact@ntuk.co.uk",,"$2y$10$zYV/S.Gq.fP8mXPJm5fPzuazzHfGz3VA1rAglVnuNIt8IwKagp7ku","53.721503","-2.648476",,,,"GAPGro10645"
"647","GAP Group Ltd","GAP Group Ltd","11 Bennet Road","RG2 0QZ","contact@ntuk.co.uk",,"$2y$10$zYV/S.Gq.fP8mXPJm5fPzuazzHfGz3VA1rAglVnuNIt8IwKagp7ku","51.427375","-0.974798",,,,"GAPGro10646"
"648","GAP Group Ltd","GAP Group Ltd","Unit A1","RM20 3LB","contact@ntuk.co.uk",,"$2y$10$zYV/S.Gq.fP8mXPJm5fPzuazzHfGz3VA1rAglVnuNIt8IwKagp7ku","51.478941","0.27473",,,,"GAPGro10647"
"649","GAP Group Ltd","GAP Group Ltd","Stevenson Rd","S9 3XG","contact@ntuk.co.uk",,"$2y$10$zYV/S.Gq.fP8mXPJm5fPzuazzHfGz3VA1rAglVnuNIt8IwKagp7ku","53.394106","-1.437805",,,,"GAPGro10648"
"650","GAP Group Ltd","GAP Group Ltd","Jubilee Way, Swansea West Industrial Park, Fforestfach","SA5 4HB","contact@ntuk.co.uk",,"$2y$10$zYV/S.Gq.fP8mXPJm5fPzuazzHfGz3VA1rAglVnuNIt8IwKagp7ku","51.643458","-3.989563",,,,"GAPGro10649"
"651","GAP Group Ltd","GAP Group Ltd","Peacock View, Fenton Industrial Estate","ST4 2TE","contact@ntuk.co.uk",,"$2y$10$zYV/S.Gq.fP8mXPJm5fPzuazzHfGz3VA1rAglVnuNIt8IwKagp7ku","53.011003","-2.15924",,,,"GAPGro10650"
"652","GAP Group Ltd","GAP Group Ltd","Fletcher House","TF3 3DG","contact@ntuk.co.uk",,"$2y$10$zYV/S.Gq.fP8mXPJm5fPzuazzHfGz3VA1rAglVnuNIt8IwKagp7ku","52.672511","-2.424099",,,,"GAPGro10651"
"653","GAP Group Ltd","GAP Group Ltd","Sotherby Road","TS3 8BT","contact@ntuk.co.uk",,"$2y$10$zYV/S.Gq.fP8mXPJm5fPzuazzHfGz3VA1rAglVnuNIt8IwKagp7ku","54.571481","-1.195462",,,,"GAPGro10652"
"654","GAP Group Ltd","GAP Group Ltd","Unit 2 Shield Road ind. Estate","TW15 1BL","contact@ntuk.co.uk",,"$2y$10$zYV/S.Gq.fP8mXPJm5fPzuazzHfGz3VA1rAglVnuNIt8IwKagp7ku","51.436002","-0.446219",,,,"GAPGro10653"
"655","GAP Group Ltd","GAP Group Ltd","17 Greycaine Road","WD24 7GP","contact@ntuk.co.uk",,"$2y$10$zYV/S.Gq.fP8mXPJm5fPzuazzHfGz3VA1rAglVnuNIt8IwKagp7ku","51.676577","-0.387479",,,,"GAPGro10654"
"656","GAP Group Ltd","GAP Group Ltd","Unit 1","YO19 5UY","contact@ntuk.co.uk",,"$2y$10$zYV/S.Gq.fP8mXPJm5fPzuazzHfGz3VA1rAglVnuNIt8IwKagp7ku","53.962161","-1.005617",,,,"GAPGro10655"
"657","GAP Group Ltd (Lifting)","GAP Group Ltd (Lifting)","Britania Road","EN8 7NU","contact@ntuk.co.uk",,"$2y$10$zYV/S.Gq.fP8mXPJm5fPzuazzHfGz3VA1rAglVnuNIt8IwKagp7ku","51.68518","-0.02515",,,,"GAPGro10656"
"658","GAP Group Ltd.","GAP Group Ltd.","Derby Non Mechanical","DE11 0BB","contact@ntuk.co.uk",,"$2y$10$zYV/S.Gq.fP8mXPJm5fPzuazzHfGz3VA1rAglVnuNIt8IwKagp7ku","52.770668","-1.582748",,,,"GAPGro10657"
"659","Gardner & Scardifield Ltd","Gardner & Scardifield Ltd","17 Ivy-Arch Road","BN14 8BX","contact@ntuk.co.uk",,"$2y$10$zYV/S.Gq.fP8mXPJm5fPzuazzHfGz3VA1rAglVnuNIt8IwKagp7ku","50.819203","-0.370681",,,,"Gardne10658"
"660","Gardner & Scardifield Ltd","Gardner & Scardifield Ltd","2-16 Penhill Road","BN15 8HJ","contact@ntuk.co.uk",,"$2y$10$zYV/S.Gq.fP8mXPJm5fPzuazzHfGz3VA1rAglVnuNIt8IwKagp7ku","50.823841","-0.320996",,,,"Gardne10659"
"661","Garic Limited","Garic Limited","Kingfisher Park","BL9 8GD","contact@ntuk.co.uk",,"$2y$10$zYV/S.Gq.fP8mXPJm5fPzuazzHfGz3VA1rAglVnuNIt8IwKagp7ku","53.570976","-2.268386",,,,"GaricL10660"
"662","GB Tool Hire","GB Tool Hire","32 Beeching Park","PL17 8QS","contact@ntuk.co.uk",,"$2y$10$zYV/S.Gq.fP8mXPJm5fPzuazzHfGz3VA1rAglVnuNIt8IwKagp7ku","50.519939","-4.313629",,,,"GBTool10661"
"663","Gem Tool Hire & Sales Ltd","Gem Tool Hire & Sales Ltd","28 Wedgwood Road","OX26 4UL","contact@ntuk.co.uk",,"$2y$10$zYV/S.Gq.fP8mXPJm5fPzuazzHfGz3VA1rAglVnuNIt8IwKagp7ku","51.904407","-1.136703",,,,"GemToo10662"
"664","Gem Tool Hire and Sales Ltd","Gem Tool Hire and Sales Ltd","England House","OX16 1BQ","contact@ntuk.co.uk",,"$2y$10$zYV/S.Gq.fP8mXPJm5fPzuazzHfGz3VA1rAglVnuNIt8IwKagp7ku","52.068359","-1.356635",,,,"GemToo10663"
"665","Generated Power Services Ltd","Generated Power Services Ltd","Church Lane","SG12 8PP","contact@ntuk.co.uk",,"$2y$10$zYV/S.Gq.fP8mXPJm5fPzuazzHfGz3VA1rAglVnuNIt8IwKagp7ku","51.798104","0.054689",,,,"Genera10664"
"666","Geo-plant Limited","Geo-plant Limited","West Quarry","PH49 4JP","contact@ntuk.co.uk",,"$2y$10$zYV/S.Gq.fP8mXPJm5fPzuazzHfGz3VA1rAglVnuNIt8IwKagp7ku","56.676616","-5.142865",,,,"Geopla10665"
"667","GGH Hire","GGH Hire","Unit 1","EN3 7BY","contact@ntuk.co.uk",,"$2y$10$zYV/S.Gq.fP8mXPJm5fPzuazzHfGz3VA1rAglVnuNIt8IwKagp7ku","51.65911","-0.020862",,,,"GGHHir10666"
"668","Gibbon Equipment Hire Ltd.","Gibbon Equipment Hire Ltd.","High Street","NP12 1BE","contact@ntuk.co.uk",,"$2y$10$zYV/S.Gq.fP8mXPJm5fPzuazzHfGz3VA1rAglVnuNIt8IwKagp7ku","51.671679","-3.195903",,,,"Gibbon10667"
"671","Global Sales","Global Sales","Global House","B14 4RS","contact@ntuk.co.uk",,"$2y$10$zYV/S.Gq.fP8mXPJm5fPzuazzHfGz3VA1rAglVnuNIt8IwKagp7ku","52.4138269","-1.8817954",,,"9/1/2021 13:06:34","Global10670"
"672","Gmac Tool and Plant Hire Ltd.","Gmac Tool and Plant Hire Ltd.","Foxholes Farm","SG13 7NT","contact@ntuk.co.uk",,"$2y$10$zYV/S.Gq.fP8mXPJm5fPzuazzHfGz3VA1rAglVnuNIt8IwKagp7ku","51.793002","-0.051795",,,,"GmacTo10671"
"673","Gmac Tool and Plant Hire Ltd.","Gmac Tool and Plant Hire Ltd.","23 Caishowe Road","WD6 5JB","contact@ntuk.co.uk",,"$2y$10$zYV/S.Gq.fP8mXPJm5fPzuazzHfGz3VA1rAglVnuNIt8IwKagp7ku","51.666196","-0.271472",,,,"GmacTo10672"
"674","GMP Plant Limited t/as GMP Plant Hire ","GMP Plant Limited t/as GMP Plant Hire ","The Barn","CO7 7LT","contact@ntuk.co.uk",,"$2y$10$zYV/S.Gq.fP8mXPJm5fPzuazzHfGz3VA1rAglVnuNIt8IwKagp7ku","51.9313","0.994979",,,,"GMPPla10673"
"675","GNH Agri Limited","GNH Agri Limited","Meithrinfa","LL54 5EN","contact@ntuk.co.uk",,"$2y$10$zYV/S.Gq.fP8mXPJm5fPzuazzHfGz3VA1rAglVnuNIt8IwKagp7ku","53.034972","-4.346523",,,,"GNHAgr10674"
"676","GoHire (Hull) Ltd","GoHire (Hull) Ltd","80 Goulton Street","HU3 4DL","contact@ntuk.co.uk",,"$2y$10$zYV/S.Gq.fP8mXPJm5fPzuazzHfGz3VA1rAglVnuNIt8IwKagp7ku","53.732743","-0.363456",,,,"GoHire10675"
"677","GPH Builders Merchants Ltd","GPH Builders Merchants Ltd","Highclere Business Park","AB51 5QW","contact@ntuk.co.uk",,"$2y$10$zYV/S.Gq.fP8mXPJm5fPzuazzHfGz3VA1rAglVnuNIt8IwKagp7ku","57.284146","-2.402699",,,,"GPHBui10676"
"678","GR8 Tool Hire Limited","GR8 Tool Hire Limited","Unit 4A Birchanger Industrial Estate","CM23 2TH","contact@ntuk.co.uk",,"$2y$10$zYV/S.Gq.fP8mXPJm5fPzuazzHfGz3VA1rAglVnuNIt8IwKagp7ku","51.884629","0.173211",,,,"GR8Too10677"
"680","Grahams Machinery (Sales)","Grahams Machinery (Sales)","Planefast House","TS17 9JZ","contact@ntuk.co.uk",,"$2y$10$zYV/S.Gq.fP8mXPJm5fPzuazzHfGz3VA1rAglVnuNIt8IwKagp7ku","54.526203","-1.288627",,,,"Graham10679"
"681","Graham's Machinery Sales Limited","Graham's Machinery Sales Limited","Deva House","CH1 4NX","contact@ntuk.co.uk",,"$2y$10$zYV/S.Gq.fP8mXPJm5fPzuazzHfGz3VA1rAglVnuNIt8IwKagp7ku","53.19303","-2.918375",,,,"Graham10680"
"682","Greenplant Ltd","Greenplant Ltd","Unit 1 London Road","OX33 1JH","contact@ntuk.co.uk",,"$2y$10$zYV/S.Gq.fP8mXPJm5fPzuazzHfGz3VA1rAglVnuNIt8IwKagp7ku","51.742191","-1.117898",,,,"Greenp10681"
"683","Griffiths Hire Shops Limited","Griffiths Hire Shops Limited","177 Wrexham Road","LL14 4DP","contact@ntuk.co.uk",,"$2y$10$zYV/S.Gq.fP8mXPJm5fPzuazzHfGz3VA1rAglVnuNIt8IwKagp7ku","53.028477","-3.025527",,,,"Griffi10682"
"684","Griffiths Hire Shops Limited","Griffiths Hire Shops Limited","Maes-y-Clawdd","SY10 8NN","contact@ntuk.co.uk",,"$2y$10$zYV/S.Gq.fP8mXPJm5fPzuazzHfGz3VA1rAglVnuNIt8IwKagp7ku","52.845041","-3.035081",,,,"Griffi10683"
"685","Griffiths Hire Shops Limited","Griffiths Hire Shops Limited","Bridgewater Street","SY13 1QJ","contact@ntuk.co.uk",,"$2y$10$zYV/S.Gq.fP8mXPJm5fPzuazzHfGz3VA1rAglVnuNIt8IwKagp7ku","52.967904","-2.678351",,,,"Griffi10684"
"686","GroundsCare Products","GroundsCare Products","Unit 2D Whitehouse Industrial Park","RG26 3PZ","contact@ntuk.co.uk",,"$2y$10$zYV/S.Gq.fP8mXPJm5fPzuazzHfGz3VA1rAglVnuNIt8IwKagp7ku","51.356551","-1.139914",,,,"Ground10685"
"687","GT Hire Services Ltd","GT Hire Services Ltd","2 Lodge Road","CO5 9TU","contact@ntuk.co.uk",,"$2y$10$zYV/S.Gq.fP8mXPJm5fPzuazzHfGz3VA1rAglVnuNIt8IwKagp7ku","51.838071","0.753301",,,,"GTHire10686"
"688","GT Trax Ltd","GT Trax Ltd","High Tree Farm","PE28 2SS","contact@ntuk.co.uk",,"$2y$10$zYV/S.Gq.fP8mXPJm5fPzuazzHfGz3VA1rAglVnuNIt8IwKagp7ku","52.400476","-0.072947",,,,"GTTrax10687"
"689","Hale & Co (Drybrook) Ltd","Hale & Co (Drybrook) Ltd","Nailbridge","GL17 9JW","contact@ntuk.co.uk",,"$2y$10$zYV/S.Gq.fP8mXPJm5fPzuazzHfGz3VA1rAglVnuNIt8IwKagp7ku","51.846307","-2.517959",,,,"HaleCo10688"
"690","Halt Hire Ltd","Halt Hire Ltd","Unit J","TS18 2QQ","contact@ntuk.co.uk",,"$2y$10$zYV/S.Gq.fP8mXPJm5fPzuazzHfGz3VA1rAglVnuNIt8IwKagp7ku","54.575708","-1.284748",,,,"HaltHi10689"
"691","Handy Tools Ltd","Handy Tools Ltd","252 Lichfield Road","B74 2UH","contact@ntuk.co.uk",,"$2y$10$zYV/S.Gq.fP8mXPJm5fPzuazzHfGz3VA1rAglVnuNIt8IwKagp7ku","52.584877","-1.828779",,,,"HandyT10690"
"692","Harborough Tool Hire","Harborough Tool Hire","Unit B Fernie Road","LE16 7PH","contact@ntuk.co.uk",,"$2y$10$zYV/S.Gq.fP8mXPJm5fPzuazzHfGz3VA1rAglVnuNIt8IwKagp7ku","52.479866","-0.91245",,,,"Harbor10691"
"693","Hares Hire Services Ltd","Hares Hire Services Ltd","158 Upminster Road","RM14 2RB","contact@ntuk.co.uk",,"$2y$10$zYV/S.Gq.fP8mXPJm5fPzuazzHfGz3VA1rAglVnuNIt8IwKagp7ku","51.558432","0.238212",,,,"HaresH10692"
"694","Hares Hire Services Ltd.","Hares Hire Services Ltd.","B7 & B8 Suttons Business Park","RM13 8DE","contact@ntuk.co.uk",,"$2y$10$zYV/S.Gq.fP8mXPJm5fPzuazzHfGz3VA1rAglVnuNIt8IwKagp7ku","51.523269","0.175609",,,,"HaresH10693"
"695","Harman (Plant Hire) Ltd.","Harman (Plant Hire) Ltd.","Unit 6 The Hyde Business Park","BN2 4JE","contact@ntuk.co.uk",,"$2y$10$zYV/S.Gq.fP8mXPJm5fPzuazzHfGz3VA1rAglVnuNIt8IwKagp7ku","50.837847","-0.099045",,,,"Harman10694"
"696","Harrison Hire Ltd","Harrison Hire Ltd","Giles Lane Industrial Estate","SP5 2BG","contact@ntuk.co.uk",,"$2y$10$zYV/S.Gq.fP8mXPJm5fPzuazzHfGz3VA1rAglVnuNIt8IwKagp7ku","50.978772","-1.613872",,,,"Harris10695"
"697","Hartley Hire","Hartley Hire","Unit 27 Ladies Walk Industrial Estate","LA1 3NX","contact@ntuk.co.uk",,"$2y$10$zYV/S.Gq.fP8mXPJm5fPzuazzHfGz3VA1rAglVnuNIt8IwKagp7ku","54.056492","-2.792912",,,,"Hartle10696"
"698","Hartley Hire","Hartley Hire","New Road","LA23 2LA","contact@ntuk.co.uk",,"$2y$10$zYV/S.Gq.fP8mXPJm5fPzuazzHfGz3VA1rAglVnuNIt8IwKagp7ku","54.375031","-2.908833",,,,"Hartle10697"
"699","Hartley Hire","Hartley Hire","White Lund Industrial Estate","LA3 3AY","contact@ntuk.co.uk",,"$2y$10$zYV/S.Gq.fP8mXPJm5fPzuazzHfGz3VA1rAglVnuNIt8IwKagp7ku","54.06154","-2.840921",,,,"Hartle10698"
"700","Hartley Hire","Hartley Hire","23-25 Lancaster Road","LA5 9LD","contact@ntuk.co.uk",,"$2y$10$zYV/S.Gq.fP8mXPJm5fPzuazzHfGz3VA1rAglVnuNIt8IwKagp7ku","54.127975","-2.76889",,,,"Hartle10699"
"701","Hartley Hire","Hartley Hire","Unit 6 Beezon Road Trading Estate","LA9 6BW","contact@ntuk.co.uk",,"$2y$10$zYV/S.Gq.fP8mXPJm5fPzuazzHfGz3VA1rAglVnuNIt8IwKagp7ku","54.333079","-2.743263",,,,"Hartle10700"
"707","Hawes Plant & Tool Hire Ltd","Hawes Plant & Tool Hire Ltd","Coronation Road","HP12 3RP","contact@ntuk.co.uk",,"$2y$10$zYV/S.Gq.fP8mXPJm5fPzuazzHfGz3VA1rAglVnuNIt8IwKagp7ku","51.621427","-0.776793",,,,"HawesP10706"
"708","Heathfield Hire","Heathfield Hire","Highgate Hill","TN18 4LG","contact@ntuk.co.uk",,"$2y$10$zYV/S.Gq.fP8mXPJm5fPzuazzHfGz3VA1rAglVnuNIt8IwKagp7ku","51.043498","0.508148",,,,"Heathf10707"
"709","Heathfield Hire","Heathfield Hire","Unit 1","TN21 8DB","contact@ntuk.co.uk",,"$2y$10$zYV/S.Gq.fP8mXPJm5fPzuazzHfGz3VA1rAglVnuNIt8IwKagp7ku","50.969207","0.250887",,,,"Heathf10708"
"710","Hebridean Plant Ltd","Hebridean Plant Ltd","Yard 4 Moorpark","HS2 0EL","contact@ntuk.co.uk",,"$2y$10$zYV/S.Gq.fP8mXPJm5fPzuazzHfGz3VA1rAglVnuNIt8IwKagp7ku","58.213229","-6.416944",,,,"Hebrid10709"
"711","Height Access Hire Ltd","Height Access Hire Ltd","23 Ouley Road","BT32 5DD","contact@ntuk.co.uk",,"$2y$10$zYV/S.Gq.fP8mXPJm5fPzuazzHfGz3VA1rAglVnuNIt8IwKagp7ku","54.2652323","-6.2571217",,,"9/1/2021 13:06:35","Height10710"
"712","Helpful Hirings Ltd","Helpful Hirings Ltd","39-40 Rabans Close","HP19 8RS","contact@ntuk.co.uk",,"$2y$10$zYV/S.Gq.fP8mXPJm5fPzuazzHfGz3VA1rAglVnuNIt8IwKagp7ku","51.823589","-0.85026",,,,"Helpfu10711"
"713","Helpful Hirings Ltd","Helpful Hirings Ltd","Towersey Road","OX9 3QB","contact@ntuk.co.uk",,"$2y$10$zYV/S.Gq.fP8mXPJm5fPzuazzHfGz3VA1rAglVnuNIt8IwKagp7ku","51.742894","-0.947555",,,,"Helpfu10712"
"717","Hereford Tool Hire","Hereford Tool Hire","Sandark House","HR2 6JU","contact@ntuk.co.uk",,"$2y$10$zYV/S.Gq.fP8mXPJm5fPzuazzHfGz3VA1rAglVnuNIt8IwKagp7ku","52.037752","-2.689413",,,,"Herefo10716"
"718","Herne Bay Plant Hire","Herne Bay Plant Hire","Hanover Street","CT6 5RN","contact@ntuk.co.uk",,"$2y$10$zYV/S.Gq.fP8mXPJm5fPzuazzHfGz3VA1rAglVnuNIt8IwKagp7ku","51.370216","1.124704",,,,"HerneB10717"
"719","Herts Tool Company","Herts Tool Company","Lyon Way","AL4 0LR","contact@ntuk.co.uk",,"$2y$10$zYV/S.Gq.fP8mXPJm5fPzuazzHfGz3VA1rAglVnuNIt8IwKagp7ku","51.750681","-0.273624",,,,"HertsT10718"
"720","Hickman Brothers Landscapes Ltd","Hickman Brothers Landscapes Ltd","Shipton Hill","OX18 4BZ","contact@ntuk.co.uk",,"$2y$10$zYV/S.Gq.fP8mXPJm5fPzuazzHfGz3VA1rAglVnuNIt8IwKagp7ku","51.820453","-1.619099",,,,"Hickma10719"
"721","Hi-Gear Ltd.","Hi-Gear Ltd.","70 Commercial Square","LE2 7SR","contact@ntuk.co.uk",,"$2y$10$zYV/S.Gq.fP8mXPJm5fPzuazzHfGz3VA1rAglVnuNIt8IwKagp7ku","52.617311","-1.134138",,,,"HiGear10720"
"722","High Pressure Hire Ltd","High Pressure Hire Ltd","Unit 8 Tyley Park Drive","RG27 9AY","contact@ntuk.co.uk",,"$2y$10$zYV/S.Gq.fP8mXPJm5fPzuazzHfGz3VA1rAglVnuNIt8IwKagp7ku","51.296607","-0.987552",,,,"HighPr10721"
"723","High Reach Systems Ltd","High Reach Systems Ltd","Unit D","BN2 4JE","contact@ntuk.co.uk",,"$2y$10$zYV/S.Gq.fP8mXPJm5fPzuazzHfGz3VA1rAglVnuNIt8IwKagp7ku","50.837847","-0.099045",,,,"HighRe10722"
"725","Hilti (GB) Limited","Hilti (GB) Limited","1 Trafford Wharf Road","M17 1BY","contact@ntuk.co.uk",,"$2y$10$zYV/S.Gq.fP8mXPJm5fPzuazzHfGz3VA1rAglVnuNIt8IwKagp7ku","53.471347","-2.31021",,,,"HiltiG10724"
"726","Himoinsa","Himoinsa","Gateway","CW1 6YY","contact@ntuk.co.uk",,"$2y$10$zYV/S.Gq.fP8mXPJm5fPzuazzHfGz3VA1rAglVnuNIt8IwKagp7ku","53.088072","-2.421755",,,,"Himoin10725"
"727","Hire 365 Limited","Hire 365 Limited","Unit 53 Crown Works","BS24 9BA","contact@ntuk.co.uk",,"$2y$10$zYV/S.Gq.fP8mXPJm5fPzuazzHfGz3VA1rAglVnuNIt8IwKagp7ku","51.328705","-2.958903",,,,"Hire3610726"
"728","Hire 4 Lower (Tool Hire & Sales) Ltd","Hire 4 Lower (Tool Hire & Sales) Ltd","171-172 Sail Street","SE11 6NQ","contact@ntuk.co.uk",,"$2y$10$zYV/S.Gq.fP8mXPJm5fPzuazzHfGz3VA1rAglVnuNIt8IwKagp7ku","51.494678","-0.116216",,,,"Hire4L10727"
"729","Hire Access Limited","Hire Access Limited","Unit 29, Bates Road","RM3 0JH","contact@ntuk.co.uk",,"$2y$10$zYV/S.Gq.fP8mXPJm5fPzuazzHfGz3VA1rAglVnuNIt8IwKagp7ku","51.598222","0.243547",,,,"HireAc10728"
"730","Hire and Supplies Ltd","Hire and Supplies Ltd","Unit 131 Heathhall Industrial Estate","DG1 3PH","contact@ntuk.co.uk",,"$2y$10$zYV/S.Gq.fP8mXPJm5fPzuazzHfGz3VA1rAglVnuNIt8IwKagp7ku","55.089827","-3.562249",,,,"Hirean10729"
"731","Hire and Supplies Ltd","Hire and Supplies Ltd","1 Mill Lane","PA34 4HA","contact@ntuk.co.uk",,"$2y$10$zYV/S.Gq.fP8mXPJm5fPzuazzHfGz3VA1rAglVnuNIt8IwKagp7ku","56.407658","-5.472307",,,,"Hirean10730"
"732","Hire One (St Albans) Ltd","Hire One (St Albans) Ltd","204 Watford Road","AL2 3EB","contact@ntuk.co.uk",,"$2y$10$zYV/S.Gq.fP8mXPJm5fPzuazzHfGz3VA1rAglVnuNIt8IwKagp7ku","51.729539","-0.359487",,,,"HireOn10731"
"733","Hire or Buy Group Ltd","Hire or Buy Group Ltd","Unit 8 St Margarets Way","PE29 6EB","contact@ntuk.co.uk",,"$2y$10$zYV/S.Gq.fP8mXPJm5fPzuazzHfGz3VA1rAglVnuNIt8IwKagp7ku","52.341361","-0.192049",,,,"Hireor10732"
"734","Hire or Buy Group Ltd","Hire or Buy Group Ltd","Unit 3","SG18 0BP","contact@ntuk.co.uk",,"$2y$10$zYV/S.Gq.fP8mXPJm5fPzuazzHfGz3VA1rAglVnuNIt8IwKagp7ku","52.091691","-0.266637",,,,"Hireor10733"
"735","Hire or Buy Group Ltd.","Hire or Buy Group Ltd.","Cosy Corner","PE19 6EH","contact@ntuk.co.uk",,"$2y$10$zYV/S.Gq.fP8mXPJm5fPzuazzHfGz3VA1rAglVnuNIt8IwKagp7ku","52.2462","-0.268487",,,,"Hireor10734"
"736","Hire Sales & Testing Solutions Ltd","Hire Sales & Testing Solutions Ltd","Unit 10 Westlink Business Park","M50 1EW","contact@ntuk.co.uk",,"$2y$10$zYV/S.Gq.fP8mXPJm5fPzuazzHfGz3VA1rAglVnuNIt8IwKagp7ku","53.48186","-2.311462",,,,"HireSa10735"
"737","Hire Services (Southern) Ltd.","Hire Services (Southern) Ltd.","3 Manor Way","GU22 9JX","contact@ntuk.co.uk",,"$2y$10$zYV/S.Gq.fP8mXPJm5fPzuazzHfGz3VA1rAglVnuNIt8IwKagp7ku","51.303261","-0.540925",,,,"HireSe10736"
"738","Hire Standards (Frome) Limited","Hire Standards (Frome) Limited","2B Handle Maker Road","BA11 4RW","contact@ntuk.co.uk",,"$2y$10$zYV/S.Gq.fP8mXPJm5fPzuazzHfGz3VA1rAglVnuNIt8IwKagp7ku","51.219172","-2.328084",,,,"HireSt10737"
"739","Hire Standards Ltd.","Hire Standards Ltd.","5 Washington Road","BA13 4JP","contact@ntuk.co.uk",,"$2y$10$zYV/S.Gq.fP8mXPJm5fPzuazzHfGz3VA1rAglVnuNIt8IwKagp7ku","51.274696","-2.211228",,,,"HireSt10738"
"740","Hire Tools and Sales Ltd","Hire Tools and Sales Ltd","78 St Andrews Road","B9 4LN","contact@ntuk.co.uk",,"$2y$10$zYV/S.Gq.fP8mXPJm5fPzuazzHfGz3VA1rAglVnuNIt8IwKagp7ku","52.478169","-1.873364",,,,"HireTo10739"
"741","Hire World","Hire World","583-585 Selby Road","LS15 8PX","contact@ntuk.co.uk",,"$2y$10$zYV/S.Gq.fP8mXPJm5fPzuazzHfGz3VA1rAglVnuNIt8IwKagp7ku","53.796148","-1.43583",,,,"HireWo10740"
"742","Hirebase","Hirebase","Burrowfield Industrial Estate","AL7 4SR ","contact@ntuk.co.uk",,"$2y$10$zYV/S.Gq.fP8mXPJm5fPzuazzHfGz3VA1rAglVnuNIt8IwKagp7ku","51.789751","-0.207521",,,,"Hireba10741"
"743","Hirebase","Hirebase","Powke Lane","B64 5PX ","contact@ntuk.co.uk",,"$2y$10$zYV/S.Gq.fP8mXPJm5fPzuazzHfGz3VA1rAglVnuNIt8IwKagp7ku","52.480746","-2.061592",,,,"Hireba10742"
"744","Hirebase","Hirebase","Doris Road","B9 4SJ ","contact@ntuk.co.uk",,"$2y$10$zYV/S.Gq.fP8mXPJm5fPzuazzHfGz3VA1rAglVnuNIt8IwKagp7ku","52.477103","-1.861367",,,,"Hireba10743"
"745","Hirebase","Hirebase","Smallwood Street","B98 7AX ","contact@ntuk.co.uk",,"$2y$10$zYV/S.Gq.fP8mXPJm5fPzuazzHfGz3VA1rAglVnuNIt8IwKagp7ku","52.304163","-1.938242",,,,"Hireba10744"
"746","Hirebase","Hirebase","Garrett Road","BA20 2TJ ","contact@ntuk.co.uk",,"$2y$10$zYV/S.Gq.fP8mXPJm5fPzuazzHfGz3VA1rAglVnuNIt8IwKagp7ku","50.933703","-2.658767",,,,"Hireba10745"
"747","Hirebase","Hirebase","The Former Bakery","BA3 4BS ","contact@ntuk.co.uk",,"$2y$10$zYV/S.Gq.fP8mXPJm5fPzuazzHfGz3VA1rAglVnuNIt8IwKagp7ku","51.280163","-2.468265",,,,"Hireba10746"
"748","Hirebase","Hirebase"," Atlas Mill","BL1 4QG","contact@ntuk.co.uk",,"$2y$10$zYV/S.Gq.fP8mXPJm5fPzuazzHfGz3VA1rAglVnuNIt8IwKagp7ku","53.587246","-2.455157",,,,"Hireba10747"
"749","Hirebase","Hirebase","Searle Crescent","BS23 3YX ","contact@ntuk.co.uk",,"$2y$10$zYV/S.Gq.fP8mXPJm5fPzuazzHfGz3VA1rAglVnuNIt8IwKagp7ku","51.34227","-2.95719",,,,"Hireba10748"
"750","Hirebase","Hirebase","The Gallagher Trading Park","BS30 7DA ","contact@ntuk.co.uk",,"$2y$10$zYV/S.Gq.fP8mXPJm5fPzuazzHfGz3VA1rAglVnuNIt8IwKagp7ku","51.444518","-2.497945",,,,"Hireba10749"
"751","Hirebase","Hirebase","Phoenix Road","CB9 7AE","contact@ntuk.co.uk",,"$2y$10$zYV/S.Gq.fP8mXPJm5fPzuazzHfGz3VA1rAglVnuNIt8IwKagp7ku","52.070543","0.440593",,,,"Hireba10750"
"752","Hirebase","Hirebase","Cambridge Road","CM20 2EU","contact@ntuk.co.uk",,"$2y$10$zYV/S.Gq.fP8mXPJm5fPzuazzHfGz3VA1rAglVnuNIt8IwKagp7ku","51.791","0.13176",,,,"Hireba10751"
"753","Hirebase","Hirebase","Manor Street","CM7 3HS ","contact@ntuk.co.uk",,"$2y$10$zYV/S.Gq.fP8mXPJm5fPzuazzHfGz3VA1rAglVnuNIt8IwKagp7ku","51.877706","0.560582",,,,"Hireba10752"
"754","Hirebase","Hirebase","Selsdon Good Yard","CR2 0EA ","contact@ntuk.co.uk",,"$2y$10$zYV/S.Gq.fP8mXPJm5fPzuazzHfGz3VA1rAglVnuNIt8IwKagp7ku","51.35705","-0.091505",,,,"Hireba10753"
"755","Hirebase","Hirebase","Honeywood Parkway","CT16 3PT","contact@ntuk.co.uk",,"$2y$10$zYV/S.Gq.fP8mXPJm5fPzuazzHfGz3VA1rAglVnuNIt8IwKagp7ku","51.153526","1.302878",,,,"Hireba10754"
"756","Hirebase","Hirebase","Sea Street","CT6 8JZ ","contact@ntuk.co.uk",,"$2y$10$zYV/S.Gq.fP8mXPJm5fPzuazzHfGz3VA1rAglVnuNIt8IwKagp7ku","51.363618","1.101539",,,,"Hireba10755"
"757","Hirebase","Hirebase","Weddington Road","CV10 0AX ","contact@ntuk.co.uk",,"$2y$10$zYV/S.Gq.fP8mXPJm5fPzuazzHfGz3VA1rAglVnuNIt8IwKagp7ku","52.528433","-1.463069",,,,"Hireba10756"
"758","Hirebase","Hirebase","Maybrook Road","CV37 0AB ","contact@ntuk.co.uk",,"$2y$10$zYV/S.Gq.fP8mXPJm5fPzuazzHfGz3VA1rAglVnuNIt8IwKagp7ku","52.197732","-1.715096",,,,"Hireba10757"
"759","Hirebase","Hirebase","Newport Road","CV6 4BQ ","contact@ntuk.co.uk",,"$2y$10$zYV/S.Gq.fP8mXPJm5fPzuazzHfGz3VA1rAglVnuNIt8IwKagp7ku","52.438375","-1.505294",,,,"Hireba10758"
"760","Hirebase","Hirebase","Barony Employment Park","CW5 6RG ","contact@ntuk.co.uk",,"$2y$10$zYV/S.Gq.fP8mXPJm5fPzuazzHfGz3VA1rAglVnuNIt8IwKagp7ku","53.077222","-2.517511",,,,"Hireba10759"
"761","Hirebase","Hirebase","Chapel Street","CW9 6DA ","contact@ntuk.co.uk",,"$2y$10$zYV/S.Gq.fP8mXPJm5fPzuazzHfGz3VA1rAglVnuNIt8IwKagp7ku","53.271945","-2.493425",,,,"Hireba10760"
"762","Hirebase","Hirebase","15-17 Pickford Lane","DA7 4RD","contact@ntuk.co.uk",,"$2y$10$zYV/S.Gq.fP8mXPJm5fPzuazzHfGz3VA1rAglVnuNIt8IwKagp7ku","51.464277","0.132475",,,,"Hireba10761"
"763","Hirebase","Hirebase","Lakes Buildbase","DE1 1LQ ","contact@ntuk.co.uk",,"$2y$10$zYV/S.Gq.fP8mXPJm5fPzuazzHfGz3VA1rAglVnuNIt8IwKagp7ku","52.92123","-1.496361",,,,"Hireba10762"
"764","Hirebase","Hirebase","Lakes Buildbase","DE56 1UU ","contact@ntuk.co.uk",,"$2y$10$zYV/S.Gq.fP8mXPJm5fPzuazzHfGz3VA1rAglVnuNIt8IwKagp7ku","53.017149","-1.484438",,,,"Hireba10763"
"765","Hirebase","Hirebase","Rowland Road","DN16 1ST ","contact@ntuk.co.uk",,"$2y$10$zYV/S.Gq.fP8mXPJm5fPzuazzHfGz3VA1rAglVnuNIt8IwKagp7ku","53.586055","-0.64683",,,,"Hireba10764"
"766","Hirebase","Hirebase","Grime Street","DN31 1NR","contact@ntuk.co.uk",,"$2y$10$zYV/S.Gq.fP8mXPJm5fPzuazzHfGz3VA1rAglVnuNIt8IwKagp7ku","53.568264","-0.079758",,,,"Hireba10765"
"767","Hirebase","Hirebase","Dace Road","E3 2NN ","contact@ntuk.co.uk",,"$2y$10$zYV/S.Gq.fP8mXPJm5fPzuazzHfGz3VA1rAglVnuNIt8IwKagp7ku","51.538068","-0.020681",,,,"Hireba10766"
"768","Hirebase","Hirebase","Polkemmet Garage","EH47 0LH ","contact@ntuk.co.uk",,"$2y$10$zYV/S.Gq.fP8mXPJm5fPzuazzHfGz3VA1rAglVnuNIt8IwKagp7ku","55.859331","-3.697555",,,,"Hireba10767"
"769","Hirebase","Hirebase","Unit S","EX2 8LB","contact@ntuk.co.uk",,"$2y$10$zYV/S.Gq.fP8mXPJm5fPzuazzHfGz3VA1rAglVnuNIt8IwKagp7ku","50.696461","-3.51556",,,,"Hireba10768"
"770","Hirebase","Hirebase","Salterton Road","EX8 2NS","contact@ntuk.co.uk",,"$2y$10$zYV/S.Gq.fP8mXPJm5fPzuazzHfGz3VA1rAglVnuNIt8IwKagp7ku","50.628888","-3.383023",,,,"Hireba10769"
"771","Hirebase","Hirebase","Unit 1","FK2 8NZ","contact@ntuk.co.uk",,"$2y$10$zYV/S.Gq.fP8mXPJm5fPzuazzHfGz3VA1rAglVnuNIt8IwKagp7ku","56.025136","-3.790948",,,,"Hireba10770"
"772","Hirebase","Hirebase","528B Blochairn Road","G21 2DZ ","contact@ntuk.co.uk",,"$2y$10$zYV/S.Gq.fP8mXPJm5fPzuazzHfGz3VA1rAglVnuNIt8IwKagp7ku","55.869052","-4.208393",,,,"Hireba10771"
"773","Hirebase","Hirebase","Metz Way","GL4 4RT ","contact@ntuk.co.uk",,"$2y$10$zYV/S.Gq.fP8mXPJm5fPzuazzHfGz3VA1rAglVnuNIt8IwKagp7ku","51.856059","-2.217021",,,,"Hireba10772"
"774","Hirebase","Hirebase","Chosen View Road","GL51 9LT","contact@ntuk.co.uk",,"$2y$10$zYV/S.Gq.fP8mXPJm5fPzuazzHfGz3VA1rAglVnuNIt8IwKagp7ku","51.91723","-2.09213",,,,"Hireba10773"
"775","Hirebase","Hirebase","1 Elliott Road","GL7 1YS ","contact@ntuk.co.uk",,"$2y$10$zYV/S.Gq.fP8mXPJm5fPzuazzHfGz3VA1rAglVnuNIt8IwKagp7ku","51.70389","-1.957698",,,,"Hireba10774"
"776","Hirebase","Hirebase","Weydon Lane","GU9 8QW","contact@ntuk.co.uk",,"$2y$10$zYV/S.Gq.fP8mXPJm5fPzuazzHfGz3VA1rAglVnuNIt8IwKagp7ku","51.207196","-0.801712",,,,"Hireba10775"
"777","Hirebase","Hirebase","Valley Road","HP14 4LG ","contact@ntuk.co.uk",,"$2y$10$zYV/S.Gq.fP8mXPJm5fPzuazzHfGz3VA1rAglVnuNIt8IwKagp7ku","51.66126","-0.751128",,,,"Hireba10776"
"778","Hirebase","Hirebase","Stowmarket Business Park","IP14 2ED ","contact@ntuk.co.uk",,"$2y$10$zYV/S.Gq.fP8mXPJm5fPzuazzHfGz3VA1rAglVnuNIt8IwKagp7ku","52.171084","1.015952",,,,"Hireba10777"
"779","Hirebase","Hirebase","Wyatts Way","IP24 1HB ","contact@ntuk.co.uk",,"$2y$10$zYV/S.Gq.fP8mXPJm5fPzuazzHfGz3VA1rAglVnuNIt8IwKagp7ku","52.428441","0.741945",,,,"Hireba10778"
"780","Hirebase","Hirebase","11 Central Avenue","IP3 9SL ","contact@ntuk.co.uk",,"$2y$10$zYV/S.Gq.fP8mXPJm5fPzuazzHfGz3VA1rAglVnuNIt8IwKagp7ku","52.030523","1.21311",,,,"Hireba10779"
"781","Hirebase","Hirebase","Lady Lane Industrial Estate","IP7 6BQ ","contact@ntuk.co.uk",,"$2y$10$zYV/S.Gq.fP8mXPJm5fPzuazzHfGz3VA1rAglVnuNIt8IwKagp7ku","52.051114","0.96442",,,,"Hireba10780"
"782","Hirebase","Hirebase","2 Roy Richmond Way","KT20 6EN ","contact@ntuk.co.uk",,"$2y$10$zYV/S.Gq.fP8mXPJm5fPzuazzHfGz3VA1rAglVnuNIt8IwKagp7ku","51.294787","-0.211317",,,,"Hireba10781"
"783","Hirebase","Hirebase","Cox Lane","KT9 1SG ","contact@ntuk.co.uk",,"$2y$10$zYV/S.Gq.fP8mXPJm5fPzuazzHfGz3VA1rAglVnuNIt8IwKagp7ku","51.369253","-0.289444",,,,"Hireba10782"
"784","Hirebase","Hirebase","15-21 Cannock Street","LE4 9HR ","contact@ntuk.co.uk",,"$2y$10$zYV/S.Gq.fP8mXPJm5fPzuazzHfGz3VA1rAglVnuNIt8IwKagp7ku","52.662892","-1.080541",,,,"Hireba10783"
"785","Hirebase","Hirebase","14 Station Road","LE67 2GB ","contact@ntuk.co.uk",,"$2y$10$zYV/S.Gq.fP8mXPJm5fPzuazzHfGz3VA1rAglVnuNIt8IwKagp7ku","52.708298","-1.372547",,,,"Hireba10784"
"786","Hirebase","Hirebase","Bolingbroke Road","LN11 0WA ","contact@ntuk.co.uk",,"$2y$10$zYV/S.Gq.fP8mXPJm5fPzuazzHfGz3VA1rAglVnuNIt8IwKagp7ku","53.382837","-0.008902",,,,"Hireba10785"
"787","Hirebase","Hirebase","Pelham House","LN5 8HG ","contact@ntuk.co.uk",,"$2y$10$zYV/S.Gq.fP8mXPJm5fPzuazzHfGz3VA1rAglVnuNIt8IwKagp7ku","53.2229","-0.533829",,,,"Hireba10786"
"788","Hirebase","Hirebase","Gallamore Lane","LN8 3HA ","contact@ntuk.co.uk",,"$2y$10$zYV/S.Gq.fP8mXPJm5fPzuazzHfGz3VA1rAglVnuNIt8IwKagp7ku","53.391097","-0.342303",,,,"Hireba10787"
"789","Hirebase","Hirebase","Morpeth Street","M27 5RR","contact@ntuk.co.uk",,"$2y$10$zYV/S.Gq.fP8mXPJm5fPzuazzHfGz3VA1rAglVnuNIt8IwKagp7ku","53.503719","-2.344323",,,,"Hireba10788"
"790","Hirebase","Hirebase","Simpson Road","MK1 1BB ","contact@ntuk.co.uk",,"$2y$10$zYV/S.Gq.fP8mXPJm5fPzuazzHfGz3VA1rAglVnuNIt8IwKagp7ku","52.001272","-0.715963",,,,"Hireba10789"
"791","Hirebase","Hirebase","Oakleigh Road South","N11 1HJ ","contact@ntuk.co.uk",,"$2y$10$zYV/S.Gq.fP8mXPJm5fPzuazzHfGz3VA1rAglVnuNIt8IwKagp7ku","51.620558","-0.148654",,,,"Hireba10790"
"792","Hirebase","Hirebase","40 Muswell Hill Road","N6 5UN ","contact@ntuk.co.uk",,"$2y$10$zYV/S.Gq.fP8mXPJm5fPzuazzHfGz3VA1rAglVnuNIt8IwKagp7ku","51.580382","-0.146506",,,,"Hireba10791"
"793","Hirebase","Hirebase","New Road","NE11 0JU ","contact@ntuk.co.uk",,"$2y$10$zYV/S.Gq.fP8mXPJm5fPzuazzHfGz3VA1rAglVnuNIt8IwKagp7ku","54.940363","-1.6288",,,,"Hireba10792"
"794","Hirebase","Hirebase","Gin Close Way","NG16 2TA ","contact@ntuk.co.uk",,"$2y$10$zYV/S.Gq.fP8mXPJm5fPzuazzHfGz3VA1rAglVnuNIt8IwKagp7ku","52.997338","-1.280428",,,,"Hireba10793"
"795","Hirebase","Hirebase","Coxmoor Road","NG17 4NE ","contact@ntuk.co.uk",,"$2y$10$zYV/S.Gq.fP8mXPJm5fPzuazzHfGz3VA1rAglVnuNIt8IwKagp7ku","53.126461","-1.241481",,,,"Hireba10794"
"796","Hirebase","Hirebase","Trent House","NG24 1QJ ","contact@ntuk.co.uk",,"$2y$10$zYV/S.Gq.fP8mXPJm5fPzuazzHfGz3VA1rAglVnuNIt8IwKagp7ku","53.079959","-0.802577",,,,"Hireba10795"
"797","Hirebase","Hirebase","South Parade","NG31 6DD ","contact@ntuk.co.uk",,"$2y$10$zYV/S.Gq.fP8mXPJm5fPzuazzHfGz3VA1rAglVnuNIt8IwKagp7ku","52.902874","-0.636928",,,,"Hireba10796"
"798","Hirebase","Hirebase","East Road","NG34 7EQ ","contact@ntuk.co.uk",,"$2y$10$zYV/S.Gq.fP8mXPJm5fPzuazzHfGz3VA1rAglVnuNIt8IwKagp7ku","53.004636","-0.396537",,,,"Hireba10797"
"799","Hirebase","Hirebase","Northampton Road","NN10 6AR ","contact@ntuk.co.uk",,"$2y$10$zYV/S.Gq.fP8mXPJm5fPzuazzHfGz3VA1rAglVnuNIt8IwKagp7ku","52.299379","-0.619588",,,,"Hireba10798"
"800","Hirebase","Hirebase","Commercial Road","NN17 5XG","contact@ntuk.co.uk",,"$2y$10$zYV/S.Gq.fP8mXPJm5fPzuazzHfGz3VA1rAglVnuNIt8IwKagp7ku","52.490475","-0.676872",,,,"Hireba10799"
"801","Hirebase","Hirebase","Watlington Road","OX4 6LN ","contact@ntuk.co.uk",,"$2y$10$zYV/S.Gq.fP8mXPJm5fPzuazzHfGz3VA1rAglVnuNIt8IwKagp7ku","51.725778","-1.192302",,,,"Hireba10800"
"802","Hirebase","Hirebase","Snipefield Industrial Estate","PA28 6SY ","contact@ntuk.co.uk",,"$2y$10$zYV/S.Gq.fP8mXPJm5fPzuazzHfGz3VA1rAglVnuNIt8IwKagp7ku","55.433185","-5.614593",,,,"Hireba10801"
"803","Hirebase","Hirebase","MGM Timber","PA34 4PH ","contact@ntuk.co.uk",,"$2y$10$zYV/S.Gq.fP8mXPJm5fPzuazzHfGz3VA1rAglVnuNIt8IwKagp7ku","56.407327","-5.470964",,,,"Hireba10802"
"804","Hirebase","Hirebase","6 Tattershall Road","PE21 9JG ","contact@ntuk.co.uk",,"$2y$10$zYV/S.Gq.fP8mXPJm5fPzuazzHfGz3VA1rAglVnuNIt8IwKagp7ku","52.9821","-0.028959",,,,"Hireba10803"
"805","Hirebase","Hirebase","23 Burgh Road","PE25 2SD","contact@ntuk.co.uk",,"$2y$10$zYV/S.Gq.fP8mXPJm5fPzuazzHfGz3VA1rAglVnuNIt8IwKagp7ku","53.150222","0.336883",,,,"Hireba10804"
"806","Hirebase","Hirebase","Radcliffe Road","PE9 1AP ","contact@ntuk.co.uk",,"$2y$10$zYV/S.Gq.fP8mXPJm5fPzuazzHfGz3VA1rAglVnuNIt8IwKagp7ku","52.65397","-0.484249",,,,"Hireba10805"
"807","Hirebase","Hirebase","Burrfields Road","PO3 5NA ","contact@ntuk.co.uk",,"$2y$10$zYV/S.Gq.fP8mXPJm5fPzuazzHfGz3VA1rAglVnuNIt8IwKagp7ku","50.817281","-1.057059",,,,"Hireba10806"
"808","Hirebase","Hirebase","Mandarin Court","RG14 5SU ","contact@ntuk.co.uk",,"$2y$10$zYV/S.Gq.fP8mXPJm5fPzuazzHfGz3VA1rAglVnuNIt8IwKagp7ku","51.398997","-1.309128",,,,"Hireba10807"
"809","Hirebase","Hirebase","Stephenson Way","RH10 1TN","contact@ntuk.co.uk",,"$2y$10$zYV/S.Gq.fP8mXPJm5fPzuazzHfGz3VA1rAglVnuNIt8IwKagp7ku","51.114396","-0.164685",,,,"Hireba10808"
"810","Hirebase","Hirebase","Newbold Road","S41 7PB ","contact@ntuk.co.uk",,"$2y$10$zYV/S.Gq.fP8mXPJm5fPzuazzHfGz3VA1rAglVnuNIt8IwKagp7ku","53.238328","-1.427906",,,,"Hireba10809"
"811","Hirebase","Hirebase","Unit One","S60 1SA ","contact@ntuk.co.uk",,"$2y$10$zYV/S.Gq.fP8mXPJm5fPzuazzHfGz3VA1rAglVnuNIt8IwKagp7ku","53.438257","-1.353992",,,,"Hireba10810"
"812","Hirebase","Hirebase","Rowms Lane","S64 8BP ","contact@ntuk.co.uk",,"$2y$10$zYV/S.Gq.fP8mXPJm5fPzuazzHfGz3VA1rAglVnuNIt8IwKagp7ku","53.489832","-1.302402",,,,"Hireba10811"
"813","Hirebase","Hirebase","Wakefield Road","S71 1NH ","contact@ntuk.co.uk",,"$2y$10$zYV/S.Gq.fP8mXPJm5fPzuazzHfGz3VA1rAglVnuNIt8IwKagp7ku","53.570968","-1.473939",,,,"Hireba10812"
"814","Hirebase","Hirebase","Blackpool Road","SE15 3SU ","contact@ntuk.co.uk",,"$2y$10$zYV/S.Gq.fP8mXPJm5fPzuazzHfGz3VA1rAglVnuNIt8IwKagp7ku","51.469789","-0.063939",,,,"Hireba10813"
"815","Hirebase","Hirebase","Cockerell Close","SG1 2NB","contact@ntuk.co.uk",,"$2y$10$zYV/S.Gq.fP8mXPJm5fPzuazzHfGz3VA1rAglVnuNIt8IwKagp7ku","51.906116","-0.214042",,,,"Hireba10814"
"816","Hirebase","Hirebase","Eastaff House","SG19 1SD","contact@ntuk.co.uk",,"$2y$10$zYV/S.Gq.fP8mXPJm5fPzuazzHfGz3VA1rAglVnuNIt8IwKagp7ku","52.144551","-0.28623",,,,"Hireba10815"
"817","Hirebase","Hirebase","Unit 1","SK3 0SB ","contact@ntuk.co.uk",,"$2y$10$zYV/S.Gq.fP8mXPJm5fPzuazzHfGz3VA1rAglVnuNIt8IwKagp7ku","53.393979","-2.186819",,,,"Hireba10816"
"818","Hirebase","Hirebase","Oxford Road","SN11 8RT ","contact@ntuk.co.uk",,"$2y$10$zYV/S.Gq.fP8mXPJm5fPzuazzHfGz3VA1rAglVnuNIt8IwKagp7ku","51.450917","-1.994713",,,,"Hireba10817"
"819","Hirebase","Hirebase","31 Lysander Road","SN12 6SP ","contact@ntuk.co.uk",,"$2y$10$zYV/S.Gq.fP8mXPJm5fPzuazzHfGz3VA1rAglVnuNIt8IwKagp7ku","51.356513","-2.131096",,,,"Hireba10818"
"820","Hirebase","Hirebase","Hawksworth Industrial Estate","SN2 1EA ","contact@ntuk.co.uk",,"$2y$10$zYV/S.Gq.fP8mXPJm5fPzuazzHfGz3VA1rAglVnuNIt8IwKagp7ku","51.568001","-1.797647",,,,"Hireba10819"
"821","Hirebase","Hirebase","Thompson House","SR2 8QR ","contact@ntuk.co.uk",,"$2y$10$zYV/S.Gq.fP8mXPJm5fPzuazzHfGz3VA1rAglVnuNIt8IwKagp7ku","54.894206","-1.36523",,,,"Hireba10820"
"822","Hirebase","Hirebase","Meir Road","ST3 7JD ","contact@ntuk.co.uk",,"$2y$10$zYV/S.Gq.fP8mXPJm5fPzuazzHfGz3VA1rAglVnuNIt8IwKagp7ku","52.978908","-2.115857",,,,"Hireba10821"
"823","Hirebase","Hirebase","103 Longden Road","SY3 9PS ","contact@ntuk.co.uk",,"$2y$10$zYV/S.Gq.fP8mXPJm5fPzuazzHfGz3VA1rAglVnuNIt8IwKagp7ku","52.690025","-2.772555",,,,"Hireba10822"
"824","Hirebase","Hirebase","Bagley Road","TA21 9PZ ","contact@ntuk.co.uk",,"$2y$10$zYV/S.Gq.fP8mXPJm5fPzuazzHfGz3VA1rAglVnuNIt8IwKagp7ku","50.967412","-3.246608",,,,"Hireba10823"
"825","Hirebase","Hirebase","Western Way","TF9 3UY ","contact@ntuk.co.uk",,"$2y$10$zYV/S.Gq.fP8mXPJm5fPzuazzHfGz3VA1rAglVnuNIt8IwKagp7ku","52.916752","-2.488513",,,,"Hireba10824"
"826","Hirebase","Hirebase","Cowley Mill Trading Estate","UB8 2YG ","contact@ntuk.co.uk",,"$2y$10$zYV/S.Gq.fP8mXPJm5fPzuazzHfGz3VA1rAglVnuNIt8IwKagp7ku","51.539202","-0.493522",,,,"Hireba10825"
"827","Hirebase","Hirebase","202 Gibbons Road","WN4 0YA ","contact@ntuk.co.uk",,"$2y$10$zYV/S.Gq.fP8mXPJm5fPzuazzHfGz3VA1rAglVnuNIt8IwKagp7ku","53.488253","-2.664987",,,,"Hireba10826"
"828","Hirebase","Hirebase","Freefield","ZE1 0NH ","contact@ntuk.co.uk",,"$2y$10$zYV/S.Gq.fP8mXPJm5fPzuazzHfGz3VA1rAglVnuNIt8IwKagp7ku","60.158612","-1.15176",,,,"Hireba10827"
"829","hirecentres.com","hirecentres.com","3 Millers Road","CV34 5AN","contact@ntuk.co.uk",,"$2y$10$zYV/S.Gq.fP8mXPJm5fPzuazzHfGz3VA1rAglVnuNIt8IwKagp7ku","52.29159","-1.58949",,,,"hirece10828"
"830","hirecentres.com","hirecentres.com","Leicester Road","LE17 4NJ","contact@ntuk.co.uk",,"$2y$10$zYV/S.Gq.fP8mXPJm5fPzuazzHfGz3VA1rAglVnuNIt8IwKagp7ku","52.46339","-1.197729",,,,"hirece10829"
"831","hirecentres.com t/a Plantool Limited","hirecentres.com t/a Plantool Limited","Attleborough Fileds Industrial Estate","CV11 6RP","contact@ntuk.co.uk",,"$2y$10$zYV/S.Gq.fP8mXPJm5fPzuazzHfGz3VA1rAglVnuNIt8IwKagp7ku","52.51454","-1.448723",,,,"hirece10830"
"832","Hire-Equip (NW) Ltd","Hire-Equip (NW) Ltd","Unit 1 Nash Road","M17 1SX","contact@ntuk.co.uk",,"$2y$10$zYV/S.Gq.fP8mXPJm5fPzuazzHfGz3VA1rAglVnuNIt8IwKagp7ku","53.474815","-2.340322",,,,"HireEq10831"
"833","Hire-Equip (NW) Ltd","Hire-Equip (NW) Ltd","Unit 1 The Oakfield Centre","M22 4UX","contact@ntuk.co.uk",,"$2y$10$zYV/S.Gq.fP8mXPJm5fPzuazzHfGz3VA1rAglVnuNIt8IwKagp7ku","53.4024","-2.25529",,,,"HireEq10832"
"834","Hire-Equip (NW) Ltd","Hire-Equip (NW) Ltd","Unit 6","WA4 6QQ","contact@ntuk.co.uk",,"$2y$10$zYV/S.Gq.fP8mXPJm5fPzuazzHfGz3VA1rAglVnuNIt8IwKagp7ku","53.380061","-2.585143",,,,"HireEq10833"
"835","Hireforce Limited","Hireforce Limited","323 Summer Lane","B19 3RG","contact@ntuk.co.uk",,"$2y$10$zYV/S.Gq.fP8mXPJm5fPzuazzHfGz3VA1rAglVnuNIt8IwKagp7ku","52.490366","-1.899514",,,,"Hirefo10834"
"836","Hireforce Limited","Hireforce Limited","Unit C","LE18 2BJ","contact@ntuk.co.uk",,"$2y$10$zYV/S.Gq.fP8mXPJm5fPzuazzHfGz3VA1rAglVnuNIt8IwKagp7ku","52.591525","-1.123989",,,,"Hirefo10835"
"837","Hireforce Ltd.","Hireforce Ltd.","Unit 11","DE21 6HA","contact@ntuk.co.uk",,"$2y$10$zYV/S.Gq.fP8mXPJm5fPzuazzHfGz3VA1rAglVnuNIt8IwKagp7ku","52.921177","-1.451696",,,,"Hirefo10836"
"838","Hireforce Ltd.","Hireforce Ltd.","Unit B Acorn Park","NG7 2TR","contact@ntuk.co.uk",,"$2y$10$zYV/S.Gq.fP8mXPJm5fPzuazzHfGz3VA1rAglVnuNIt8IwKagp7ku","52.933472","-1.182208",,,,"Hirefo10837"
"839","HireHop Limited","HireHop Limited","56 The Enterprise Centre","EN6 3DQ","contact@ntuk.co.uk",,"$2y$10$zYV/S.Gq.fP8mXPJm5fPzuazzHfGz3VA1rAglVnuNIt8IwKagp7ku","51.705986","-0.204929",,,,"HireHo10838"
"840","Hire-It (Kidderminster)","Hire-It (Kidderminster)","Worcester Road","DY10 1HS","contact@ntuk.co.uk",,"$2y$10$zYV/S.Gq.fP8mXPJm5fPzuazzHfGz3VA1rAglVnuNIt8IwKagp7ku","52.378899","-2.251104",,,,"HireIt10839"
"841","Hirelink UK (Midlands) Ltd.","Hirelink UK (Midlands) Ltd.","Hirelink House","B73 5TR","contact@ntuk.co.uk",,"$2y$10$zYV/S.Gq.fP8mXPJm5fPzuazzHfGz3VA1rAglVnuNIt8IwKagp7ku","52.548707","-1.839405",,,,"Hireli10840"
"842","HP Hire","HP Hire","5 Black Stick Road","BT74 4EB","contact@ntuk.co.uk",,"$2y$10$zYV/S.Gq.fP8mXPJm5fPzuazzHfGz3VA1rAglVnuNIt8IwKagp7ku","54.3355903","-7.619037",,,"9/1/2021 13:06:35","HPHire10841"
"843","HS Hire and Sales Ltd.","HS Hire and Sales Ltd.","Units 6 & 7","TQ14 9AE","contact@ntuk.co.uk",,"$2y$10$zYV/S.Gq.fP8mXPJm5fPzuazzHfGz3VA1rAglVnuNIt8IwKagp7ku","50.547046","-3.514674",,,,"HSHire10842"
"844","HSB Hire Ltd","HSB Hire Ltd","7 Laragh Road","BT46 5NS","contact@ntuk.co.uk",,"$2y$10$zYV/S.Gq.fP8mXPJm5fPzuazzHfGz3VA1rAglVnuNIt8IwKagp7ku","54.919813","-6.6789009",,,"9/1/2021 13:06:35","HSBHir10843"
"845","HSC Machinery, Spares & Consumables","HSC Machinery, Spares & Consumables","Farrell House","WR5 3DW","contact@ntuk.co.uk",,"$2y$10$zYV/S.Gq.fP8mXPJm5fPzuazzHfGz3VA1rAglVnuNIt8IwKagp7ku","52.176284","-2.215097",,,,"HSCMac10844"
"846","HSG Services Ltd t/as Hire Support Group","HSG Services Ltd t/as Hire Support Group","Cromwell House","NG18 1RR","contact@ntuk.co.uk",,"$2y$10$zYV/S.Gq.fP8mXPJm5fPzuazzHfGz3VA1rAglVnuNIt8IwKagp7ku","53.146499","-1.19898",,,,"HSGSer10845"
"847","HSS Hire","HSS Hire","U2, 36 Commerce Street","AB11 5BR","contact@ntuk.co.uk",,"$2y$10$zYV/S.Gq.fP8mXPJm5fPzuazzHfGz3VA1rAglVnuNIt8IwKagp7ku","57.14761","-2.087425",,,,"HSSHir10846"
"848","HSS Hire","HSS Hire","27 Bridge Road","AL7 1JE","contact@ntuk.co.uk",,"$2y$10$zYV/S.Gq.fP8mXPJm5fPzuazzHfGz3VA1rAglVnuNIt8IwKagp7ku","51.801987","-0.196767",,,,"HSSHir10847"
"849","HSS Hire","HSS Hire","635 Kingsbury Road","B24 9PP","contact@ntuk.co.uk",,"$2y$10$zYV/S.Gq.fP8mXPJm5fPzuazzHfGz3VA1rAglVnuNIt8IwKagp7ku","52.516061","-1.817876",,,,"HSSHir10848"
"850","HSS Hire","HSS Hire","Unit 2","B71 4JZ","contact@ntuk.co.uk",,"$2y$10$zYV/S.Gq.fP8mXPJm5fPzuazzHfGz3VA1rAglVnuNIt8IwKagp7ku","52.510407","-1.969604",,,,"HSSHir10849"
"851","HSS Hire","HSS Hire","Unit 1 Focus Park","B90 4QU","contact@ntuk.co.uk",,"$2y$10$zYV/S.Gq.fP8mXPJm5fPzuazzHfGz3VA1rAglVnuNIt8IwKagp7ku","52.396812","-1.808418",,,,"HSSHir10850"
"852","HSS Hire","HSS Hire","Clifton Street","BB12 0QZ","contact@ntuk.co.uk",,"$2y$10$zYV/S.Gq.fP8mXPJm5fPzuazzHfGz3VA1rAglVnuNIt8IwKagp7ku","53.792784","-2.252876",,,,"HSSHir10851"
"853","HSS Hire","HSS Hire","Whalley Banks","BB2 1NT","contact@ntuk.co.uk",,"$2y$10$zYV/S.Gq.fP8mXPJm5fPzuazzHfGz3VA1rAglVnuNIt8IwKagp7ku","53.743559","-2.491946",,,,"HSSHir10852"
"854","HSS Hire","HSS Hire","17a Christchurch Road","BH1 3LF","contact@ntuk.co.uk",,"$2y$10$zYV/S.Gq.fP8mXPJm5fPzuazzHfGz3VA1rAglVnuNIt8IwKagp7ku","50.721882","-1.862167",,,,"HSSHir10853"
"855","HSS Hire","HSS Hire","1 Manchester Road","BL2 1EH","contact@ntuk.co.uk",,"$2y$10$zYV/S.Gq.fP8mXPJm5fPzuazzHfGz3VA1rAglVnuNIt8IwKagp7ku","53.574751","-2.423762",,,,"HSSHir10854"
"856","HSS Hire","HSS Hire","131 Bell Lane","BL9 6DE","contact@ntuk.co.uk",,"$2y$10$zYV/S.Gq.fP8mXPJm5fPzuazzHfGz3VA1rAglVnuNIt8IwKagp7ku","53.59733","-2.280369",,,,"HSSHir10855"
"857","HSS Hire","HSS Hire","403 Seaside","BN22 7RT","contact@ntuk.co.uk",,"$2y$10$zYV/S.Gq.fP8mXPJm5fPzuazzHfGz3VA1rAglVnuNIt8IwKagp7ku","50.783061","0.303874",,,,"HSSHir10856"
"858","HSS Hire","HSS Hire","Units 1 & 2, Newtown Trade Park","BN3 7BA","contact@ntuk.co.uk",,"$2y$10$zYV/S.Gq.fP8mXPJm5fPzuazzHfGz3VA1rAglVnuNIt8IwKagp7ku","50.837353","-0.174595",,,,"HSSHir10857"
"859","HSS Hire","HSS Hire","Farwig Lane","BR1 3RB","contact@ntuk.co.uk",,"$2y$10$zYV/S.Gq.fP8mXPJm5fPzuazzHfGz3VA1rAglVnuNIt8IwKagp7ku","51.410752","0.011865",,,,"HSSHir10858"
"860","HSS Hire","HSS Hire","17 Carlton Parade","BR6 0JB","contact@ntuk.co.uk",,"$2y$10$zYV/S.Gq.fP8mXPJm5fPzuazzHfGz3VA1rAglVnuNIt8IwKagp7ku","51.38244","0.107155",,,,"HSSHir10859"
"861","HSS Hire","HSS Hire","UA Island Trading Park","BS11 9FB","contact@ntuk.co.uk",,"$2y$10$zYV/S.Gq.fP8mXPJm5fPzuazzHfGz3VA1rAglVnuNIt8IwKagp7ku","51.500091","-2.690242",,,,"HSSHir10860"
"862","HSS Hire","HSS Hire","1550 Aztec West Business Park","BS32 4RX","contact@ntuk.co.uk",,"$2y$10$zYV/S.Gq.fP8mXPJm5fPzuazzHfGz3VA1rAglVnuNIt8IwKagp7ku","51.542962","-2.577334",,,,"HSSHir10861"
"863","HSS Hire","HSS Hire","U2 Riverside","BS4 3QF","contact@ntuk.co.uk",,"$2y$10$zYV/S.Gq.fP8mXPJm5fPzuazzHfGz3VA1rAglVnuNIt8IwKagp7ku","51.445093","-2.55781",,,,"HSSHir10862"
"864","HSS Hire","HSS Hire","Kennedy Way","BT11 9DS","contact@ntuk.co.uk",,"$2y$10$zYV/S.Gq.fP8mXPJm5fPzuazzHfGz3VA1rAglVnuNIt8IwKagp7ku","54.5782381","-5.9728536",,,"9/1/2021 13:06:36","HSSHir10863"
"865","HSS Hire","HSS Hire","176-178 Shore Road","BT15 3QA","contact@ntuk.co.uk",,"$2y$10$zYV/S.Gq.fP8mXPJm5fPzuazzHfGz3VA1rAglVnuNIt8IwKagp7ku","54.6255516","-5.9233833",,,"9/1/2021 13:06:36","HSSHir10864"
"866","HSS Hire","HSS Hire","Unit 2b Balloo Park","BT19 7PP","contact@ntuk.co.uk",,"$2y$10$zYV/S.Gq.fP8mXPJm5fPzuazzHfGz3VA1rAglVnuNIt8IwKagp7ku","54.6455825","-5.6667913",,,"9/1/2021 13:06:37","HSSHir10865"
"867","HSS Hire","HSS Hire","4A Cambane Industrial Estate","BT35 6QJ","contact@ntuk.co.uk",,"$2y$10$zYV/S.Gq.fP8mXPJm5fPzuazzHfGz3VA1rAglVnuNIt8IwKagp7ku","54.1963145","-6.3501712",,,"9/1/2021 13:06:37","HSSHir10866"
"868","HSS Hire","HSS Hire","14a Pennybridge Industrial Estate","BT42 3HB","contact@ntuk.co.uk",,"$2y$10$zYV/S.Gq.fP8mXPJm5fPzuazzHfGz3VA1rAglVnuNIt8IwKagp7ku","54.8516573","-6.2606376",,,"9/1/2021 13:06:57","HSSHir10867"
"869","HSS Hire","HSS Hire","26 Queens Quay","BT48 7AS","contact@ntuk.co.uk",,"$2y$10$zYV/S.Gq.fP8mXPJm5fPzuazzHfGz3VA1rAglVnuNIt8IwKagp7ku","55.0003544","-7.3223614",,,"9/1/2021 13:06:57","HSSHir10868"
"870","HSS Hire","HSS Hire","96 Bushmills Road","BT52 2BX","contact@ntuk.co.uk",,"$2y$10$zYV/S.Gq.fP8mXPJm5fPzuazzHfGz3VA1rAglVnuNIt8IwKagp7ku","55.1396375","-6.657637",,,"9/1/2021 13:06:58","HSSHir10869"
"871","HSS Hire","HSS Hire","Dromore Road","BT78 1RB","contact@ntuk.co.uk",,"$2y$10$zYV/S.Gq.fP8mXPJm5fPzuazzHfGz3VA1rAglVnuNIt8IwKagp7ku","54.5908825","-7.3133737",,,"9/1/2021 13:06:58","HSSHir10870"
"872","HSS Hire","HSS Hire","Riverside Parke","CF11 8TT","contact@ntuk.co.uk",,"$2y$10$zYV/S.Gq.fP8mXPJm5fPzuazzHfGz3VA1rAglVnuNIt8IwKagp7ku","51.462099","-3.194057",,,,"HSSHir10871"
"873","HSS Hire","HSS Hire","Colchester Avenue","CF23 9AN","contact@ntuk.co.uk",,"$2y$10$zYV/S.Gq.fP8mXPJm5fPzuazzHfGz3VA1rAglVnuNIt8IwKagp7ku","51.496552","-3.145733",,,,"HSSHir10872"
"874","HSS Hire","HSS Hire","U2 Hernston Park","CF31 3ND","contact@ntuk.co.uk",,"$2y$10$zYV/S.Gq.fP8mXPJm5fPzuazzHfGz3VA1rAglVnuNIt8IwKagp7ku","51.495054","-3.568094",,,,"HSSHir10873"
"875","HSS Hire","HSS Hire","3 Lower High Street","CF47 8EB","contact@ntuk.co.uk",,"$2y$10$zYV/S.Gq.fP8mXPJm5fPzuazzHfGz3VA1rAglVnuNIt8IwKagp7ku","51.742232","-3.376931",,,,"HSSHir10874"
"876","HSS Hire","HSS Hire","Sealand Road","CH1 4LS","contact@ntuk.co.uk",,"$2y$10$zYV/S.Gq.fP8mXPJm5fPzuazzHfGz3VA1rAglVnuNIt8IwKagp7ku","53.195178","-2.91613",,,,"HSSHir10875"
"877","HSS Hire","HSS Hire","124 New Chester Road","CH41 9BN","contact@ntuk.co.uk",,"$2y$10$zYV/S.Gq.fP8mXPJm5fPzuazzHfGz3VA1rAglVnuNIt8IwKagp7ku","53.381603","-3.014812",,,,"HSSHir10876"
"878","HSS Hire","HSS Hire","Unit 11 Manor Buildings","CH6 5RR","contact@ntuk.co.uk",,"$2y$10$zYV/S.Gq.fP8mXPJm5fPzuazzHfGz3VA1rAglVnuNIt8IwKagp7ku","53.258042","-3.149183",,,,"HSSHir10877"
"879","HSS Hire","HSS Hire","65 Chester Road","CH65 9BE","contact@ntuk.co.uk",,"$2y$10$zYV/S.Gq.fP8mXPJm5fPzuazzHfGz3VA1rAglVnuNIt8IwKagp7ku","53.27364","-2.90962",,,,"HSSHir10878"
"880","HSS Hire","HSS Hire","Unit 4 Bilton Road","CM1 2UP","contact@ntuk.co.uk",,"$2y$10$zYV/S.Gq.fP8mXPJm5fPzuazzHfGz3VA1rAglVnuNIt8IwKagp7ku","51.729556","0.454776",,,,"HSSHir10879"
"881","HSS Hire","HSS Hire","Harmony Works","CM20 2DH","contact@ntuk.co.uk",,"$2y$10$zYV/S.Gq.fP8mXPJm5fPzuazzHfGz3VA1rAglVnuNIt8IwKagp7ku","51.78753","0.124416",,,,"HSSHir10880"
"882","HSS Hire","HSS Hire","16 Wates Way","CR4 4HR","contact@ntuk.co.uk",,"$2y$10$zYV/S.Gq.fP8mXPJm5fPzuazzHfGz3VA1rAglVnuNIt8IwKagp7ku","51.389132","-0.164996",,,,"HSSHir10881"
"883","HSS Hire","HSS Hire","Unit 1, Broad Oak House","CT2 7WA","contact@ntuk.co.uk",,"$2y$10$zYV/S.Gq.fP8mXPJm5fPzuazzHfGz3VA1rAglVnuNIt8IwKagp7ku","51.29324","1.091841",,,,"HSSHir10882"
"884","HSS Hire","HSS Hire","Fletchamstead Highway","CV4 9BY","contact@ntuk.co.uk",,"$2y$10$zYV/S.Gq.fP8mXPJm5fPzuazzHfGz3VA1rAglVnuNIt8IwKagp7ku","52.401955","-1.559688",,,,"HSSHir10883"
"885","HSS Hire","HSS Hire","170A Lockhurst Lane","CV6 5NY","contact@ntuk.co.uk",,"$2y$10$zYV/S.Gq.fP8mXPJm5fPzuazzHfGz3VA1rAglVnuNIt8IwKagp7ku","52.428124","-1.502555",,,,"HSSHir10884"
"886","HSS Hire","HSS Hire","772 London Road","DE24 8UT","contact@ntuk.co.uk",,"$2y$10$zYV/S.Gq.fP8mXPJm5fPzuazzHfGz3VA1rAglVnuNIt8IwKagp7ku","52.905741","-1.45149",,,,"HSSHir10885"
"887","HSS Hire","HSS Hire","MGA Centre","DL1 2NX","contact@ntuk.co.uk",,"$2y$10$zYV/S.Gq.fP8mXPJm5fPzuazzHfGz3VA1rAglVnuNIt8IwKagp7ku","54.534117","-1.545272",,,,"HSSHir10886"
"888","HSS Hire","HSS Hire","Unit B Wheatley Hall Road","DN2 4PE","contact@ntuk.co.uk",,"$2y$10$zYV/S.Gq.fP8mXPJm5fPzuazzHfGz3VA1rAglVnuNIt8IwKagp7ku","53.542988","-1.100066",,,,"HSSHir10887"
"889","HSS Hire","HSS Hire","Adam Smith Street","DN31 1SJ","contact@ntuk.co.uk",,"$2y$10$zYV/S.Gq.fP8mXPJm5fPzuazzHfGz3VA1rAglVnuNIt8IwKagp7ku","53.57344","-0.09138",,,,"HSSHir10888"
"890","HSS Hire","HSS Hire","Longmile Road","DUBLIN 12","contact@ntuk.co.uk",,"$2y$10$zYV/S.Gq.fP8mXPJm5fPzuazzHfGz3VA1rAglVnuNIt8IwKagp7ku","53.3218189","-6.3164447",,,"9/1/2021 13:06:59","HSSHir10889"
"891","HSS Hire","HSS Hire","Pedmore Road","DY5 1TP","contact@ntuk.co.uk",,"$2y$10$zYV/S.Gq.fP8mXPJm5fPzuazzHfGz3VA1rAglVnuNIt8IwKagp7ku","52.48867","-2.106786",,,,"HSSHir10890"
"892","HSS Hire","HSS Hire","Pedmore Road","DY5 1TQ","contact@ntuk.co.uk",,"$2y$10$zYV/S.Gq.fP8mXPJm5fPzuazzHfGz3VA1rAglVnuNIt8IwKagp7ku","52.486701","-2.106752",,,,"HSSHir10891"
"893","HSS Hire","HSS Hire","U23 G Beckton Business Park","E6 7FF","contact@ntuk.co.uk",,"$2y$10$zYV/S.Gq.fP8mXPJm5fPzuazzHfGz3VA1rAglVnuNIt8IwKagp7ku","51.514797","0.085037",,,,"HSSHir10892"
"894","HSS Hire","HSS Hire","471 Gorgie Road","EH11 3AD","contact@ntuk.co.uk",,"$2y$10$zYV/S.Gq.fP8mXPJm5fPzuazzHfGz3VA1rAglVnuNIt8IwKagp7ku","55.931859","-3.24916",,,,"HSSHir10893"
"895","HSS Hire","HSS Hire","Unit 2 Seafield Way","EH15 1TB","contact@ntuk.co.uk",,"$2y$10$zYV/S.Gq.fP8mXPJm5fPzuazzHfGz3VA1rAglVnuNIt8IwKagp7ku","55.964647","-3.13202",,,,"HSSHir10894"
"896","HSS Hire","HSS Hire","Unit 1 Cliftonhall Yards","EH28 8QN","contact@ntuk.co.uk",,"$2y$10$zYV/S.Gq.fP8mXPJm5fPzuazzHfGz3VA1rAglVnuNIt8IwKagp7ku","55.930885","-3.412491",,,,"HSSHir10895"
"897","HSS Hire","HSS Hire","30 Great Cambridge Road","EN1 1JE","contact@ntuk.co.uk",,"$2y$10$zYV/S.Gq.fP8mXPJm5fPzuazzHfGz3VA1rAglVnuNIt8IwKagp7ku","51.641056","-0.062506",,,,"HSSHir10896"
"898","HSS Hire","HSS Hire","Alphinbrook Road","EX2 8RG","contact@ntuk.co.uk",,"$2y$10$zYV/S.Gq.fP8mXPJm5fPzuazzHfGz3VA1rAglVnuNIt8IwKagp7ku","50.702755","-3.530746",,,,"HSSHir10897"
"899","HSS Hire","HSS Hire","19 Kerse Road","FK7 7SY","contact@ntuk.co.uk",,"$2y$10$zYV/S.Gq.fP8mXPJm5fPzuazzHfGz3VA1rAglVnuNIt8IwKagp7ku","56.112634","-3.916698",,,,"HSSHir10898"
"900","HSS Hire","HSS Hire","Unit 4 Blackpool Trading Centre","FY4 4QX","contact@ntuk.co.uk",,"$2y$10$zYV/S.Gq.fP8mXPJm5fPzuazzHfGz3VA1rAglVnuNIt8IwKagp7ku","53.801971","-3.008114",,,,"HSSHir10899"
"901","HSS Hire","HSS Hire","92 Balshagray Avenue","G11 7EH","contact@ntuk.co.uk",,"$2y$10$zYV/S.Gq.fP8mXPJm5fPzuazzHfGz3VA1rAglVnuNIt8IwKagp7ku","55.878749","-4.325944",,,,"HSSHir10900"
"902","HSS Hire","HSS Hire","Unit 2, 4 & 6","G5 8SG","contact@ntuk.co.uk",,"$2y$10$zYV/S.Gq.fP8mXPJm5fPzuazzHfGz3VA1rAglVnuNIt8IwKagp7ku","55.852942","-4.274743",,,,"HSSHir10901"
"903","HSS Hire","HSS Hire","24 Whin Place","G74 3XS","contact@ntuk.co.uk",,"$2y$10$zYV/S.Gq.fP8mXPJm5fPzuazzHfGz3VA1rAglVnuNIt8IwKagp7ku","55.77832","-4.159084",,,,"HSSHir10902"
"904","HSS Hire","HSS Hire","80 Bristol Road","GL1 5SD","contact@ntuk.co.uk",,"$2y$10$zYV/S.Gq.fP8mXPJm5fPzuazzHfGz3VA1rAglVnuNIt8IwKagp7ku","51.855556","-2.252751",,,,"HSSHir10903"
"905","HSS Hire","HSS Hire","15 Woodbridge Road","GU1 1DY","contact@ntuk.co.uk",,"$2y$10$zYV/S.Gq.fP8mXPJm5fPzuazzHfGz3VA1rAglVnuNIt8IwKagp7ku","51.245279","-0.576802",,,,"HSSHir10904"
"906","HSS Hire","HSS Hire","Unit 8 Trafalgar Way","GU15 3BN","contact@ntuk.co.uk",,"$2y$10$zYV/S.Gq.fP8mXPJm5fPzuazzHfGz3VA1rAglVnuNIt8IwKagp7ku","51.332327","-0.770836",,,,"HSSHir10905"
"907","HSS Hire","HSS Hire","312 Kenton Road","HA3 8DF","contact@ntuk.co.uk",,"$2y$10$zYV/S.Gq.fP8mXPJm5fPzuazzHfGz3VA1rAglVnuNIt8IwKagp7ku","51.586553","-0.30735",,,,"HSSHir10906"
"908","HSS Hire","HSS Hire","Trafalgar Mills","HD2 1YY","contact@ntuk.co.uk",,"$2y$10$zYV/S.Gq.fP8mXPJm5fPzuazzHfGz3VA1rAglVnuNIt8IwKagp7ku","53.663374","-1.75521",,,,"HSSHir10907"
"909","HSS Hire","HSS Hire","83 Knaresborough Road","HG2 7LY","contact@ntuk.co.uk",,"$2y$10$zYV/S.Gq.fP8mXPJm5fPzuazzHfGz3VA1rAglVnuNIt8IwKagp7ku","53.996462","-1.511823",,,,"HSSHir10908"
"910","HSS Hire","HSS Hire","Bicester Road","HP19 8FN","contact@ntuk.co.uk",,"$2y$10$zYV/S.Gq.fP8mXPJm5fPzuazzHfGz3VA1rAglVnuNIt8IwKagp7ku","51.823639","-0.831614",,,,"HSSHir10909"
"911","HSS Hire","HSS Hire","Unit 5","HP3 9AL","contact@ntuk.co.uk",,"$2y$10$zYV/S.Gq.fP8mXPJm5fPzuazzHfGz3VA1rAglVnuNIt8IwKagp7ku","51.741091","-0.477562",,,,"HSSHir10910"
"912","HSS Hire","HSS Hire","Unit 3 & 4 The Point","HU8 8BZ","contact@ntuk.co.uk",,"$2y$10$zYV/S.Gq.fP8mXPJm5fPzuazzHfGz3VA1rAglVnuNIt8IwKagp7ku","53.759119","-0.327783",,,,"HSSHir10911"
"913","HSS Hire","HSS Hire","Lightowler Road","HX1 5NB","contact@ntuk.co.uk",,"$2y$10$zYV/S.Gq.fP8mXPJm5fPzuazzHfGz3VA1rAglVnuNIt8IwKagp7ku","53.724599","-1.877204",,,,"HSSHir10912"
"914","HSS Hire","HSS Hire","7 Middle River Industrial Estate","IM2 1AL","contact@ntuk.co.uk",,"$2y$10$zYV/S.Gq.fP8mXPJm5fPzuazzHfGz3VA1rAglVnuNIt8IwKagp7ku","54.1851526","-4.4891381",,,"9/1/2021 13:06:59","HSSHir10913"
"915","HSS Hire","HSS Hire","Unit 27 Bluestem Road","IP3 9RR","contact@ntuk.co.uk",,"$2y$10$zYV/S.Gq.fP8mXPJm5fPzuazzHfGz3VA1rAglVnuNIt8IwKagp7ku","52.029284","1.211081",,,,"HSSHir10914"
"916","HSS Hire","HSS Hire","58 Harbour Road","IV1 1UA","contact@ntuk.co.uk",,"$2y$10$zYV/S.Gq.fP8mXPJm5fPzuazzHfGz3VA1rAglVnuNIt8IwKagp7ku","57.484341","-4.214807",,,,"HSSHir10915"
"917","HSS Hire","HSS Hire","2 Elmbank Street","KA8 8DH","contact@ntuk.co.uk",,"$2y$10$zYV/S.Gq.fP8mXPJm5fPzuazzHfGz3VA1rAglVnuNIt8IwKagp7ku","55.472866","-4.627045",,,,"HSSHir10916"
"918","HSS Hire","HSS Hire","187 Picton Road","L15 4LG","contact@ntuk.co.uk",,"$2y$10$zYV/S.Gq.fP8mXPJm5fPzuazzHfGz3VA1rAglVnuNIt8IwKagp7ku","53.399626","-2.924082",,,,"HSSHir10917"
"919","HSS Hire","HSS Hire","Unit 2 Derby Road Retail Park","L20 8EL","contact@ntuk.co.uk",,"$2y$10$zYV/S.Gq.fP8mXPJm5fPzuazzHfGz3VA1rAglVnuNIt8IwKagp7ku","53.434464","-2.990542",,,,"HSSHir10918"
"920","HSS Hire","HSS Hire","Lowell House","LA1 3NY","contact@ntuk.co.uk",,"$2y$10$zYV/S.Gq.fP8mXPJm5fPzuazzHfGz3VA1rAglVnuNIt8IwKagp7ku","54.057859","-2.791441",,,,"HSSHir10919"
"921","HSS Hire","HSS Hire","151 Abbey Lane","LE4 5NZ","contact@ntuk.co.uk",,"$2y$10$zYV/S.Gq.fP8mXPJm5fPzuazzHfGz3VA1rAglVnuNIt8IwKagp7ku","52.656047","-1.135074",,,,"HSSHir10920"
"922","HSS Hire","HSS Hire","Unit 5","LL57 4YH","contact@ntuk.co.uk",,"$2y$10$zYV/S.Gq.fP8mXPJm5fPzuazzHfGz3VA1rAglVnuNIt8IwKagp7ku","53.217968","-4.111519",,,,"HSSHir10921"
"923","HSS Hire","HSS Hire","Unit 2","LN6 7UB","contact@ntuk.co.uk",,"$2y$10$zYV/S.Gq.fP8mXPJm5fPzuazzHfGz3VA1rAglVnuNIt8IwKagp7ku","53.218417","-0.556883",,,,"HSSHir10922"
"924","HSS Hire","HSS Hire","330-332 Kirkstall Road","LS4 2DN","contact@ntuk.co.uk",,"$2y$10$zYV/S.Gq.fP8mXPJm5fPzuazzHfGz3VA1rAglVnuNIt8IwKagp7ku","53.806151","-1.580469",,,,"HSSHir10923"
"925","HSS Hire","HSS Hire","399 York Road","LS9 6TA","contact@ntuk.co.uk",,"$2y$10$zYV/S.Gq.fP8mXPJm5fPzuazzHfGz3VA1rAglVnuNIt8IwKagp7ku","53.800488","-1.504808",,,,"HSSHir10924"
"926","HSS Hire","HSS Hire","U5 Eastern Avenue Industrial Estate","LU5 4JY","contact@ntuk.co.uk",,"$2y$10$zYV/S.Gq.fP8mXPJm5fPzuazzHfGz3VA1rAglVnuNIt8IwKagp7ku","51.8865","-0.506612",,,,"HSSHir10925"
"927","HSS Hire","HSS Hire","Units 25, 26 & 27 Piccadilly Trading Estate","M1 2NP","contact@ntuk.co.uk",,"$2y$10$zYV/S.Gq.fP8mXPJm5fPzuazzHfGz3VA1rAglVnuNIt8IwKagp7ku","53.477944","-2.221391",,,,"HSSHir10926"
"928","HSS Hire","HSS Hire","Tenax Road","M17 1JT","contact@ntuk.co.uk",,"$2y$10$zYV/S.Gq.fP8mXPJm5fPzuazzHfGz3VA1rAglVnuNIt8IwKagp7ku","53.471157","-2.324158",,,,"HSSHir10927"
"929","HSS Hire","HSS Hire","D12 Lakeside Park","ME2 4LT","contact@ntuk.co.uk",,"$2y$10$zYV/S.Gq.fP8mXPJm5fPzuazzHfGz3VA1rAglVnuNIt8IwKagp7ku","51.393867","0.517795",,,,"HSSHir10928"
"930","HSS Hire","HSS Hire","66 Cauldwell Street","MK42 9AL","contact@ntuk.co.uk",,"$2y$10$zYV/S.Gq.fP8mXPJm5fPzuazzHfGz3VA1rAglVnuNIt8IwKagp7ku","52.129271","-0.475952",,,,"HSSHir10929"
"931","HSS Hire","HSS Hire","Unit 3, Drew Court","MK6 4AE","contact@ntuk.co.uk",,"$2y$10$zYV/S.Gq.fP8mXPJm5fPzuazzHfGz3VA1rAglVnuNIt8IwKagp7ku","52.011917","-0.74684",,,,"HSSHir10930"
"932","HSS Hire","HSS Hire","143 Caledonian Road","N1 0SL","contact@ntuk.co.uk",,"$2y$10$zYV/S.Gq.fP8mXPJm5fPzuazzHfGz3VA1rAglVnuNIt8IwKagp7ku","51.536389","-0.116989",,,,"HSSHir10931"
"933","HSS Hire","HSS Hire","210 High Road","N2 9AY","contact@ntuk.co.uk",,"$2y$10$zYV/S.Gq.fP8mXPJm5fPzuazzHfGz3VA1rAglVnuNIt8IwKagp7ku","51.593166","-0.166905",,,,"HSSHir10932"
"934","HSS Hire","HSS Hire","Unit G Aquarius","NE11 0JH","contact@ntuk.co.uk",,"$2y$10$zYV/S.Gq.fP8mXPJm5fPzuazzHfGz3VA1rAglVnuNIt8IwKagp7ku","54.937706","-1.621145",,,,"HSSHir10933"
"935","HSS Hire","HSS Hire","Union Road","NE6 1EH","contact@ntuk.co.uk",,"$2y$10$zYV/S.Gq.fP8mXPJm5fPzuazzHfGz3VA1rAglVnuNIt8IwKagp7ku","54.97716","-1.573545",,,,"HSSHir10934"
"936","HSS Hire","HSS Hire","1 Sheep Street","NN15 7ER","contact@ntuk.co.uk",,"$2y$10$zYV/S.Gq.fP8mXPJm5fPzuazzHfGz3VA1rAglVnuNIt8IwKagp7ku","52.394913","-0.72757",,,,"HSSHir10935"
"937","HSS Hire","HSS Hire","Unit 1 St James Road","NN5 5JA","contact@ntuk.co.uk",,"$2y$10$zYV/S.Gq.fP8mXPJm5fPzuazzHfGz3VA1rAglVnuNIt8IwKagp7ku","52.236432","-0.911805",,,,"HSSHir10936"
"938","HSS Hire","HSS Hire","372 Chepstow Road","NP19 8JH","contact@ntuk.co.uk",,"$2y$10$zYV/S.Gq.fP8mXPJm5fPzuazzHfGz3VA1rAglVnuNIt8IwKagp7ku","51.587857","-2.965678",,,,"HSSHir10937"
"939","HSS Hire","HSS Hire","Unit 1 Roundtree Way","NR7 8SG","contact@ntuk.co.uk",,"$2y$10$zYV/S.Gq.fP8mXPJm5fPzuazzHfGz3VA1rAglVnuNIt8IwKagp7ku","52.648484","1.323558",,,,"HSSHir10938"
"940","HSS Hire","HSS Hire","Unit 4 Aquarius Business Park","NW2 7AN","contact@ntuk.co.uk",,"$2y$10$zYV/S.Gq.fP8mXPJm5fPzuazzHfGz3VA1rAglVnuNIt8IwKagp7ku","51.571053","-0.234318",,,,"HSSHir10939"
"941","HSS Hire","HSS Hire","18 Finchley Road","NW8 6EB","contact@ntuk.co.uk",,"$2y$10$zYV/S.Gq.fP8mXPJm5fPzuazzHfGz3VA1rAglVnuNIt8IwKagp7ku","51.536001","-0.175562",,,,"HSSHir10940"
"942","HSS Hire","HSS Hire","99-105 Lees Road","OL4 1JW","contact@ntuk.co.uk",,"$2y$10$zYV/S.Gq.fP8mXPJm5fPzuazzHfGz3VA1rAglVnuNIt8IwKagp7ku","53.54271","-2.096132",,,,"HSSHir10941"
"943","HSS Hire","HSS Hire","Manchester Road","OL7 0DA","contact@ntuk.co.uk",,"$2y$10$zYV/S.Gq.fP8mXPJm5fPzuazzHfGz3VA1rAglVnuNIt8IwKagp7ku","53.482862","-2.110598",,,,"HSSHir10942"
"944","HSS Hire","HSS Hire","Oxford Business Park North","OX4 2JZ","contact@ntuk.co.uk",,"$2y$10$zYV/S.Gq.fP8mXPJm5fPzuazzHfGz3VA1rAglVnuNIt8IwKagp7ku","51.734351","-1.207542",,,,"HSSHir10943"
"945","HSS Hire","HSS Hire","Units 12 - 14","PA3 1QN","contact@ntuk.co.uk",,"$2y$10$zYV/S.Gq.fP8mXPJm5fPzuazzHfGz3VA1rAglVnuNIt8IwKagp7ku","55.850964","-4.434382",,,,"HSSHir10944"
"946","HSS Hire","HSS Hire","171 Lincoln Road","PE1 2PN","contact@ntuk.co.uk",,"$2y$10$zYV/S.Gq.fP8mXPJm5fPzuazzHfGz3VA1rAglVnuNIt8IwKagp7ku","52.583616","-0.245109",,,,"HSSHir10945"
"947","HSS Hire","HSS Hire","London Road","PE30 5SX","contact@ntuk.co.uk",,"$2y$10$zYV/S.Gq.fP8mXPJm5fPzuazzHfGz3VA1rAglVnuNIt8IwKagp7ku","52.745419","0.401097",,,,"HSSHir10946"
"948","HSS Hire","HSS Hire","172 Dunkeld Road","PH1 3AA","contact@ntuk.co.uk",,"$2y$10$zYV/S.Gq.fP8mXPJm5fPzuazzHfGz3VA1rAglVnuNIt8IwKagp7ku","56.411537","-3.455036",,,,"HSSHir10947"
"949","HSS Hire","HSS Hire","Unit 1c","PL6 8LH","contact@ntuk.co.uk",,"$2y$10$zYV/S.Gq.fP8mXPJm5fPzuazzHfGz3VA1rAglVnuNIt8IwKagp7ku","50.395946","-4.090121",,,,"HSSHir10948"
"950","HSS Hire","HSS Hire","13 Herbert Street","PO1 4QR","contact@ntuk.co.uk",,"$2y$10$zYV/S.Gq.fP8mXPJm5fPzuazzHfGz3VA1rAglVnuNIt8IwKagp7ku","50.807406","-1.08868",,,,"HSSHir10949"
"951","HSS Hire","HSS Hire","137 Gosport Road","PO16 0PZ","contact@ntuk.co.uk",,"$2y$10$zYV/S.Gq.fP8mXPJm5fPzuazzHfGz3VA1rAglVnuNIt8IwKagp7ku","50.84668","-1.182559",,,,"HSSHir10950"
"952","HSS Hire","HSS Hire","U1a Portfield Trade Centre","PO19 8NS","contact@ntuk.co.uk",,"$2y$10$zYV/S.Gq.fP8mXPJm5fPzuazzHfGz3VA1rAglVnuNIt8IwKagp7ku","50.831453","-0.755693",,,,"HSSHir10951"
"953","HSS Hire","HSS Hire","12 Parkhurst Road","PO30 5HT","contact@ntuk.co.uk",,"$2y$10$zYV/S.Gq.fP8mXPJm5fPzuazzHfGz3VA1rAglVnuNIt8IwKagp7ku","50.70717","-1.300747",,,,"HSSHir10952"
"954","HSS Hire","HSS Hire","Unit F, Guild Trading Estate","PR1 5DP","contact@ntuk.co.uk",,"$2y$10$zYV/S.Gq.fP8mXPJm5fPzuazzHfGz3VA1rAglVnuNIt8IwKagp7ku","53.764547","-2.685775",,,,"HSSHir10953"
"955","HSS Hire","HSS Hire","144 Bispham Road","PR9 7BL","contact@ntuk.co.uk",,"$2y$10$zYV/S.Gq.fP8mXPJm5fPzuazzHfGz3VA1rAglVnuNIt8IwKagp7ku","53.647911","-2.96858",,,,"HSSHir10954"
"956","HSS Hire","HSS Hire","Basingstoke Business Centre","RG22 4AU","contact@ntuk.co.uk",,"$2y$10$zYV/S.Gq.fP8mXPJm5fPzuazzHfGz3VA1rAglVnuNIt8IwKagp7ku","51.252466","-1.10708",,,,"HSSHir10955"
"957","HSS Hire","HSS Hire","Manor Royal","RH10 9PY","contact@ntuk.co.uk",,"$2y$10$zYV/S.Gq.fP8mXPJm5fPzuazzHfGz3VA1rAglVnuNIt8IwKagp7ku","51.12952","-0.174862",,,,"HSSHir10956"
"958","HSS Hire","HSS Hire","238 London Road","RM7 9EL","contact@ntuk.co.uk",,"$2y$10$zYV/S.Gq.fP8mXPJm5fPzuazzHfGz3VA1rAglVnuNIt8IwKagp7ku","51.574649","0.166184",,,,"HSSHir10957"
"959","HSS Hire","HSS Hire","Lordsmill Street","S41 7RS","contact@ntuk.co.uk",,"$2y$10$zYV/S.Gq.fP8mXPJm5fPzuazzHfGz3VA1rAglVnuNIt8IwKagp7ku","53.231977","-1.423226",,,,"HSSHir10958"
"960","HSS Hire","HSS Hire","45 Penistone Road North","S6 1LP","contact@ntuk.co.uk",,"$2y$10$zYV/S.Gq.fP8mXPJm5fPzuazzHfGz3VA1rAglVnuNIt8IwKagp7ku","53.417186","-1.499776",,,,"HSSHir10959"
"961","HSS Hire","HSS Hire","145 Wakefields Road","S71 1NG","contact@ntuk.co.uk",,"$2y$10$zYV/S.Gq.fP8mXPJm5fPzuazzHfGz3VA1rAglVnuNIt8IwKagp7ku","53.568073","-1.471831",,,,"HSSHir10960"
"962","HSS Hire","HSS Hire","U4 Parkway Business Centre","S9 4WA","contact@ntuk.co.uk",,"$2y$10$zYV/S.Gq.fP8mXPJm5fPzuazzHfGz3VA1rAglVnuNIt8IwKagp7ku","53.38333","-1.428535",,,,"HSSHir10961"
"963","HSS Hire","HSS Hire","Samlet Road","SA7 9AG","contact@ntuk.co.uk",,"$2y$10$zYV/S.Gq.fP8mXPJm5fPzuazzHfGz3VA1rAglVnuNIt8IwKagp7ku","51.66205","-3.906397",,,,"HSSHir10962"
"964","HSS Hire","HSS Hire","95 Tower Bridge","SE1 4TW","contact@ntuk.co.uk",,"$2y$10$zYV/S.Gq.fP8mXPJm5fPzuazzHfGz3VA1rAglVnuNIt8IwKagp7ku","51.496483","-0.082761",,,,"HSSHir10963"
"965","HSS Hire","HSS Hire","Albert Embankment","SE11 5AW","contact@ntuk.co.uk",,"$2y$10$zYV/S.Gq.fP8mXPJm5fPzuazzHfGz3VA1rAglVnuNIt8IwKagp7ku","51.487041","-0.122206",,,,"HSSHir10964"
"966","HSS Hire","HSS Hire","293 Lewisham High Street","SE13 6NL","contact@ntuk.co.uk",,"$2y$10$zYV/S.Gq.fP8mXPJm5fPzuazzHfGz3VA1rAglVnuNIt8IwKagp7ku","51.455747","-0.014715",,,,"HSSHir10965"
"967","HSS Hire","HSS Hire","Unit 1 Pettman Crescent","SE28 0BJ","contact@ntuk.co.uk",,"$2y$10$zYV/S.Gq.fP8mXPJm5fPzuazzHfGz3VA1rAglVnuNIt8IwKagp7ku","51.491193","0.083442",,,,"HSSHir10966"
"968","HSS Hire","HSS Hire","Unit 1 Argyle Way","SG1 2AD","contact@ntuk.co.uk",,"$2y$10$zYV/S.Gq.fP8mXPJm5fPzuazzHfGz3VA1rAglVnuNIt8IwKagp7ku","51.902305","-0.212928",,,,"HSSHir10967"
"969","HSS Hire","HSS Hire","44 Higher Hillgate","SK1 3PX","contact@ntuk.co.uk",,"$2y$10$zYV/S.Gq.fP8mXPJm5fPzuazzHfGz3VA1rAglVnuNIt8IwKagp7ku","53.403734","-2.15359",,,,"HSSHir10968"
"970","HSS Hire","HSS Hire","375 Bath Road","SL1 5QA","contact@ntuk.co.uk",,"$2y$10$zYV/S.Gq.fP8mXPJm5fPzuazzHfGz3VA1rAglVnuNIt8IwKagp7ku","51.519786","-0.641367",,,,"HSSHir10969"
"971","HSS Hire","HSS Hire","53 Malden Road","SM3 8QW","contact@ntuk.co.uk",,"$2y$10$zYV/S.Gq.fP8mXPJm5fPzuazzHfGz3VA1rAglVnuNIt8IwKagp7ku","51.361191","-0.218499",,,,"HSSHir10970"
"972","HSS Hire","HSS Hire","Unit 1-2 Barnfield Road","SN2 2DJ","contact@ntuk.co.uk",,"$2y$10$zYV/S.Gq.fP8mXPJm5fPzuazzHfGz3VA1rAglVnuNIt8IwKagp7ku","51.569553","-1.806254",,,,"HSSHir10971"
"973","HSS Hire","HSS Hire","Monza House","SO15 0AP","contact@ntuk.co.uk",,"$2y$10$zYV/S.Gq.fP8mXPJm5fPzuazzHfGz3VA1rAglVnuNIt8IwKagp7ku","50.9136466","-1.4512474",,,"9/1/2021 13:07:00","HSSHir10972"
"974","HSS Hire","HSS Hire","Unit 2 Andover Retail Park","SO23 7RY","contact@ntuk.co.uk",,"$2y$10$zYV/S.Gq.fP8mXPJm5fPzuazzHfGz3VA1rAglVnuNIt8IwKagp7ku","51.069669","-1.318979",,,,"HSSHir10973"
"975","HSS Hire","HSS Hire","Dene Road","SR5 3AH","contact@ntuk.co.uk",,"$2y$10$zYV/S.Gq.fP8mXPJm5fPzuazzHfGz3VA1rAglVnuNIt8IwKagp7ku","54.918916","-1.435811",,,,"HSSHir10974"
"976","HSS Hire","HSS Hire","Basildon Training Centre","SS14 3GD","contact@ntuk.co.uk",,"$2y$10$zYV/S.Gq.fP8mXPJm5fPzuazzHfGz3VA1rAglVnuNIt8IwKagp7ku","51.58222","0.445815",,,,"HSSHir10975"
"977","HSS Hire","HSS Hire","190-194 Mitcham Road","SW17 9NJ","contact@ntuk.co.uk",,"$2y$10$zYV/S.Gq.fP8mXPJm5fPzuazzHfGz3VA1rAglVnuNIt8IwKagp7ku","51.423605","-0.162393",,,,"HSSHir10976"
"978","HSS Hire","HSS Hire","Unit 4, 307-309 Merton Road","SW18 5JS","contact@ntuk.co.uk",,"$2y$10$zYV/S.Gq.fP8mXPJm5fPzuazzHfGz3VA1rAglVnuNIt8IwKagp7ku","51.446361","-0.198046",,,,"HSSHir10977"
"979","HSS Hire","HSS Hire","865 Fulham Road","SW6 5HP","contact@ntuk.co.uk",,"$2y$10$zYV/S.Gq.fP8mXPJm5fPzuazzHfGz3VA1rAglVnuNIt8IwKagp7ku","51.474006","-0.206922",,,,"HSSHir10978"
"980","HSS Hire","HSS Hire","St Michaels Street","SY1 2ES","contact@ntuk.co.uk",,"$2y$10$zYV/S.Gq.fP8mXPJm5fPzuazzHfGz3VA1rAglVnuNIt8IwKagp7ku","52.715686","-2.748064",,,,"HSSHir10979"
"981","HSS Hire","HSS Hire","Unit 6","TF3 3BA","contact@ntuk.co.uk",,"$2y$10$zYV/S.Gq.fP8mXPJm5fPzuazzHfGz3VA1rAglVnuNIt8IwKagp7ku","52.675578","-2.421097",,,,"HSSHir10980"
"982","HSS Hire","HSS Hire","Mace Lane Industrial Estate","TN24 8PE","contact@ntuk.co.uk",,"$2y$10$zYV/S.Gq.fP8mXPJm5fPzuazzHfGz3VA1rAglVnuNIt8IwKagp7ku","51.150748","0.879081",,,,"HSSHir10981"
"983","HSS Hire","HSS Hire","406 Vale Road","TN9 1SW","contact@ntuk.co.uk",,"$2y$10$zYV/S.Gq.fP8mXPJm5fPzuazzHfGz3VA1rAglVnuNIt8IwKagp7ku","51.194531","0.287071",,,,"HSSHir10982"
"984","HSS Hire","HSS Hire","Agar Way","TR15 3SF","contact@ntuk.co.uk",,"$2y$10$zYV/S.Gq.fP8mXPJm5fPzuazzHfGz3VA1rAglVnuNIt8IwKagp7ku","50.227556","-5.262005",,,,"HSSHir10983"
"985","HSS Hire","HSS Hire","Queensway","TS3 8BS","contact@ntuk.co.uk",,"$2y$10$zYV/S.Gq.fP8mXPJm5fPzuazzHfGz3VA1rAglVnuNIt8IwKagp7ku","54.572305","-1.192414",,,,"HSSHir10984"
"986","HSS Hire","HSS Hire","686 London Road","TW3 1PG","contact@ntuk.co.uk",,"$2y$10$zYV/S.Gq.fP8mXPJm5fPzuazzHfGz3VA1rAglVnuNIt8IwKagp7ku","51.47173","-0.35084",,,,"HSSHir10985"
"987","HSS Hire","HSS Hire","Unit 1 The Heathrow Industrial Estate","TW4 6NF","contact@ntuk.co.uk",,"$2y$10$zYV/S.Gq.fP8mXPJm5fPzuazzHfGz3VA1rAglVnuNIt8IwKagp7ku","51.472321","-0.407247",,,,"HSSHir10986"
"988","HSS Hire","HSS Hire","106 Sheen Road","TW9 1UR","contact@ntuk.co.uk",,"$2y$10$zYV/S.Gq.fP8mXPJm5fPzuazzHfGz3VA1rAglVnuNIt8IwKagp7ku","51.462403","-0.294759",,,,"HSSHir10987"
"989","HSS Hire","HSS Hire","588 Greenford Road","UB6 8QU","contact@ntuk.co.uk",,"$2y$10$zYV/S.Gq.fP8mXPJm5fPzuazzHfGz3VA1rAglVnuNIt8IwKagp7ku","51.530611","-0.350155",,,,"HSSHir10988"
"990","HSS Hire","HSS Hire","52 Oxford Street","UB9 4DH","contact@ntuk.co.uk",,"$2y$10$zYV/S.Gq.fP8mXPJm5fPzuazzHfGz3VA1rAglVnuNIt8IwKagp7ku","51.553705","-0.487793",,,,"HSSHir10989"
"991","HSS Hire","HSS Hire","183 Horn Lane","W3 6NR","contact@ntuk.co.uk",,"$2y$10$zYV/S.Gq.fP8mXPJm5fPzuazzHfGz3VA1rAglVnuNIt8IwKagp7ku","51.514945","-0.268974",,,,"HSSHir10990"
"992","HSS Hire","HSS Hire","344 King Street","W6 0RX","contact@ntuk.co.uk",,"$2y$10$zYV/S.Gq.fP8mXPJm5fPzuazzHfGz3VA1rAglVnuNIt8IwKagp7ku","51.493608","-0.244299",,,,"HSSHir10991"
"993","HSS Hire","HSS Hire","192 Campden Hill Road","W8 7TH","contact@ntuk.co.uk",,"$2y$10$zYV/S.Gq.fP8mXPJm5fPzuazzHfGz3VA1rAglVnuNIt8IwKagp7ku","51.508279","-0.199524",,,,"HSSHir10992"
"994","HSS Hire","HSS Hire","Gatewat 89 Trade Park","WA2 8NT","contact@ntuk.co.uk",,"$2y$10$zYV/S.Gq.fP8mXPJm5fPzuazzHfGz3VA1rAglVnuNIt8IwKagp7ku","53.401836","-2.598798",,,,"HSSHir10993"
"995","HSS Hire","HSS Hire","Moor Lane","WA8 7AL","contact@ntuk.co.uk",,"$2y$10$zYV/S.Gq.fP8mXPJm5fPzuazzHfGz3VA1rAglVnuNIt8IwKagp7ku","53.36102","-2.739442",,,,"HSSHir10994"
"996","HSS Hire","HSS Hire","Unit L2","WA9 1JJ","contact@ntuk.co.uk",,"$2y$10$zYV/S.Gq.fP8mXPJm5fPzuazzHfGz3VA1rAglVnuNIt8IwKagp7ku","53.450009","-2.727661",,,,"HSSHir10995"
"997","HSS Hire","HSS Hire","317 Lower High Street","WD17 2JD","contact@ntuk.co.uk",,"$2y$10$zYV/S.Gq.fP8mXPJm5fPzuazzHfGz3VA1rAglVnuNIt8IwKagp7ku","51.647393","-0.384526",,,,"HSSHir10996"
"998","HSS Hire","HSS Hire","65 Ings Road","WF1 1RF","contact@ntuk.co.uk",,"$2y$10$zYV/S.Gq.fP8mXPJm5fPzuazzHfGz3VA1rAglVnuNIt8IwKagp7ku","53.678856","-1.497243",,,,"HSSHir10997"
"999","HSS Hire","HSS Hire","123 Wallgate","WN3 4AA","contact@ntuk.co.uk",,"$2y$10$zYV/S.Gq.fP8mXPJm5fPzuazzHfGz3VA1rAglVnuNIt8IwKagp7ku","53.542382","-2.636922",,,,"HSSHir10998"
"1000","HSS Hire","HSS Hire","33 Chapel Street","WN7 2PB","contact@ntuk.co.uk",,"$2y$10$zYV/S.Gq.fP8mXPJm5fPzuazzHfGz3VA1rAglVnuNIt8IwKagp7ku","53.495497","-2.50972",,,,"HSSHir10999"
"1001","HSS Hire","HSS Hire","Unit 5 Worcester Trading Estate","WR3 8HR","contact@ntuk.co.uk",,"$2y$10$zYV/S.Gq.fP8mXPJm5fPzuazzHfGz3VA1rAglVnuNIt8IwKagp7ku","52.214611","-2.199329",,,,"HSSHir11000"
"1002","HSS Hire","HSS Hire","U3, A5 Trade Centre","WS11 0BE","contact@ntuk.co.uk",,"$2y$10$zYV/S.Gq.fP8mXPJm5fPzuazzHfGz3VA1rAglVnuNIt8IwKagp7ku","52.676429","-2.034877",,,,"HSSHir11001"
"1003","HSS Hire","HSS Hire","350 Bloxwich Road","WS2 7BG","contact@ntuk.co.uk",,"$2y$10$zYV/S.Gq.fP8mXPJm5fPzuazzHfGz3VA1rAglVnuNIt8IwKagp7ku","52.60199","-1.989562",,,,"HSSHir11002"
"1004","HSS Hire","HSS Hire","51 Wednesfield Road","WV10 0DW","contact@ntuk.co.uk",,"$2y$10$zYV/S.Gq.fP8mXPJm5fPzuazzHfGz3VA1rAglVnuNIt8IwKagp7ku","52.590248","-2.114783",,,,"HSSHir11003"
"1005","HSS Hire","HSS Hire","Auster Road","YO30 4XA","contact@ntuk.co.uk",,"$2y$10$zYV/S.Gq.fP8mXPJm5fPzuazzHfGz3VA1rAglVnuNIt8IwKagp7ku","53.989235","-1.093388",,,,"HSSHir11004"
"1010","Hugh Crane (Cleaning Equipment) Ltd","Hugh Crane (Cleaning Equipment) Ltd","South Walsham Road","NR13 3ES","contact@ntuk.co.uk",,"$2y$10$zYV/S.Gq.fP8mXPJm5fPzuazzHfGz3VA1rAglVnuNIt8IwKagp7ku","52.64587","1.53759",,,,"HughCr11009"
"1011","Hugh Crane (Cleaning Equipment) Ltd","Hugh Crane (Cleaning Equipment) Ltd","148 Station Road","PE7 1UF","contact@ntuk.co.uk",,"$2y$10$zYV/S.Gq.fP8mXPJm5fPzuazzHfGz3VA1rAglVnuNIt8IwKagp7ku","52.550372","-0.121787",,,,"HughCr11010"
"1012","Hutton Hire Ltd","Hutton Hire Ltd","The Yard","TR8 4LA","contact@ntuk.co.uk",,"$2y$10$zYV/S.Gq.fP8mXPJm5fPzuazzHfGz3VA1rAglVnuNIt8IwKagp7ku","50.404398","-5.027669",,,,"Hutton11011"
"1013","Hybrid Power Hire Ltd","Hybrid Power Hire Ltd","Unit 6","CV23 0PB","contact@ntuk.co.uk",,"$2y$10$zYV/S.Gq.fP8mXPJm5fPzuazzHfGz3VA1rAglVnuNIt8IwKagp7ku","52.401089","-1.237354",,,,"Hybrid11012"
"1014","Hy-Ram Engineering Co. Ltd","Hy-Ram Engineering Co. Ltd","Pelham Street","NG18 2EY","contact@ntuk.co.uk",,"$2y$10$zYV/S.Gq.fP8mXPJm5fPzuazzHfGz3VA1rAglVnuNIt8IwKagp7ku","53.144016","-1.189458",,,,"HyRamE11013"
"1015","I T Shaw Ltd","I T Shaw Ltd","Low Mill Business Park","LA12 9EE","contact@ntuk.co.uk",,"$2y$10$zYV/S.Gq.fP8mXPJm5fPzuazzHfGz3VA1rAglVnuNIt8IwKagp7ku","54.189044","-3.077465",,,,"ITShaw11014"
"1016","ICS Cool Energy","ICS Cool Energy","ICS Cool Energy House","SO40 3SA","contact@ntuk.co.uk",,"$2y$10$zYV/S.Gq.fP8mXPJm5fPzuazzHfGz3VA1rAglVnuNIt8IwKagp7ku","50.933178","-1.505884",,,,"ICSCoo11015"
"1017","Imaginit","Imaginit","3rd Floor The Pinnacle","RH10 1JH","contact@ntuk.co.uk",,"$2y$10$zYV/S.Gq.fP8mXPJm5fPzuazzHfGz3VA1rAglVnuNIt8IwKagp7ku","51.112932","-0.187259",,,,"Imagin11016"
"1018","Independent Welding Services Ltd","Independent Welding Services Ltd","Unit 2","BS15 8NH","contact@ntuk.co.uk",,"$2y$10$zYV/S.Gq.fP8mXPJm5fPzuazzHfGz3VA1rAglVnuNIt8IwKagp7ku","51.458019","-2.509419",,,,"Indepe11017"
"1019","Inlec UK Ltd","Inlec UK Ltd","2 Ellerbeck Way","TS9 5JZ","contact@ntuk.co.uk",,"$2y$10$zYV/S.Gq.fP8mXPJm5fPzuazzHfGz3VA1rAglVnuNIt8IwKagp7ku","54.463729","-1.176086",,,,"InlecU11018"
"1020","inspHire Ltd.","inspHire Ltd.","Unit 5 Chase Park","NG2 4GT","contact@ntuk.co.uk",,"$2y$10$zYV/S.Gq.fP8mXPJm5fPzuazzHfGz3VA1rAglVnuNIt8IwKagp7ku","52.948738","-1.119529",,,,"inspHi11019"
"1021","Insta-Hire Limited","Insta-Hire Limited","Unit 1","LS10 1AG","contact@ntuk.co.uk",,"$2y$10$zYV/S.Gq.fP8mXPJm5fPzuazzHfGz3VA1rAglVnuNIt8IwKagp7ku","53.782257","-1.537925",,,,"InstaH11020"
"1022","Instant Hire Limited","Instant Hire Limited","17 Cobham Road","BH21 7PE","contact@ntuk.co.uk",,"$2y$10$zYV/S.Gq.fP8mXPJm5fPzuazzHfGz3VA1rAglVnuNIt8IwKagp7ku","50.810063","-1.919034",,,,"Instan11021"
"1023","Instant Hire Limited","Instant Hire Limited","Unit 2 Mount Pleasant Industrial Estate","SO14 0SP","contact@ntuk.co.uk",,"$2y$10$zYV/S.Gq.fP8mXPJm5fPzuazzHfGz3VA1rAglVnuNIt8IwKagp7ku","50.914774","-1.390488",,,,"Instan11022"
"1024","Instant Tool and Plant Hire Limited","Instant Tool and Plant Hire Limited","The Old Wood","CW3 9BB","contact@ntuk.co.uk",,"$2y$10$zYV/S.Gq.fP8mXPJm5fPzuazzHfGz3VA1rAglVnuNIt8IwKagp7ku","53.037964","-2.368725",,,,"Instan11023"
"1025","Irrigatingly Simple Ltd t/as Slit-a-Slot","Irrigatingly Simple Ltd t/as Slit-a-Slot","2 Providence Cottage","TN21 8TD","contact@ntuk.co.uk",,"$2y$10$zYV/S.Gq.fP8mXPJm5fPzuazzHfGz3VA1rAglVnuNIt8IwKagp7ku","50.977867","0.285183",,,,"Irriga11024"
"1026","Island Hire Centre Ltd","Island Hire Centre Ltd","Orchard Street","PO30 1JZ","contact@ntuk.co.uk",,"$2y$10$zYV/S.Gq.fP8mXPJm5fPzuazzHfGz3VA1rAglVnuNIt8IwKagp7ku","50.697654","-1.294432",,,,"Island11025"
"1027","ITS Tools IOW Ltd.","ITS Tools IOW Ltd.","Dodnor Lane Industrial Estate","PO30 5XA","contact@ntuk.co.uk",,"$2y$10$zYV/S.Gq.fP8mXPJm5fPzuazzHfGz3VA1rAglVnuNIt8IwKagp7ku","50.709232","-1.298153",,,,"ITSToo11026"
"1028","J Cannella Plant Hire","J Cannella Plant Hire","Pelverers Farm","TN3 8HN","contact@ntuk.co.uk",,"$2y$10$zYV/S.Gq.fP8mXPJm5fPzuazzHfGz3VA1rAglVnuNIt8IwKagp7ku","51.09011","0.385895",,,,"JCanne11027"
"1029","J Coffey Plant Limited","J Coffey Plant Limited","93-95 Greenford Road","HA1 3QF","contact@ntuk.co.uk",,"$2y$10$zYV/S.Gq.fP8mXPJm5fPzuazzHfGz3VA1rAglVnuNIt8IwKagp7ku","51.560452","-0.333956",,,,"JCoffe11028"
"1030","J Coffey Plant Limited","J Coffey Plant Limited","8-12 Minerva Road","NW10 6HJ","contact@ntuk.co.uk",,"$2y$10$zYV/S.Gq.fP8mXPJm5fPzuazzHfGz3VA1rAglVnuNIt8IwKagp7ku","51.529528","-0.263909",,,,"JCoffe11029"
"1031","J M Armitage Ltd","J M Armitage Ltd","Ridings Mill","WF17 8AN","contact@ntuk.co.uk",,"$2y$10$zYV/S.Gq.fP8mXPJm5fPzuazzHfGz3VA1rAglVnuNIt8IwKagp7ku","53.71905","-1.664164",,,,"JMArmi11030"
"1032","J N Hire Ltd","J N Hire Ltd","16 The Harbour","BT34 4AX","contact@ntuk.co.uk",,"$2y$10$zYV/S.Gq.fP8mXPJm5fPzuazzHfGz3VA1rAglVnuNIt8IwKagp7ku","54.0605608","-5.9902175",,,"9/1/2021 13:07:00","JNHire11031"
"1033","J P Plant Hire Ltd","J P Plant Hire Ltd","Crossroads Hire Centre","LS25 5JE","contact@ntuk.co.uk",,"$2y$10$zYV/S.Gq.fP8mXPJm5fPzuazzHfGz3VA1rAglVnuNIt8IwKagp7ku","53.760895","-1.253065",,,,"JPPlan11032"
"1034","J W Parker & Son Ltd","J W Parker & Son Ltd","773 Rochdale Road","OL14 6TG","contact@ntuk.co.uk",,"$2y$10$zYV/S.Gq.fP8mXPJm5fPzuazzHfGz3VA1rAglVnuNIt8IwKagp7ku","53.688559","-2.100614",,,,"JWPark11033"
"1035","JAB Hire Services Ltd.","JAB Hire Services Ltd.","JAB House","EN8 9SS","contact@ntuk.co.uk",,"$2y$10$zYV/S.Gq.fP8mXPJm5fPzuazzHfGz3VA1rAglVnuNIt8IwKagp7ku","51.705671","-0.023968",,,,"JABHir11034"
"1036","Jackson and Gocher Hire Centre","Jackson and Gocher Hire Centre","Harrow Lane","GU7 3LP","contact@ntuk.co.uk",,"$2y$10$zYV/S.Gq.fP8mXPJm5fPzuazzHfGz3VA1rAglVnuNIt8IwKagp7ku","51.197207","-0.608383",,,,"Jackso11035"
"1037","Jackson Building Centres Limited","Jackson Building Centres Limited","Rowland Road","DN16 1ST","contact@ntuk.co.uk",,"$2y$10$zYV/S.Gq.fP8mXPJm5fPzuazzHfGz3VA1rAglVnuNIt8IwKagp7ku","53.586055","-0.64683",,,,"Jackso11036"
"1038","Jackson Building Centres Limited","Jackson Building Centres Limited","Corringham Road","DN21 1QS","contact@ntuk.co.uk",,"$2y$10$zYV/S.Gq.fP8mXPJm5fPzuazzHfGz3VA1rAglVnuNIt8IwKagp7ku","53.404072","-0.753575",,,,"Jackso11037"
"1039","Jackson Building Centres Limited","Jackson Building Centres Limited","P O Box 4","DN31 1QJ","contact@ntuk.co.uk",,"$2y$10$zYV/S.Gq.fP8mXPJm5fPzuazzHfGz3VA1rAglVnuNIt8IwKagp7ku","53.572173","-0.077376",,,,"Jackso11038"
"1040","Jackson Building Centres Limited","Jackson Building Centres Limited","Pillings Road","LE15 6QF","contact@ntuk.co.uk",,"$2y$10$zYV/S.Gq.fP8mXPJm5fPzuazzHfGz3VA1rAglVnuNIt8IwKagp7ku","52.678824","-0.733566",,,,"Jackso11039"
"1041","Jackson Building Centres Limited","Jackson Building Centres Limited","Bolingbroke Road","LN11 0WA","contact@ntuk.co.uk",,"$2y$10$zYV/S.Gq.fP8mXPJm5fPzuazzHfGz3VA1rAglVnuNIt8IwKagp7ku","53.382837","-0.008902",,,,"Jackso11040"
"1042","Jackson Building Centres Limited","Jackson Building Centres Limited","The Station Building","LN13 9JA","contact@ntuk.co.uk",,"$2y$10$zYV/S.Gq.fP8mXPJm5fPzuazzHfGz3VA1rAglVnuNIt8IwKagp7ku","53.256369","0.166503",,,,"Jackso11041"
"1043","Jackson Building Centres Limited","Jackson Building Centres Limited","Trent House","NG24 1QJ","contact@ntuk.co.uk",,"$2y$10$zYV/S.Gq.fP8mXPJm5fPzuazzHfGz3VA1rAglVnuNIt8IwKagp7ku","53.079959","-0.802577",,,,"Jackso11042"
"1044","Jackson Building Centres Limited","Jackson Building Centres Limited","South Parade","NG31 6DD","contact@ntuk.co.uk",,"$2y$10$zYV/S.Gq.fP8mXPJm5fPzuazzHfGz3VA1rAglVnuNIt8IwKagp7ku","52.902874","-0.636928",,,,"Jackso11043"
"1045","Jackson Building Centres Limited","Jackson Building Centres Limited","East Road","NG34 7EQ","contact@ntuk.co.uk",,"$2y$10$zYV/S.Gq.fP8mXPJm5fPzuazzHfGz3VA1rAglVnuNIt8IwKagp7ku","53.004636","-0.396537",,,,"Jackso11044"
"1046","Jackson Building Centres Limited","Jackson Building Centres Limited","Lenton Lane","NG7 2NR","contact@ntuk.co.uk",,"$2y$10$zYV/S.Gq.fP8mXPJm5fPzuazzHfGz3VA1rAglVnuNIt8IwKagp7ku","52.934931","-1.170932",,,,"Jackso11045"
"1047","Jackson Building Centres Limited","Jackson Building Centres Limited","Ashby Road","PE23 5DP","contact@ntuk.co.uk",,"$2y$10$zYV/S.Gq.fP8mXPJm5fPzuazzHfGz3VA1rAglVnuNIt8IwKagp7ku","53.1749622","0.0498415",,,"9/1/2021 13:07:01","Jackso11046"
"1048","Jackson Building Centres Limited","Jackson Building Centres Limited","Newbold Road","S41 7PB","contact@ntuk.co.uk",,"$2y$10$zYV/S.Gq.fP8mXPJm5fPzuazzHfGz3VA1rAglVnuNIt8IwKagp7ku","53.238328","-1.427906",,,,"Jackso11047"
"1049","Jackson Building Centres Limited","Jackson Building Centres Limited","William Street","S64 8BP","contact@ntuk.co.uk",,"$2y$10$zYV/S.Gq.fP8mXPJm5fPzuazzHfGz3VA1rAglVnuNIt8IwKagp7ku","53.489832","-1.302402",,,,"Jackso11048"
"1050","Jackson Building Centres Limited","Jackson Building Centres Limited","6 James Street","YO10 3WW","contact@ntuk.co.uk",,"$2y$10$zYV/S.Gq.fP8mXPJm5fPzuazzHfGz3VA1rAglVnuNIt8IwKagp7ku","53.95673","-1.068185",,,,"Jackso11049"
"1051","JB Locations Ltd","JB Locations Ltd","Flat 2, 4 Winslade House","TW20 0AY","contact@ntuk.co.uk",,"$2y$10$zYV/S.Gq.fP8mXPJm5fPzuazzHfGz3VA1rAglVnuNIt8IwKagp7ku","51.431486","-0.555042",,,,"JBLoca11050"
"1052","JB Plant Hire Ltd.","JB Plant Hire Ltd.","71a Mullaghmore Road","BT70 1RB","contact@ntuk.co.uk",,"$2y$10$zYV/S.Gq.fP8mXPJm5fPzuazzHfGz3VA1rAglVnuNIt8IwKagp7ku","54.5168501","-6.7957856",,,"9/1/2021 13:07:01","JBPlan11051"
"1053","JB Plant Hire Ltd.","JB Plant Hire Ltd.","168 Doogary Road","BT79 0HF","contact@ntuk.co.uk",,"$2y$10$zYV/S.Gq.fP8mXPJm5fPzuazzHfGz3VA1rAglVnuNIt8IwKagp7ku","54.5532242","-7.2468656",,,"9/1/2021 13:07:03","JBPlan11052"
"1054","JB Tool Hire Ltd.","JB Tool Hire Ltd.","Unit 21 Harrowbrook Road","LE10 3DJ","contact@ntuk.co.uk",,"$2y$10$zYV/S.Gq.fP8mXPJm5fPzuazzHfGz3VA1rAglVnuNIt8IwKagp7ku","52.536066","-1.410314",,,,"JBTool11053"
"1055","JB Tool Hire Ltd.","JB Tool Hire Ltd.","Comet Way","LE67 3FS","contact@ntuk.co.uk",,"$2y$10$zYV/S.Gq.fP8mXPJm5fPzuazzHfGz3VA1rAglVnuNIt8IwKagp7ku","52.730404","-1.370853",,,,"JBTool11054"
"1056","Jewson Tool Hire","Jewson Tool Hire","Cape Road","AL1 5DJ","contact@ntuk.co.uk",,"$2y$10$zYV/S.Gq.fP8mXPJm5fPzuazzHfGz3VA1rAglVnuNIt8IwKagp7ku","51.750965","-0.307962",,,,"Jewson11055"
"1057","Jewson Tool Hire","Jewson Tool Hire","8-12 Grove Road","AL5 1PY","contact@ntuk.co.uk",,"$2y$10$zYV/S.Gq.fP8mXPJm5fPzuazzHfGz3VA1rAglVnuNIt8IwKagp7ku","51.807361","-0.341331",,,,"Jewson11056"
"1058","Jewson Tool Hire","Jewson Tool Hire","Stechford Station Wharf","B33 9AF","contact@ntuk.co.uk",,"$2y$10$zYV/S.Gq.fP8mXPJm5fPzuazzHfGz3VA1rAglVnuNIt8IwKagp7ku","52.486113","-1.81074",,,,"Jewson11057"
"1059","Jewson Tool Hire","Jewson Tool Hire","106 Worcester Road","B61 7AH","contact@ntuk.co.uk",,"$2y$10$zYV/S.Gq.fP8mXPJm5fPzuazzHfGz3VA1rAglVnuNIt8IwKagp7ku","52.330762","-2.066534",,,,"Jewson11058"
"1060","Jewson Tool Hire","Jewson Tool Hire","Canal Road Industrial Estate","BA14 8RL","contact@ntuk.co.uk",,"$2y$10$zYV/S.Gq.fP8mXPJm5fPzuazzHfGz3VA1rAglVnuNIt8IwKagp7ku","51.332588","-2.204849",,,,"Jewson11059"
"1061","Jewson Tool Hire","Jewson Tool Hire","79 Ringwood Road","BH14 0RA","contact@ntuk.co.uk",,"$2y$10$zYV/S.Gq.fP8mXPJm5fPzuazzHfGz3VA1rAglVnuNIt8IwKagp7ku","50.733304","-1.956376",,,,"Jewson11060"
"1062","Jewson Tool Hire","Jewson Tool Hire","120 Wimborne Road West","BH21 2DT","contact@ntuk.co.uk",,"$2y$10$zYV/S.Gq.fP8mXPJm5fPzuazzHfGz3VA1rAglVnuNIt8IwKagp7ku","50.800105","-1.94404",,,,"Jewson11061"
"1063","Jewson Tool Hire","Jewson Tool Hire","Wick 2 Industrial Estate","BH25 6TJ","contact@ntuk.co.uk",,"$2y$10$zYV/S.Gq.fP8mXPJm5fPzuazzHfGz3VA1rAglVnuNIt8IwKagp7ku","50.753031","-1.671795",,,,"Jewson11062"
"1064","Jewson Tool Hire","Jewson Tool Hire","Bridge Street","BL9 6HH","contact@ntuk.co.uk",,"$2y$10$zYV/S.Gq.fP8mXPJm5fPzuazzHfGz3VA1rAglVnuNIt8IwKagp7ku","53.599394","-2.285505",,,,"Jewson11063"
"1065","Jewson Tool Hire","Jewson Tool Hire","77 North Street","BN41 1DZ","contact@ntuk.co.uk",,"$2y$10$zYV/S.Gq.fP8mXPJm5fPzuazzHfGz3VA1rAglVnuNIt8IwKagp7ku","50.830972","-0.2132",,,,"Jewson11064"
"1066","Jewson Tool Hire","Jewson Tool Hire","Goddards Green","BN6 9LG","contact@ntuk.co.uk",,"$2y$10$zYV/S.Gq.fP8mXPJm5fPzuazzHfGz3VA1rAglVnuNIt8IwKagp7ku","50.966391","-0.170125",,,,"Jewson11065"
"1067","Jewson Tool Hire","Jewson Tool Hire","109 Winterstoke Road","BS3 2NS","contact@ntuk.co.uk",,"$2y$10$zYV/S.Gq.fP8mXPJm5fPzuazzHfGz3VA1rAglVnuNIt8IwKagp7ku","51.43445","-2.618158",,,,"Jewson11066"
"1068","Jewson Tool Hire","Jewson Tool Hire","Broadmead Lane","BS31 1SA","contact@ntuk.co.uk",,"$2y$10$zYV/S.Gq.fP8mXPJm5fPzuazzHfGz3VA1rAglVnuNIt8IwKagp7ku","51.414472","-2.481959",,,,"Jewson11067"
"1069","Jewson Tool Hire","Jewson Tool Hire","Kingsway","CF31 3RY","contact@ntuk.co.uk",,"$2y$10$zYV/S.Gq.fP8mXPJm5fPzuazzHfGz3VA1rAglVnuNIt8IwKagp7ku","51.498887","-3.548992",,,,"Jewson11068"
"1070","Jewson Tool Hire","Jewson Tool Hire","Christleton Road","CH3 5TD","contact@ntuk.co.uk",,"$2y$10$zYV/S.Gq.fP8mXPJm5fPzuazzHfGz3VA1rAglVnuNIt8IwKagp7ku","53.189401","-2.863999",,,,"Jewson11069"
"1071","Jewson Tool Hire","Jewson Tool Hire","Pinfold Lane Industrial Estate","CH7 3PL","contact@ntuk.co.uk",,"$2y$10$zYV/S.Gq.fP8mXPJm5fPzuazzHfGz3VA1rAglVnuNIt8IwKagp7ku","53.179565","-3.084014",,,,"Jewson11070"
"1072","Jewson Tool Hire","Jewson Tool Hire","12 Station Road","CM9 4LQ","contact@ntuk.co.uk",,"$2y$10$zYV/S.Gq.fP8mXPJm5fPzuazzHfGz3VA1rAglVnuNIt8IwKagp7ku","51.735299","0.681968",,,,"Jewson11071"
"1073","Jewson Tool Hire","Jewson Tool Hire","South Street","CO11 1AZ","contact@ntuk.co.uk",,"$2y$10$zYV/S.Gq.fP8mXPJm5fPzuazzHfGz3VA1rAglVnuNIt8IwKagp7ku","51.946162","1.063294",,,,"Jewson11072"
"1074","Jewson Tool Hire","Jewson Tool Hire","265 Godstone Road","CR8 5BP","contact@ntuk.co.uk",,"$2y$10$zYV/S.Gq.fP8mXPJm5fPzuazzHfGz3VA1rAglVnuNIt8IwKagp7ku","51.318022","-0.084959",,,,"Jewson11073"
"1075","Jewson Tool Hire","Jewson Tool Hire","24/26 Lower Addiscombe Road","CR9 6AA","contact@ntuk.co.uk",,"$2y$10$zYV/S.Gq.fP8mXPJm5fPzuazzHfGz3VA1rAglVnuNIt8IwKagp7ku","51.375716","-0.091863",,,,"Jewson11074"
"1076","Jewson Tool Hire","Jewson Tool Hire","Market Way","CT2 7JJ","contact@ntuk.co.uk",,"$2y$10$zYV/S.Gq.fP8mXPJm5fPzuazzHfGz3VA1rAglVnuNIt8IwKagp7ku","51.289898","1.085577",,,,"Jewson11075"
"1077","Jewson Tool Hire","Jewson Tool Hire","186 Humber Avenue","CV1 2AS","contact@ntuk.co.uk",,"$2y$10$zYV/S.Gq.fP8mXPJm5fPzuazzHfGz3VA1rAglVnuNIt8IwKagp7ku","52.403158","-1.496251",,,,"Jewson11076"
"1078","Jewson Tool Hire","Jewson Tool Hire","Croft Road","CV10 7DL","contact@ntuk.co.uk",,"$2y$10$zYV/S.Gq.fP8mXPJm5fPzuazzHfGz3VA1rAglVnuNIt8IwKagp7ku","52.521369","-1.483774",,,,"Jewson11077"
"1079","Jewson Tool Hire","Jewson Tool Hire","Wharf Road","CV37 0AD","contact@ntuk.co.uk",,"$2y$10$zYV/S.Gq.fP8mXPJm5fPzuazzHfGz3VA1rAglVnuNIt8IwKagp7ku","52.198356","-1.712897",,,,"Jewson11078"
"1080","Jewson Tool Hire","Jewson Tool Hire","Newcastle Road","CW12 4HD","contact@ntuk.co.uk",,"$2y$10$zYV/S.Gq.fP8mXPJm5fPzuazzHfGz3VA1rAglVnuNIt8IwKagp7ku","53.163847","-2.228848",,,,"Jewson11079"
"1081","Jewson Tool Hire","Jewson Tool Hire","London Road","DA2 6AS","contact@ntuk.co.uk",,"$2y$10$zYV/S.Gq.fP8mXPJm5fPzuazzHfGz3VA1rAglVnuNIt8IwKagp7ku","51.442312","0.243466",,,,"Jewson11080"
"1082","Jewson Tool Hire","Jewson Tool Hire","Slade Green Road","DA8 2HX","contact@ntuk.co.uk",,"$2y$10$zYV/S.Gq.fP8mXPJm5fPzuazzHfGz3VA1rAglVnuNIt8IwKagp7ku","51.472246","0.191886",,,,"Jewson11081"
"1083","Jewson Tool Hire","Jewson Tool Hire","Alfreton Road","DE21 4RT","contact@ntuk.co.uk",,"$2y$10$zYV/S.Gq.fP8mXPJm5fPzuazzHfGz3VA1rAglVnuNIt8IwKagp7ku","52.936789","-1.469056",,,,"Jewson11082"
"1084","Jewson Tool Hire","Jewson Tool Hire","Lingfield Way","DL1 4PZ","contact@ntuk.co.uk",,"$2y$10$zYV/S.Gq.fP8mXPJm5fPzuazzHfGz3VA1rAglVnuNIt8IwKagp7ku","54.521761","-1.506508",,,,"Jewson11083"
"1085","Jewson Tool Hire","Jewson Tool Hire","Rowland Road","DN16 1TL","contact@ntuk.co.uk",,"$2y$10$zYV/S.Gq.fP8mXPJm5fPzuazzHfGz3VA1rAglVnuNIt8IwKagp7ku","53.585698","-0.635964",,,,"Jewson11084"
"1086","Jewson Tool Hire","Jewson Tool Hire","Poundbury West Industrial Estate","DT1 2PG","contact@ntuk.co.uk",,"$2y$10$zYV/S.Gq.fP8mXPJm5fPzuazzHfGz3VA1rAglVnuNIt8IwKagp7ku","50.716605","-2.450356",,,,"Jewson11085"
"1087","Jewson Tool Hire","Jewson Tool Hire","Cumberland Drive","DT4 9TB","contact@ntuk.co.uk",,"$2y$10$zYV/S.Gq.fP8mXPJm5fPzuazzHfGz3VA1rAglVnuNIt8IwKagp7ku","50.612825","-2.487016",,,,"Jewson11086"
"1088","Jewson Tool Hire","Jewson Tool Hire","Woodside Sawmill","DY2 0RH","contact@ntuk.co.uk",,"$2y$10$zYV/S.Gq.fP8mXPJm5fPzuazzHfGz3VA1rAglVnuNIt8IwKagp7ku","52.490836","-2.107189",,,,"Jewson11087"
"1089","Jewson Tool Hire","Jewson Tool Hire","Railway Arches","E11 4RA","contact@ntuk.co.uk",,"$2y$10$zYV/S.Gq.fP8mXPJm5fPzuazzHfGz3VA1rAglVnuNIt8IwKagp7ku","51.563817","0.008226",,,,"Jewson11088"
"1090","Jewson Tool Hire","Jewson Tool Hire","153 Slateford Road","EH14 1NZ","contact@ntuk.co.uk",,"$2y$10$zYV/S.Gq.fP8mXPJm5fPzuazzHfGz3VA1rAglVnuNIt8IwKagp7ku","55.931834","-3.236418",,,,"Jewson11089"
"1091","Jewson Tool Hire","Jewson Tool Hire","58 Craigentinny Avenue North","EH6 7RD","contact@ntuk.co.uk",,"$2y$10$zYV/S.Gq.fP8mXPJm5fPzuazzHfGz3VA1rAglVnuNIt8IwKagp7ku","55.967416","-3.138606",,,,"Jewson11090"
"1092","Jewson Tool Hire","Jewson Tool Hire","Bridge House Wharf","EN9 1AZ","contact@ntuk.co.uk",,"$2y$10$zYV/S.Gq.fP8mXPJm5fPzuazzHfGz3VA1rAglVnuNIt8IwKagp7ku","51.686296","-0.012457",,,,"Jewson11091"
"1093","Jewson Tool Hire","Jewson Tool Hire","Upcott Avenue","EX31 1HN","contact@ntuk.co.uk",,"$2y$10$zYV/S.Gq.fP8mXPJm5fPzuazzHfGz3VA1rAglVnuNIt8IwKagp7ku","51.086437","-4.080136",,,,"Jewson11092"
"1094","Jewson Tool Hire","Jewson Tool Hire","Pilland Way","EX31 1LT","contact@ntuk.co.uk",,"$2y$10$zYV/S.Gq.fP8mXPJm5fPzuazzHfGz3VA1rAglVnuNIt8IwKagp7ku","51.085329","-4.077159",,,,"Jewson11093"
"1095","Jewson Tool Hire","Jewson Tool Hire","Seven Brethren Bank","EX31 2AG","contact@ntuk.co.uk",,"$2y$10$zYV/S.Gq.fP8mXPJm5fPzuazzHfGz3VA1rAglVnuNIt8IwKagp7ku","51.074158","-4.058957",,,,"Jewson11094"
"1096","Jewson Tool Hire","Jewson Tool Hire","Nuttaberry Works","EX39 4DU","contact@ntuk.co.uk",,"$2y$10$zYV/S.Gq.fP8mXPJm5fPzuazzHfGz3VA1rAglVnuNIt8IwKagp7ku","51.012953","-4.202205",,,,"Jewson11095"
"1097","Jewson Tool Hire","Jewson Tool Hire","Springkerse Industrial Estate","FK7 7SS","contact@ntuk.co.uk",,"$2y$10$zYV/S.Gq.fP8mXPJm5fPzuazzHfGz3VA1rAglVnuNIt8IwKagp7ku","56.115395","-3.917704",,,,"Jewson11096"
"1098","Jewson Tool Hire","Jewson Tool Hire","127 Craighall Road","G4 9TP","contact@ntuk.co.uk",,"$2y$10$zYV/S.Gq.fP8mXPJm5fPzuazzHfGz3VA1rAglVnuNIt8IwKagp7ku","55.87709","-4.255276",,,,"Jewson11097"
"1099","Jewson Tool Hire","Jewson Tool Hire","92-116 Helen Street","G51 3HD","contact@ntuk.co.uk",,"$2y$10$zYV/S.Gq.fP8mXPJm5fPzuazzHfGz3VA1rAglVnuNIt8IwKagp7ku","55.856253","-4.314501",,,,"Jewson11098"
"1100","Jewson Tool Hire","Jewson Tool Hire","7 Woodrow Way","GL2 5DX","contact@ntuk.co.uk",,"$2y$10$zYV/S.Gq.fP8mXPJm5fPzuazzHfGz3VA1rAglVnuNIt8IwKagp7ku","51.837105","-2.269599",,,,"Jewson11099"
"1101","Jewson Tool Hire","Jewson Tool Hire","Fromside Industrial Estate","GL5 3JX","contact@ntuk.co.uk",,"$2y$10$zYV/S.Gq.fP8mXPJm5fPzuazzHfGz3VA1rAglVnuNIt8IwKagp7ku","51.742627","-2.217954",,,,"Jewson11100"
"1102","Jewson Tool Hire","Jewson Tool Hire","5 Kernel Court","GU1 4UB","contact@ntuk.co.uk",,"$2y$10$zYV/S.Gq.fP8mXPJm5fPzuazzHfGz3VA1rAglVnuNIt8IwKagp7ku","51.241393","-0.581177",,,,"Jewson11101"
"1103","Jewson Tool Hire","Jewson Tool Hire","37 Cove Road","GU14 0EJ","contact@ntuk.co.uk",,"$2y$10$zYV/S.Gq.fP8mXPJm5fPzuazzHfGz3VA1rAglVnuNIt8IwKagp7ku","51.292171","-0.766014",,,,"Jewson11102"
"1104","Jewson Tool Hire","Jewson Tool Hire","Arthurs Bridge Wharf","GU21 4NQ","contact@ntuk.co.uk",,"$2y$10$zYV/S.Gq.fP8mXPJm5fPzuazzHfGz3VA1rAglVnuNIt8IwKagp7ku","51.319095","-0.571491",,,,"Jewson11103"
"1105","Jewson Tool Hire","Jewson Tool Hire","Weydown Industrial Estate","GU27 1DB","contact@ntuk.co.uk",,"$2y$10$zYV/S.Gq.fP8mXPJm5fPzuazzHfGz3VA1rAglVnuNIt8IwKagp7ku","51.089139","-0.719749",,,,"Jewson11104"
"1106","Jewson Tool Hire","Jewson Tool Hire","Farnham Trading Estate","GU9 9NS","contact@ntuk.co.uk",,"$2y$10$zYV/S.Gq.fP8mXPJm5fPzuazzHfGz3VA1rAglVnuNIt8IwKagp7ku","51.221412","-0.774637",,,,"Jewson11105"
"1107","Jewson Tool Hire","Jewson Tool Hire","PO Box B36","HD1 4RH","contact@ntuk.co.uk",,"$2y$10$zYV/S.Gq.fP8mXPJm5fPzuazzHfGz3VA1rAglVnuNIt8IwKagp7ku","53.648333","-1.781499",,,,"Jewson11106"
"1108","Jewson Tool Hire","Jewson Tool Hire","Coronation Road","HP12 3TA","contact@ntuk.co.uk",,"$2y$10$zYV/S.Gq.fP8mXPJm5fPzuazzHfGz3VA1rAglVnuNIt8IwKagp7ku","51.619825","-0.779205",,,,"Jewson11107"
"1109","Jewson Tool Hire","Jewson Tool Hire","Gatehouse Way","HP19 8DX","contact@ntuk.co.uk",,"$2y$10$zYV/S.Gq.fP8mXPJm5fPzuazzHfGz3VA1rAglVnuNIt8IwKagp7ku","51.819545","-0.829529",,,,"Jewson11108"
"1110","Jewson Tool Hire","Jewson Tool Hire","Canal Road","HR1 2EB","contact@ntuk.co.uk",,"$2y$10$zYV/S.Gq.fP8mXPJm5fPzuazzHfGz3VA1rAglVnuNIt8IwKagp7ku","52.060573","-2.711672",,,,"Jewson11109"
"1111","Jewson Tool Hire","Jewson Tool Hire","Rotterdam Road","HU7 0XU","contact@ntuk.co.uk",,"$2y$10$zYV/S.Gq.fP8mXPJm5fPzuazzHfGz3VA1rAglVnuNIt8IwKagp7ku","53.772927","-0.325216",,,,"Jewson11110"
"1112","Jewson Tool Hire","Jewson Tool Hire","Newton Road","IP14 5AE","contact@ntuk.co.uk",,"$2y$10$zYV/S.Gq.fP8mXPJm5fPzuazzHfGz3VA1rAglVnuNIt8IwKagp7ku","52.193314","0.999077",,,,"Jewson11111"
"1113","Jewson Tool Hire","Jewson Tool Hire","Victoria Road","IP22 4GQ","contact@ntuk.co.uk",,"$2y$10$zYV/S.Gq.fP8mXPJm5fPzuazzHfGz3VA1rAglVnuNIt8IwKagp7ku","52.370117","1.12117",,,,"Jewson11112"
"1114","Jewson Tool Hire","Jewson Tool Hire","Norwich Road","IP25 6DF","contact@ntuk.co.uk",,"$2y$10$zYV/S.Gq.fP8mXPJm5fPzuazzHfGz3VA1rAglVnuNIt8IwKagp7ku","52.570023","0.834204",,,,"Jewson11113"
"1115","Jewson Tool Hire","Jewson Tool Hire","Norwich Road Industrial Estate","IP25 6DR","contact@ntuk.co.uk",,"$2y$10$zYV/S.Gq.fP8mXPJm5fPzuazzHfGz3VA1rAglVnuNIt8IwKagp7ku","52.569301","0.835796",,,,"Jewson11114"
"1116","Jewson Tool Hire","Jewson Tool Hire","Cratfield Road","IP32 7DF","contact@ntuk.co.uk",,"$2y$10$zYV/S.Gq.fP8mXPJm5fPzuazzHfGz3VA1rAglVnuNIt8IwKagp7ku","52.238837","0.745413",,,,"Jewson11115"
"1117","Jewson Tool Hire","Jewson Tool Hire","Beardmore Park","IP5 3RX","contact@ntuk.co.uk",,"$2y$10$zYV/S.Gq.fP8mXPJm5fPzuazzHfGz3VA1rAglVnuNIt8IwKagp7ku","52.064217","1.277344",,,,"Jewson11116"
"1118","Jewson Tool Hire","Jewson Tool Hire","Station House","KT10 0SW","contact@ntuk.co.uk",,"$2y$10$zYV/S.Gq.fP8mXPJm5fPzuazzHfGz3VA1rAglVnuNIt8IwKagp7ku","51.375751","-0.338543",,,,"Jewson11117"
"1119","Jewson Tool Hire","Jewson Tool Hire","2 Terrace Road","KT12 2ST","contact@ntuk.co.uk",,"$2y$10$zYV/S.Gq.fP8mXPJm5fPzuazzHfGz3VA1rAglVnuNIt8IwKagp7ku","51.38794","-0.418126",,,,"Jewson11118"
"1120","Jewson Tool Hire","Jewson Tool Hire","11-14 Wellington Crescent","KT3 3NE","contact@ntuk.co.uk",,"$2y$10$zYV/S.Gq.fP8mXPJm5fPzuazzHfGz3VA1rAglVnuNIt8IwKagp7ku","51.403822","-0.271146",,,,"Jewson11119"
"1121","Jewson Tool Hire","Jewson Tool Hire","Smeaton Road","KY1 2HA","contact@ntuk.co.uk",,"$2y$10$zYV/S.Gq.fP8mXPJm5fPzuazzHfGz3VA1rAglVnuNIt8IwKagp7ku","56.124493","-3.149742",,,,"Jewson11120"
"1122","Jewson Tool Hire","Jewson Tool Hire","Station Road","LD2 3SS","contact@ntuk.co.uk",,"$2y$10$zYV/S.Gq.fP8mXPJm5fPzuazzHfGz3VA1rAglVnuNIt8IwKagp7ku","52.152675","-3.401768",,,,"Jewson11121"
"1123","Jewson Tool Hire","Jewson Tool Hire","150 Welford Road","LE2 6BA","contact@ntuk.co.uk",,"$2y$10$zYV/S.Gq.fP8mXPJm5fPzuazzHfGz3VA1rAglVnuNIt8IwKagp7ku","52.624001","-1.130535",,,,"Jewson11122"
"1124","Jewson Tool Hire","Jewson Tool Hire","Glanydon Industrial Estate","LL53 5YT","contact@ntuk.co.uk",,"$2y$10$zYV/S.Gq.fP8mXPJm5fPzuazzHfGz3VA1rAglVnuNIt8IwKagp7ku","52.889786","-4.403293",,,,"Jewson11123"
"1125","Jewson Tool Hire","Jewson Tool Hire","3A Llandegai Industrial Estate","LL57 4YH","contact@ntuk.co.uk",,"$2y$10$zYV/S.Gq.fP8mXPJm5fPzuazzHfGz3VA1rAglVnuNIt8IwKagp7ku","53.217968","-4.111519",,,,"Jewson11124"
"1126","Jewson Tool Hire","Jewson Tool Hire","Gibraltar Island Road","LS10 1RJ","contact@ntuk.co.uk",,"$2y$10$zYV/S.Gq.fP8mXPJm5fPzuazzHfGz3VA1rAglVnuNIt8IwKagp7ku","53.779793","-1.519195",,,,"Jewson11125"
"1127","Jewson Tool Hire","Jewson Tool Hire","Leighton Road","LU7 1LA","contact@ntuk.co.uk",,"$2y$10$zYV/S.Gq.fP8mXPJm5fPzuazzHfGz3VA1rAglVnuNIt8IwKagp7ku","51.916045","-0.669163",,,,"Jewson11126"
"1128","Jewson Tool Hire","Jewson Tool Hire","Beckford Street","M40 5AJ","contact@ntuk.co.uk",,"$2y$10$zYV/S.Gq.fP8mXPJm5fPzuazzHfGz3VA1rAglVnuNIt8IwKagp7ku","53.497295","-2.206885",,,,"Jewson11127"
"1129","Jewson Tool Hire","Jewson Tool Hire","47 The Mall","ME13 8JP","contact@ntuk.co.uk",,"$2y$10$zYV/S.Gq.fP8mXPJm5fPzuazzHfGz3VA1rAglVnuNIt8IwKagp7ku","51.309515","0.888223",,,,"Jewson11128"
"1130","Jewson Tool Hire","Jewson Tool Hire","Tavistock Street","MK2 2PP","contact@ntuk.co.uk",,"$2y$10$zYV/S.Gq.fP8mXPJm5fPzuazzHfGz3VA1rAglVnuNIt8IwKagp7ku","51.999701","-0.727792",,,,"Jewson11129"
"1131","Jewson Tool Hire","Jewson Tool Hire","London Road","MK42 0NR","contact@ntuk.co.uk",,"$2y$10$zYV/S.Gq.fP8mXPJm5fPzuazzHfGz3VA1rAglVnuNIt8IwKagp7ku","52.128885","-0.460071",,,,"Jewson11130"
"1132","Jewson Tool Hire","Jewson Tool Hire","Maulden Road","MK45 5BT","contact@ntuk.co.uk",,"$2y$10$zYV/S.Gq.fP8mXPJm5fPzuazzHfGz3VA1rAglVnuNIt8IwKagp7ku","52.00758","-0.48414",,,,"Jewson11131"
"1133","Jewson Tool Hire","Jewson Tool Hire","Wightman Road","N4 1RD","contact@ntuk.co.uk",,"$2y$10$zYV/S.Gq.fP8mXPJm5fPzuazzHfGz3VA1rAglVnuNIt8IwKagp7ku","51.576841","-0.104422",,,,"Jewson11132"
"1134","Jewson Tool Hire","Jewson Tool Hire","Dunston Sawmills","NE11 9JB","contact@ntuk.co.uk",,"$2y$10$zYV/S.Gq.fP8mXPJm5fPzuazzHfGz3VA1rAglVnuNIt8IwKagp7ku","54.958249","-1.645095",,,,"Jewson11133"
"1135","Jewson Tool Hire","Jewson Tool Hire","St Lawrence Road","NE6 1AQ","contact@ntuk.co.uk",,"$2y$10$zYV/S.Gq.fP8mXPJm5fPzuazzHfGz3VA1rAglVnuNIt8IwKagp7ku","54.967359","-1.576772",,,,"Jewson11134"
"1136","Jewson Tool Hire","Jewson Tool Hire","Wharf Road","NG31 6BJ","contact@ntuk.co.uk",,"$2y$10$zYV/S.Gq.fP8mXPJm5fPzuazzHfGz3VA1rAglVnuNIt8IwKagp7ku","52.909096","-0.644852",,,,"Jewson11135"
"1137","Jewson Tool Hire","Jewson Tool Hire","Private Road No 1","NG4 2JQ","contact@ntuk.co.uk",,"$2y$10$zYV/S.Gq.fP8mXPJm5fPzuazzHfGz3VA1rAglVnuNIt8IwKagp7ku","52.959693","-1.081122",,,,"Jewson11136"
"1138","Jewson Tool Hire","Jewson Tool Hire","Stalham Road","NR12 8DU","contact@ntuk.co.uk",,"$2y$10$zYV/S.Gq.fP8mXPJm5fPzuazzHfGz3VA1rAglVnuNIt8IwKagp7ku","52.716714","1.420705",,,,"Jewson11137"
"1139","Jewson Tool Hire","Jewson Tool Hire","Dereham Road","NR21 7JX","contact@ntuk.co.uk",,"$2y$10$zYV/S.Gq.fP8mXPJm5fPzuazzHfGz3VA1rAglVnuNIt8IwKagp7ku","52.827192","0.841703",,,,"Jewson11138"
"1140","Jewson Tool Hire","Jewson Tool Hire","Stonehill Way","NR27 9JW","contact@ntuk.co.uk",,"$2y$10$zYV/S.Gq.fP8mXPJm5fPzuazzHfGz3VA1rAglVnuNIt8IwKagp7ku","52.927527","1.288329",,,,"Jewson11139"
"1141","Jewson Tool Hire","Jewson Tool Hire","Boundary Road","NR31 0JY","contact@ntuk.co.uk",,"$2y$10$zYV/S.Gq.fP8mXPJm5fPzuazzHfGz3VA1rAglVnuNIt8IwKagp7ku","52.595179","1.723641",,,,"Jewson11140"
"1142","Jewson Tool Hire","Jewson Tool Hire","Newmarket Road","NR4 6UE","contact@ntuk.co.uk",,"$2y$10$zYV/S.Gq.fP8mXPJm5fPzuazzHfGz3VA1rAglVnuNIt8IwKagp7ku","52.60546","1.243096",,,,"Jewson11141"
"1143","Jewson Tool Hire","Jewson Tool Hire","Beaumont Road","OX16 1RZ","contact@ntuk.co.uk",,"$2y$10$zYV/S.Gq.fP8mXPJm5fPzuazzHfGz3VA1rAglVnuNIt8IwKagp7ku","52.076597","-1.343895",,,,"Jewson11142"
"1144","Jewson Tool Hire","Jewson Tool Hire","3 Lamarsh Road","OX2 0HF","contact@ntuk.co.uk",,"$2y$10$zYV/S.Gq.fP8mXPJm5fPzuazzHfGz3VA1rAglVnuNIt8IwKagp7ku","51.751398","-1.284615",,,,"Jewson11143"
"1145","Jewson Tool Hire","Jewson Tool Hire","Platts Close","PE11 3UY","contact@ntuk.co.uk",,"$2y$10$zYV/S.Gq.fP8mXPJm5fPzuazzHfGz3VA1rAglVnuNIt8IwKagp7ku","52.809076","-0.144587",,,,"Jewson11144"
"1146","Jewson Tool Hire","Jewson Tool Hire","Glebe Road","PE29 7DL","contact@ntuk.co.uk",,"$2y$10$zYV/S.Gq.fP8mXPJm5fPzuazzHfGz3VA1rAglVnuNIt8IwKagp7ku","52.345045","-0.181974",,,,"Jewson11145"
"1147","Jewson Tool Hire","Jewson Tool Hire","1180 Club Way","PE7 8JA","contact@ntuk.co.uk",,"$2y$10$zYV/S.Gq.fP8mXPJm5fPzuazzHfGz3VA1rAglVnuNIt8IwKagp7ku","52.545755","-0.254849",,,,"Jewson11146"
"1148","Jewson Tool Hire","Jewson Tool Hire","Manfield Way","PL25 3HQ","contact@ntuk.co.uk",,"$2y$10$zYV/S.Gq.fP8mXPJm5fPzuazzHfGz3VA1rAglVnuNIt8IwKagp7ku","50.342162","-4.754219",,,,"Jewson11147"
"1149","Jewson Tool Hire","Jewson Tool Hire","Bodieve Business Park","PL27 6BN","contact@ntuk.co.uk",,"$2y$10$zYV/S.Gq.fP8mXPJm5fPzuazzHfGz3VA1rAglVnuNIt8IwKagp7ku","50.523332","-4.824345",,,,"Jewson11148"
"1150","Jewson Tool Hire","Jewson Tool Hire","Sutton Road","PL4 0HN","contact@ntuk.co.uk",,"$2y$10$zYV/S.Gq.fP8mXPJm5fPzuazzHfGz3VA1rAglVnuNIt8IwKagp7ku","50.369519","-4.129867",,,,"Jewson11149"
"1151","Jewson Tool Hire","Jewson Tool Hire","105-119 Blackfriars Road","PO5 4LW","contact@ntuk.co.uk",,"$2y$10$zYV/S.Gq.fP8mXPJm5fPzuazzHfGz3VA1rAglVnuNIt8IwKagp7ku","50.797033","-1.085874",,,,"Jewson11150"
"1152","Jewson Tool Hire","Jewson Tool Hire","Raglan Street","PR2 2AX","contact@ntuk.co.uk",,"$2y$10$zYV/S.Gq.fP8mXPJm5fPzuazzHfGz3VA1rAglVnuNIt8IwKagp7ku","53.768876","-2.718465",,,,"Jewson11151"
"1153","Jewson Tool Hire","Jewson Tool Hire","Meols Cop Bridge","PR9 7DD","contact@ntuk.co.uk",,"$2y$10$zYV/S.Gq.fP8mXPJm5fPzuazzHfGz3VA1rAglVnuNIt8IwKagp7ku","53.646401","-2.975171",,,,"Jewson11152"
"1154","Jewson Tool Hire","Jewson Tool Hire","Hambridge Road","RG14 5EA","contact@ntuk.co.uk",,"$2y$10$zYV/S.Gq.fP8mXPJm5fPzuazzHfGz3VA1rAglVnuNIt8IwKagp7ku","51.396914","-1.328118",,,,"Jewson11153"
"1155","Jewson Tool Hire","Jewson Tool Hire","468 Basingstoke Road","RG2 0QQ","contact@ntuk.co.uk",,"$2y$10$zYV/S.Gq.fP8mXPJm5fPzuazzHfGz3VA1rAglVnuNIt8IwKagp7ku","51.426795","-0.971301",,,,"Jewson11154"
"1156","Jewson Tool Hire","Jewson Tool Hire","Area Workshop","RG24 8PY","contact@ntuk.co.uk",,"$2y$10$zYV/S.Gq.fP8mXPJm5fPzuazzHfGz3VA1rAglVnuNIt8IwKagp7ku","51.271486","-1.066918",,,,"Jewson11155"
"1157","Jewson Tool Hire","Jewson Tool Hire","99 Reading Road","RG9 1BY","contact@ntuk.co.uk",,"$2y$10$zYV/S.Gq.fP8mXPJm5fPzuazzHfGz3VA1rAglVnuNIt8IwKagp7ku","51.532555","-0.900698",,,,"Jewson11156"
"1158","Jewson Tool Hire","Jewson Tool Hire","Rainham Road South","RM10 8AA","contact@ntuk.co.uk",,"$2y$10$zYV/S.Gq.fP8mXPJm5fPzuazzHfGz3VA1rAglVnuNIt8IwKagp7ku","51.544188","0.165833",,,,"Jewson11157"
"1159","Jewson Tool Hire","Jewson Tool Hire","Caledonia Works","S3 8EQ","contact@ntuk.co.uk",,"$2y$10$zYV/S.Gq.fP8mXPJm5fPzuazzHfGz3VA1rAglVnuNIt8IwKagp7ku","53.391013","-1.470942",,,,"Jewson11158"
"1160","Jewson Tool Hire","Jewson Tool Hire","The Old Tin Works","SA31 1NR","contact@ntuk.co.uk",,"$2y$10$zYV/S.Gq.fP8mXPJm5fPzuazzHfGz3VA1rAglVnuNIt8IwKagp7ku","51.861729","-4.294175",,,,"Jewson11159"
"1161","Jewson Tool Hire","Jewson Tool Hire","Mercantile Yard","SA43 3AD","contact@ntuk.co.uk",,"$2y$10$zYV/S.Gq.fP8mXPJm5fPzuazzHfGz3VA1rAglVnuNIt8IwKagp7ku","52.080021","-4.657049",,,,"Jewson11160"
"1162","Jewson Tool Hire","Jewson Tool Hire","Plasmarl Industrial Estate","SA6 8JG","contact@ntuk.co.uk",,"$2y$10$zYV/S.Gq.fP8mXPJm5fPzuazzHfGz3VA1rAglVnuNIt8IwKagp7ku","51.653779","-3.925552",,,,"Jewson11161"
"1163","Jewson Tool Hire","Jewson Tool Hire","Merlins Bridge Trading Estate","SA61 1XE","contact@ntuk.co.uk",,"$2y$10$zYV/S.Gq.fP8mXPJm5fPzuazzHfGz3VA1rAglVnuNIt8IwKagp7ku","51.809062","-4.964092",,,,"Jewson11162"
"1164","Jewson Tool Hire","Jewson Tool Hire","6-12 Kennington Lane","SE11 4LT","contact@ntuk.co.uk",,"$2y$10$zYV/S.Gq.fP8mXPJm5fPzuazzHfGz3VA1rAglVnuNIt8IwKagp7ku","51.491307","-0.104039",,,,"Jewson11163"
"1165","Jewson Tool Hire","Jewson Tool Hire","Ilderton Wharf","SE15 1EP","contact@ntuk.co.uk",,"$2y$10$zYV/S.Gq.fP8mXPJm5fPzuazzHfGz3VA1rAglVnuNIt8IwKagp7ku","51.483907","-0.050335",,,,"Jewson11164"
"1166","Jewson Tool Hire","Jewson Tool Hire","John Tate Road","SG13 7NQ","contact@ntuk.co.uk",,"$2y$10$zYV/S.Gq.fP8mXPJm5fPzuazzHfGz3VA1rAglVnuNIt8IwKagp7ku","51.794864","-0.057312",,,,"Jewson11165"
"1167","Jewson Tool Hire","Jewson Tool Hire","Birds Hill","SG6 1HX","contact@ntuk.co.uk",,"$2y$10$zYV/S.Gq.fP8mXPJm5fPzuazzHfGz3VA1rAglVnuNIt8IwKagp7ku","51.982215","-0.220059",,,,"Jewson11166"
"1168","Jewson Tool Hire","Jewson Tool Hire","Orchard Road","SG8 5HA","contact@ntuk.co.uk",,"$2y$10$zYV/S.Gq.fP8mXPJm5fPzuazzHfGz3VA1rAglVnuNIt8IwKagp7ku","52.054024","-0.031328",,,,"Jewson11167"
"1169","Jewson Tool Hire","Jewson Tool Hire","Greg Street","SK5 7NW","contact@ntuk.co.uk",,"$2y$10$zYV/S.Gq.fP8mXPJm5fPzuazzHfGz3VA1rAglVnuNIt8IwKagp7ku","53.428478","-2.160919",,,,"Jewson11168"
"1170","Jewson Tool Hire","Jewson Tool Hire","Devizes Garden Trading Estate","SN10 2HL","contact@ntuk.co.uk",,"$2y$10$zYV/S.Gq.fP8mXPJm5fPzuazzHfGz3VA1rAglVnuNIt8IwKagp7ku","51.360226","-1.979068",,,,"Jewson11169"
"1171","Jewson Tool Hire","Jewson Tool Hire","Kembrey Street","SN2 8YR","contact@ntuk.co.uk",,"$2y$10$zYV/S.Gq.fP8mXPJm5fPzuazzHfGz3VA1rAglVnuNIt8IwKagp7ku","51.578945","-1.774177",,,,"Jewson11170"
"1172","Jewson Tool Hire","Jewson Tool Hire","Antelope House","SO19 8NE","contact@ntuk.co.uk",,"$2y$10$zYV/S.Gq.fP8mXPJm5fPzuazzHfGz3VA1rAglVnuNIt8IwKagp7ku","50.906484","-1.340989",,,,"Jewson11171"
"1173","Jewson Tool Hire","Jewson Tool Hire","Moorside Road","SO23 7SQ","contact@ntuk.co.uk",,"$2y$10$zYV/S.Gq.fP8mXPJm5fPzuazzHfGz3VA1rAglVnuNIt8IwKagp7ku","51.073048","-1.297376",,,,"Jewson11172"
"1174","Jewson Tool Hire","Jewson Tool Hire","Nutsey Lane","SO40 3NB","contact@ntuk.co.uk",,"$2y$10$zYV/S.Gq.fP8mXPJm5fPzuazzHfGz3VA1rAglVnuNIt8IwKagp7ku","50.931518","-1.502458",,,,"Jewson11173"
"1175","Jewson Tool Hire","Jewson Tool Hire","Southampton Road","SP1 2LB","contact@ntuk.co.uk",,"$2y$10$zYV/S.Gq.fP8mXPJm5fPzuazzHfGz3VA1rAglVnuNIt8IwKagp7ku","51.063099","-1.779904",,,,"Jewson11174"
"1176","Jewson Tool Hire","Jewson Tool Hire","1A West Portway","SP10 3LF","contact@ntuk.co.uk",,"$2y$10$zYV/S.Gq.fP8mXPJm5fPzuazzHfGz3VA1rAglVnuNIt8IwKagp7ku","51.217161","-1.51455",,,,"Jewson11175"
"1177","Jewson Tool Hire","Jewson Tool Hire","Pottery Road","SR5 2BP","contact@ntuk.co.uk",,"$2y$10$zYV/S.Gq.fP8mXPJm5fPzuazzHfGz3VA1rAglVnuNIt8IwKagp7ku","54.915874","-1.404623",,,,"Jewson11176"
"1178","Jewson Tool Hire","Jewson Tool Hire","548 London Road","SS0 9HS","contact@ntuk.co.uk",,"$2y$10$zYV/S.Gq.fP8mXPJm5fPzuazzHfGz3VA1rAglVnuNIt8IwKagp7ku","51.544964","0.686147",,,,"Jewson11177"
"1179","Jewson Tool Hire","Jewson Tool Hire","Baswich Business Park","ST18 0YL","contact@ntuk.co.uk",,"$2y$10$zYV/S.Gq.fP8mXPJm5fPzuazzHfGz3VA1rAglVnuNIt8IwKagp7ku","52.801981","-2.08176",,,,"Jewson11178"
"1180","Jewson Tool Hire","Jewson Tool Hire","Jamage Industrial Estate","ST7 1XW","contact@ntuk.co.uk",,"$2y$10$zYV/S.Gq.fP8mXPJm5fPzuazzHfGz3VA1rAglVnuNIt8IwKagp7ku","53.068991","-2.265147",,,,"Jewson11179"
"1181","Jewson Tool Hire","Jewson Tool Hire","Baltic Sawmills","SW6 3DS","contact@ntuk.co.uk",,"$2y$10$zYV/S.Gq.fP8mXPJm5fPzuazzHfGz3VA1rAglVnuNIt8IwKagp7ku","51.465649","-0.196768",,,,"Jewson11180"
"1182","Jewson Tool Hire","Jewson Tool Hire","Featherbed Lane","SY1 4PR","contact@ntuk.co.uk",,"$2y$10$zYV/S.Gq.fP8mXPJm5fPzuazzHfGz3VA1rAglVnuNIt8IwKagp7ku","52.736238","-2.717417",,,,"Jewson11181"
"1183","Jewson Tool Hire","Jewson Tool Hire","Glan Yr Afon Industrial Estate","SY23 3JQ","contact@ntuk.co.uk",,"$2y$10$zYV/S.Gq.fP8mXPJm5fPzuazzHfGz3VA1rAglVnuNIt8IwKagp7ku","52.402582","-4.043073",,,,"Jewson11182"
"1184","Jewson Tool Hire","Jewson Tool Hire","Industrial Estate","TA1 2AL","contact@ntuk.co.uk",,"$2y$10$zYV/S.Gq.fP8mXPJm5fPzuazzHfGz3VA1rAglVnuNIt8IwKagp7ku","51.023184","-3.086441",,,,"Jewson11183"
"1185","Jewson Tool Hire","Jewson Tool Hire","East Quay","TA6 4AE","contact@ntuk.co.uk",,"$2y$10$zYV/S.Gq.fP8mXPJm5fPzuazzHfGz3VA1rAglVnuNIt8IwKagp7ku","51.132516","-3.001639",,,,"Jewson11184"
"1186","Jewson Tool Hire","Jewson Tool Hire","Tylers End","TA9 4JS","contact@ntuk.co.uk",,"$2y$10$zYV/S.Gq.fP8mXPJm5fPzuazzHfGz3VA1rAglVnuNIt8IwKagp7ku","51.222368","-2.965111",,,,"Jewson11185"
"1187","Jewson Tool Hire","Jewson Tool Hire","Unit 13 Stafford Park Industrial Estate","TF3 3AZ","contact@ntuk.co.uk",,"$2y$10$zYV/S.Gq.fP8mXPJm5fPzuazzHfGz3VA1rAglVnuNIt8IwKagp7ku","52.670261","-2.424565",,,,"Jewson11186"
"1188","Jewson Tool Hire","Jewson Tool Hire","Brasted","TN16 1NG","contact@ntuk.co.uk",,"$2y$10$zYV/S.Gq.fP8mXPJm5fPzuazzHfGz3VA1rAglVnuNIt8IwKagp7ku","51.277488","0.112328",,,,"Jewson11187"
"1189","Jewson Tool Hire","Jewson Tool Hire","Isenhurst Sawmills","TN21 0UD","contact@ntuk.co.uk",,"$2y$10$zYV/S.Gq.fP8mXPJm5fPzuazzHfGz3VA1rAglVnuNIt8IwKagp7ku","50.976884","0.220558",,,,"Jewson11188"
"1190","Jewson Tool Hire","Jewson Tool Hire","2-4 Beeching Road","TN39 3LG","contact@ntuk.co.uk",,"$2y$10$zYV/S.Gq.fP8mXPJm5fPzuazzHfGz3VA1rAglVnuNIt8IwKagp7ku","50.843984","0.467172",,,,"Jewson11189"
"1191","Jewson Tool Hire","Jewson Tool Hire","Newton Road","TQ12 3AF","contact@ntuk.co.uk",,"$2y$10$zYV/S.Gq.fP8mXPJm5fPzuazzHfGz3VA1rAglVnuNIt8IwKagp7ku","50.538734","-3.600845",,,,"Jewson11190"
"1192","Jewson Tool Hire","Jewson Tool Hire","Forde Road","TQ12 4AD","contact@ntuk.co.uk",,"$2y$10$zYV/S.Gq.fP8mXPJm5fPzuazzHfGz3VA1rAglVnuNIt8IwKagp7ku","50.532614","-3.595967",,,,"Jewson11191"
"1193","Jewson Tool Hire","Jewson Tool Hire","Borough Close","TQ4 7EN","contact@ntuk.co.uk",,"$2y$10$zYV/S.Gq.fP8mXPJm5fPzuazzHfGz3VA1rAglVnuNIt8IwKagp7ku","50.423372","-3.588364",,,,"Jewson11192"
"1194","Jewson Tool Hire","Jewson Tool Hire","Babbage Road","TQ9 5JA","contact@ntuk.co.uk",,"$2y$10$zYV/S.Gq.fP8mXPJm5fPzuazzHfGz3VA1rAglVnuNIt8IwKagp7ku","50.434945","-3.683773",,,,"Jewson11193"
"1195","Jewson Tool Hire","Jewson Tool Hire","Unit 21-22","TR10 9EP","contact@ntuk.co.uk",,"$2y$10$zYV/S.Gq.fP8mXPJm5fPzuazzHfGz3VA1rAglVnuNIt8IwKagp7ku","50.16615","-5.122669",,,,"Jewson11194"
"1196","Jewson Tool Hire","Jewson Tool Hire","Jelbert Way","TR18 3AS","contact@ntuk.co.uk",,"$2y$10$zYV/S.Gq.fP8mXPJm5fPzuazzHfGz3VA1rAglVnuNIt8IwKagp7ku","50.127818","-5.523082",,,,"Jewson11195"
"1197","Jewson Tool Hire","Jewson Tool Hire","2 Carnsew Road","TR27 4HU","contact@ntuk.co.uk",,"$2y$10$zYV/S.Gq.fP8mXPJm5fPzuazzHfGz3VA1rAglVnuNIt8IwKagp7ku","50.184905","-5.423768",,,,"Jewson11196"
"1198","Jewson Tool Hire","Jewson Tool Hire","Junction Road","TS19 9PB","contact@ntuk.co.uk",,"$2y$10$zYV/S.Gq.fP8mXPJm5fPzuazzHfGz3VA1rAglVnuNIt8IwKagp7ku","54.591397","-1.349797",,,,"Jewson11197"
"1199","Jewson Tool Hire","Jewson Tool Hire","32-33 Brewsdale Road","TS3 6LJ","contact@ntuk.co.uk",,"$2y$10$zYV/S.Gq.fP8mXPJm5fPzuazzHfGz3VA1rAglVnuNIt8IwKagp7ku","54.573125","-1.206351",,,,"Jewson11198"
"1200","Jewson Tool Hire","Jewson Tool Hire","Moor Lane","TW18 4YN","contact@ntuk.co.uk",,"$2y$10$zYV/S.Gq.fP8mXPJm5fPzuazzHfGz3VA1rAglVnuNIt8IwKagp7ku","51.437485","-0.515546",,,,"Jewson11199"
"1201","Jewson Tool Hire","Jewson Tool Hire","1 Trussley Road","W6 7PS","contact@ntuk.co.uk",,"$2y$10$zYV/S.Gq.fP8mXPJm5fPzuazzHfGz3VA1rAglVnuNIt8IwKagp7ku","51.49851","-0.226462",,,,"Jewson11200"
"1202","Jewson Tool Hire","Jewson Tool Hire","College Street","WA10 1TU","contact@ntuk.co.uk",,"$2y$10$zYV/S.Gq.fP8mXPJm5fPzuazzHfGz3VA1rAglVnuNIt8IwKagp7ku","53.459209","-2.7344",,,,"Jewson11201"
"1203","Jewson Tool Hire","Jewson Tool Hire","Walmsley Street","WA8 0SS","contact@ntuk.co.uk",,"$2y$10$zYV/S.Gq.fP8mXPJm5fPzuazzHfGz3VA1rAglVnuNIt8IwKagp7ku","53.367046","-2.716869",,,,"Jewson11202"
"1204","Jewson Tool Hire","Jewson Tool Hire","Queens Avenue","WD18 7NW","contact@ntuk.co.uk",,"$2y$10$zYV/S.Gq.fP8mXPJm5fPzuazzHfGz3VA1rAglVnuNIt8IwKagp7ku","51.651039","-0.411876",,,,"Jewson11203"
"1205","Jewson Tool Hire","Jewson Tool Hire","4-6 Caxton Way","WD18 8RT","contact@ntuk.co.uk",,"$2y$10$zYV/S.Gq.fP8mXPJm5fPzuazzHfGz3VA1rAglVnuNIt8IwKagp7ku","51.64468","-0.426421",,,,"Jewson11204"
"1206","Jewson Tool Hire","Jewson Tool Hire","Victoria Street","WN5 9BX","contact@ntuk.co.uk",,"$2y$10$zYV/S.Gq.fP8mXPJm5fPzuazzHfGz3VA1rAglVnuNIt8IwKagp7ku","53.534673","-2.659573",,,,"Jewson11205"
"1207","Jewson Tool Hire","Jewson Tool Hire","St Richards Road","WR11 1AB","contact@ntuk.co.uk",,"$2y$10$zYV/S.Gq.fP8mXPJm5fPzuazzHfGz3VA1rAglVnuNIt8IwKagp7ku","52.080187","-1.941294",,,,"Jewson11206"
"1208","Jewson Tool Hire","Jewson Tool Hire","Rollingmill Street","WS2 9EJ","contact@ntuk.co.uk",,"$2y$10$zYV/S.Gq.fP8mXPJm5fPzuazzHfGz3VA1rAglVnuNIt8IwKagp7ku","52.58002","-1.995382",,,,"Jewson11207"
"1209","Jewson Tool Hire","Jewson Tool Hire","Brook Street","YO12 7AB","contact@ntuk.co.uk",,"$2y$10$zYV/S.Gq.fP8mXPJm5fPzuazzHfGz3VA1rAglVnuNIt8IwKagp7ku","54.282299","-0.407834",,,,"Jewson11208"
"1210","Jewson Tool Hire","Jewson Tool Hire","Green Lane Trading Estate","YO30 5PY","contact@ntuk.co.uk",,"$2y$10$zYV/S.Gq.fP8mXPJm5fPzuazzHfGz3VA1rAglVnuNIt8IwKagp7ku","53.98189","-1.099144",,,,"Jewson11209"
"1211","JJ & PT Williams & Sons","JJ & PT Williams & Sons","Unit 26","SA43 3AG","contact@ntuk.co.uk",,"$2y$10$zYV/S.Gq.fP8mXPJm5fPzuazzHfGz3VA1rAglVnuNIt8IwKagp7ku","52.079006","-4.657383",,,,"JJPTWi11210"
"1212","JLG Industries UK Limited","JLG Industries UK Limited","Units 4-5 Bentley Avenue","M24 2GP","contact@ntuk.co.uk",,"$2y$10$zYV/S.Gq.fP8mXPJm5fPzuazzHfGz3VA1rAglVnuNIt8IwKagp7ku","53.571388","-2.171564",,,,"JLGInd11211"
"1213","John Rodgers Hire Ltd","John Rodgers Hire Ltd","84 A Dundrum Road","BT33 0LN","contact@ntuk.co.uk",,"$2y$10$zYV/S.Gq.fP8mXPJm5fPzuazzHfGz3VA1rAglVnuNIt8IwKagp7ku","54.2232935","-5.8834515",,,"9/1/2021 13:07:03","JohnRo11212"
"1214","Jones & Shuffs (Heavyside) Ltd.","Jones & Shuffs (Heavyside) Ltd.","161 Lightwood Road","ST3 4JQ","contact@ntuk.co.uk",,"$2y$10$zYV/S.Gq.fP8mXPJm5fPzuazzHfGz3VA1rAglVnuNIt8IwKagp7ku","52.982292","-2.12939",,,,"JonesS11213"
"1215","JPS Group Services Ltd","JPS Group Services Ltd","100 Brooker Road","EN9 1JH","contact@ntuk.co.uk",,"$2y$10$zYV/S.Gq.fP8mXPJm5fPzuazzHfGz3VA1rAglVnuNIt8IwKagp7ku","51.68179","-0.002875",,,,"JPSGro11214"
"1216","JT Atkinson & Sons Limited","JT Atkinson & Sons Limited","Ullswater Road","CA11 7EH","contact@ntuk.co.uk",,"$2y$10$zYV/S.Gq.fP8mXPJm5fPzuazzHfGz3VA1rAglVnuNIt8IwKagp7ku","54.657675","-2.762322",,,,"JTAtki11215"
"1217","JT Atkinson & Sons Limited","JT Atkinson & Sons Limited","Thornton House","TS3 8DE","contact@ntuk.co.uk",,"$2y$10$zYV/S.Gq.fP8mXPJm5fPzuazzHfGz3VA1rAglVnuNIt8IwKagp7ku","54.572608","-1.202896",,,,"JTAtki11216"
"1218","JT Williams Garden Machinery & Tool Hire","JT Williams Garden Machinery & Tool Hire","Brickfield Lane","LL15 2TN","contact@ntuk.co.uk",,"$2y$10$zYV/S.Gq.fP8mXPJm5fPzuazzHfGz3VA1rAglVnuNIt8IwKagp7ku","53.122551","-3.323425",,,,"JTWill11217"
"1219","K & C Hire and Supply Ltd","K & C Hire and Supply Ltd","Eleanor House","B69 4NH","contact@ntuk.co.uk",,"$2y$10$zYV/S.Gq.fP8mXPJm5fPzuazzHfGz3VA1rAglVnuNIt8IwKagp7ku","52.496665","-2.005583",,,,"KCHire11218"
"1220","K Plant Hire Ltd","K Plant Hire Ltd","Bigwood House","RG40 3DA","contact@ntuk.co.uk",,"$2y$10$zYV/S.Gq.fP8mXPJm5fPzuazzHfGz3VA1rAglVnuNIt8IwKagp7ku","51.404694","-0.800138",,,,"KPlant11219"
"1221","KDM Hire Ltd","KDM Hire Ltd","11 Mallusk Drive","BT36 4GX","contact@ntuk.co.uk",,"$2y$10$zYV/S.Gq.fP8mXPJm5fPzuazzHfGz3VA1rAglVnuNIt8IwKagp7ku","54.6702395","-5.9802572",,,"9/1/2021 13:07:04","KDMHir11220"
"1222","KDM Hire Ltd","KDM Hire Ltd","11 Killycolp Road","BT80 9AD","contact@ntuk.co.uk",,"$2y$10$zYV/S.Gq.fP8mXPJm5fPzuazzHfGz3VA1rAglVnuNIt8IwKagp7ku","54.6127643","-6.7483775",,,"9/1/2021 13:07:04","KDMHir11221"
"1223","Kellaway Hire Services Ltd","Kellaway Hire Services Ltd","20 Kellaway Avenue","BS6 7XR","contact@ntuk.co.uk",,"$2y$10$zYV/S.Gq.fP8mXPJm5fPzuazzHfGz3VA1rAglVnuNIt8IwKagp7ku","51.481045","-2.604315",,,,"Kellaw11222"
"1224","Kellys Point Hire","Kellys Point Hire","Milltown East Industrial Estate","BT34 3PN","contact@ntuk.co.uk",,"$2y$10$zYV/S.Gq.fP8mXPJm5fPzuazzHfGz3VA1rAglVnuNIt8IwKagp7ku","54.1150048","-6.2630492",,,"9/1/2021 13:07:04","Kellys11223"
"1225","Kent Blaxill & Co Ltd","Kent Blaxill & Co Ltd","Layer Road","CO2 9JY","contact@ntuk.co.uk",,"$2y$10$zYV/S.Gq.fP8mXPJm5fPzuazzHfGz3VA1rAglVnuNIt8IwKagp7ku","51.866085","0.871373",,,,"KentBl11224"
"1226","Kentec Tool Hire","Kentec Tool Hire","Units 2/3 Riverdale Estate","TN9 1SS","contact@ntuk.co.uk",,"$2y$10$zYV/S.Gq.fP8mXPJm5fPzuazzHfGz3VA1rAglVnuNIt8IwKagp7ku","51.190402","0.283933",,,,"Kentec11225"
"1227","Keyline Tool Hire","Keyline Tool Hire","Burnside Park","EH52 5NZ","contact@ntuk.co.uk",,"$2y$10$zYV/S.Gq.fP8mXPJm5fPzuazzHfGz3VA1rAglVnuNIt8IwKagp7ku","55.931656","-3.453546",,,,"Keylin11226"
"1228","Keyline Tool Hire","Keyline Tool Hire","130 Salkeld Street","G5 8HD","contact@ntuk.co.uk",,"$2y$10$zYV/S.Gq.fP8mXPJm5fPzuazzHfGz3VA1rAglVnuNIt8IwKagp7ku","55.848236","-4.261384",,,,"Keylin11227"
"1229","Keyline Tool Hire","Keyline Tool Hire","12 Scrubs Lane","NW10 6RB","contact@ntuk.co.uk",,"$2y$10$zYV/S.Gq.fP8mXPJm5fPzuazzHfGz3VA1rAglVnuNIt8IwKagp7ku","51.5315","-0.23755",,,,"Keylin11228"
"1230","Keyline Tool Hire","Keyline Tool Hire","Rankine Road","RG24 8SH","contact@ntuk.co.uk",,"$2y$10$zYV/S.Gq.fP8mXPJm5fPzuazzHfGz3VA1rAglVnuNIt8IwKagp7ku","51.275649","-1.071435",,,,"Keylin11229"
"1231","King and Stevens Limited","King and Stevens Limited","Cowfold Road","RH13 8LY","contact@ntuk.co.uk",,"$2y$10$zYV/S.Gq.fP8mXPJm5fPzuazzHfGz3VA1rAglVnuNIt8IwKagp7ku","50.99008","-0.311072",,,,"Kingan11230"
"1232","KJN Services Ltd.","KJN Services Ltd.","1 Westbury Court Business Centre","OX27 0GD","contact@ntuk.co.uk",,"$2y$10$zYV/S.Gq.fP8mXPJm5fPzuazzHfGz3VA1rAglVnuNIt8IwKagp7ku","51.902199","-1.066585",,,,"KJNSer11231"
"1233","KMA Tool Hire and Sales Ltd.","KMA Tool Hire and Sales Ltd.","Unit 8 Broncoed Business Park","CH7 1HP","contact@ntuk.co.uk",,"$2y$10$zYV/S.Gq.fP8mXPJm5fPzuazzHfGz3VA1rAglVnuNIt8IwKagp7ku","53.156426","-3.136103",,,,"KMAToo11232"
"1234","KMM Hire Ltd","KMM Hire Ltd","Caulstown","A86 Y682","contact@ntuk.co.uk",,"$2y$10$zYV/S.Gq.fP8mXPJm5fPzuazzHfGz3VA1rAglVnuNIt8IwKagp7ku","48.9227315","2.3456328",,,"9/1/2021 13:07:05","KMMHir11233"
"1235","Kougar Tool Hire","Kougar Tool Hire","Unit 10 Ferrier Industrial Estate","SW18 1SW","contact@ntuk.co.uk",,"$2y$10$zYV/S.Gq.fP8mXPJm5fPzuazzHfGz3VA1rAglVnuNIt8IwKagp7ku","51.460618","-0.189539",,,,"Kougar11234"
"1236","KSS Hire Services Ltd","KSS Hire Services Ltd","Russell Gardens","SS11 8BH","contact@ntuk.co.uk",,"$2y$10$zYV/S.Gq.fP8mXPJm5fPzuazzHfGz3VA1rAglVnuNIt8IwKagp7ku","51.608227","0.536083",,,,"KSSHir11235"
"1237","L A S Plant Hire Ltd","L A S Plant Hire Ltd","29 Lotland Street","IV1 1ST","contact@ntuk.co.uk",,"$2y$10$zYV/S.Gq.fP8mXPJm5fPzuazzHfGz3VA1rAglVnuNIt8IwKagp7ku","57.487582","-4.226716",,,,"LASPla11236"
"1238","Lakeside Hire","Lakeside Hire","Bretts Farm","RM15 4XD","contact@ntuk.co.uk",,"$2y$10$zYV/S.Gq.fP8mXPJm5fPzuazzHfGz3VA1rAglVnuNIt8IwKagp7ku","51.515005","0.246676",,,,"Lakesi11237"
"1239","Lancaster Plant (Hire & Sales)","Lancaster Plant (Hire & Sales)","Teresa Gavin House","IG8 8FA","contact@ntuk.co.uk",,"$2y$10$zYV/S.Gq.fP8mXPJm5fPzuazzHfGz3VA1rAglVnuNIt8IwKagp7ku","51.590598","0.046683",,,,"Lancas11238"
"1240","Landpower Machinery","Landpower Machinery","Common Lane","BA8 0NB","contact@ntuk.co.uk",,"$2y$10$zYV/S.Gq.fP8mXPJm5fPzuazzHfGz3VA1rAglVnuNIt8IwKagp7ku","50.994844","-2.403316",,,,"Landpo11239"
"1241","Laois Hire Services Ltd","Laois Hire Services Ltd",,"DUBLIN 12","contact@ntuk.co.uk",,"$2y$10$zYV/S.Gq.fP8mXPJm5fPzuazzHfGz3VA1rAglVnuNIt8IwKagp7ku","53.3218189","-6.3164447",,,"9/1/2021 13:07:05","LaoisH11240"
"1245","Larkin Engineering Services Limited","Larkin Engineering Services Limited","Larkin Eng Services Ltd","LA14 5UY","contact@ntuk.co.uk",,"$2y$10$zYV/S.Gq.fP8mXPJm5fPzuazzHfGz3VA1rAglVnuNIt8IwKagp7ku","54.126356","-3.237937",,,,"Larkin11244"
"1246","Law Plant & Tools","Law Plant & Tools","Unit D","WV5 8AY","contact@ntuk.co.uk",,"$2y$10$zYV/S.Gq.fP8mXPJm5fPzuazzHfGz3VA1rAglVnuNIt8IwKagp7ku","52.531523","-2.214177",,,,"LawPla11245"
"1247","Legend Brands Europe Ltd","Legend Brands Europe Ltd","22 Plover Close","MK16 9PS","contact@ntuk.co.uk",,"$2y$10$zYV/S.Gq.fP8mXPJm5fPzuazzHfGz3VA1rAglVnuNIt8IwKagp7ku","52.080227","-0.704009",,,,"Legend11246"
"1248","Leica Geosystems","Leica Geosystems","Hexagon House","MK15 8HT","contact@ntuk.co.uk",,"$2y$10$zYV/S.Gq.fP8mXPJm5fPzuazzHfGz3VA1rAglVnuNIt8IwKagp7ku","52.068264","-0.728354",,,,"LeicaG11247"
"1249","Lifting Gear Hire London Ltd.","Lifting Gear Hire London Ltd.","White Oaks","DA12 1NU","contact@ntuk.co.uk",,"$2y$10$zYV/S.Gq.fP8mXPJm5fPzuazzHfGz3VA1rAglVnuNIt8IwKagp7ku","51.432423","0.376526",,,,"Liftin11248"
"1250","Lifting Gear Hire ltd","Lifting Gear Hire ltd","120 Bolton Road","M46 9JZ","contact@ntuk.co.uk",,"$2y$10$zYV/S.Gq.fP8mXPJm5fPzuazzHfGz3VA1rAglVnuNIt8IwKagp7ku","53.528158","-2.48231",,,,"Liftin11249"
"1251","Lindum Plant","Lindum Plant","Lindum Business Park","LN6 3QX","contact@ntuk.co.uk",,"$2y$10$zYV/S.Gq.fP8mXPJm5fPzuazzHfGz3VA1rAglVnuNIt8IwKagp7ku","53.196446","-0.598233",,,,"Lindum11250"
"1252","Lister Wilder Ltd","Lister Wilder Ltd","The Park","OX10 8FG","contact@ntuk.co.uk",,"$2y$10$zYV/S.Gq.fP8mXPJm5fPzuazzHfGz3VA1rAglVnuNIt8IwKagp7ku","51.593676","-1.107857",,,,"Lister11251"
"1253","Live Trakway","Live Trakway","Bramley Vale","S44 5GA","contact@ntuk.co.uk",,"$2y$10$zYV/S.Gq.fP8mXPJm5fPzuazzHfGz3VA1rAglVnuNIt8IwKagp7ku","53.192386","-1.306205",,,,"LiveTr11252"
"1254","Liver Plant and Tool Hire Ltd.","Liver Plant and Tool Hire Ltd.","Units 21,23,25 Castor Street","L6 5AT","contact@ntuk.co.uk",,"$2y$10$zYV/S.Gq.fP8mXPJm5fPzuazzHfGz3VA1rAglVnuNIt8IwKagp7ku","53.423013","-2.951767",,,,"LiverP11253"
"1255","LMC Plant & Site Services","LMC Plant & Site Services","12 Coniston Road","S050 9NP","contact@ntuk.co.uk",,"$2y$10$zYV/S.Gq.fP8mXPJm5fPzuazzHfGz3VA1rAglVnuNIt8IwKagp7ku","50.9660179","-1.3631488",,,"9/1/2021 13:07:05","LMCPla11254"
"1256","LOC Hire Ltd","LOC Hire Ltd","155 - 175 Glasgow Road","FK4 1QY","contact@ntuk.co.uk",,"$2y$10$zYV/S.Gq.fP8mXPJm5fPzuazzHfGz3VA1rAglVnuNIt8IwKagp7ku","55.994034","-3.924516",,,,"LOCHir11255"
"1257","Local Tool Hire Ltd","Local Tool Hire Ltd","180 Cricklewood Lane","NW2 2DX","contact@ntuk.co.uk",,"$2y$10$zYV/S.Gq.fP8mXPJm5fPzuazzHfGz3VA1rAglVnuNIt8IwKagp7ku","51.560384","-0.207321",,,,"LocalT11256"
"1258","London Industrial Supplies Limited","London Industrial Supplies Limited","Unit 11","E15 1DN","contact@ntuk.co.uk",,"$2y$10$zYV/S.Gq.fP8mXPJm5fPzuazzHfGz3VA1rAglVnuNIt8IwKagp7ku","51.547263","-0.002383",,,,"London11257"
"1259","Loos for Do's Limited","Loos for Do's Limited","Bakers Court","GU35 9NZ","contact@ntuk.co.uk",,"$2y$10$zYV/S.Gq.fP8mXPJm5fPzuazzHfGz3VA1rAglVnuNIt8IwKagp7ku","51.134418","-0.885051",,,,"Loosfo11258"
"1260","Lord Hire Centres","Lord Hire Centres","Units 14 & 15 Dragonville Industrial Park","DH1 2XG","contact@ntuk.co.uk",,"$2y$10$zYV/S.Gq.fP8mXPJm5fPzuazzHfGz3VA1rAglVnuNIt8IwKagp7ku","54.778873","-1.553089",,,,"LordHi11259"
"1261","Lord Hire Centres","Lord Hire Centres","Unit 8, Blaydon Trade Park","NE21 5TR","contact@ntuk.co.uk",,"$2y$10$zYV/S.Gq.fP8mXPJm5fPzuazzHfGz3VA1rAglVnuNIt8IwKagp7ku","54.965244","-1.696294",,,,"LordHi11260"
"1262","Lord Hire Centres","Lord Hire Centres","12 Maxwell Street","NE33 4PU","contact@ntuk.co.uk",,"$2y$10$zYV/S.Gq.fP8mXPJm5fPzuazzHfGz3VA1rAglVnuNIt8IwKagp7ku","54.991911","-1.433616",,,,"LordHi11261"
"1263","Lord Hire Centres","Lord Hire Centres","341 Shields Road","NE6 2UD","contact@ntuk.co.uk",,"$2y$10$zYV/S.Gq.fP8mXPJm5fPzuazzHfGz3VA1rAglVnuNIt8IwKagp7ku","54.980115","-1.575482",,,,"LordHi11262"
"1264","Lord Hire Centres","Lord Hire Centres","Unit 1B","NE66 2HA","contact@ntuk.co.uk",,"$2y$10$zYV/S.Gq.fP8mXPJm5fPzuazzHfGz3VA1rAglVnuNIt8IwKagp7ku","55.401472","-1.691587",,,,"LordHi11263"
"1265","Lord Hire Centres","Lord Hire Centres","Unit 3, Enterprise Park","SR5 2TF","contact@ntuk.co.uk",,"$2y$10$zYV/S.Gq.fP8mXPJm5fPzuazzHfGz3VA1rAglVnuNIt8IwKagp7ku","54.917667","-1.407451",,,,"LordHi11264"
"1266","Lord Hire Centres","Lord Hire Centres","Unit 7 Cannon Park Industrial Estate","TS1 5JT","contact@ntuk.co.uk",,"$2y$10$zYV/S.Gq.fP8mXPJm5fPzuazzHfGz3VA1rAglVnuNIt8IwKagp7ku","54.575859","-1.250387",,,,"LordHi11265"
"1267","Lowther Hire Services Ltd","Lowther Hire Services Ltd","Unit 12","NE11 0QY","contact@ntuk.co.uk",,"$2y$10$zYV/S.Gq.fP8mXPJm5fPzuazzHfGz3VA1rAglVnuNIt8IwKagp7ku","54.938003","-1.612683",,,,"Lowthe11266"
"1268","LSU Utility Solutions Limited","LSU Utility Solutions Limited","40 Hackamore","SS7 3DU","contact@ntuk.co.uk",,"$2y$10$zYV/S.Gq.fP8mXPJm5fPzuazzHfGz3VA1rAglVnuNIt8IwKagp7ku","51.564388","0.593944",,,,"LSUUti11267"
"1269","Lyte Ladders & Towers Limited","Lyte Ladders & Towers Limited","Beaufort Reach","SA7 9BB","contact@ntuk.co.uk",,"$2y$10$zYV/S.Gq.fP8mXPJm5fPzuazzHfGz3VA1rAglVnuNIt8IwKagp7ku","51.648749","-3.926307",,,,"LyteLa11268"
"1270","M & D Hire","M & D Hire","Unit 25 Shutterton Industrial","EX7 0NH","contact@ntuk.co.uk",,"$2y$10$zYV/S.Gq.fP8mXPJm5fPzuazzHfGz3VA1rAglVnuNIt8IwKagp7ku","50.597119","-3.459267",,,,"MDHire11269"
"1271","M & S Hire Ltd","M & S Hire Ltd","Unit 11C Dolphin Park","ME10 3HB","contact@ntuk.co.uk",,"$2y$10$zYV/S.Gq.fP8mXPJm5fPzuazzHfGz3VA1rAglVnuNIt8IwKagp7ku","51.343935","0.751244",,,,"MSHire11270"
"1272","M Teevan Hire Co. Ltd","M Teevan Hire Co. Ltd","35 Horn Lane","W3 6NS","contact@ntuk.co.uk",,"$2y$10$zYV/S.Gq.fP8mXPJm5fPzuazzHfGz3VA1rAglVnuNIt8IwKagp7ku","51.509774","-0.271995",,,,"MTeeva11271"
"1273","Mace Industries Ltd","Mace Industries Ltd","Units 1-3 Macadam Road","NN17 4JN","contact@ntuk.co.uk",,"$2y$10$zYV/S.Gq.fP8mXPJm5fPzuazzHfGz3VA1rAglVnuNIt8IwKagp7ku","52.504344","-0.685384",,,,"MaceIn11272"
"1274","Macgen Power Generation Limited","Macgen Power Generation Limited","14 Drumagarner Road","BT51 5TB","contact@ntuk.co.uk",,"$2y$10$zYV/S.Gq.fP8mXPJm5fPzuazzHfGz3VA1rAglVnuNIt8IwKagp7ku","54.942804","-6.5615776",,,"9/1/2021 13:07:05","Macgen11273"
"1275","MacGregor Industrial Supplies","MacGregor Industrial Supplies","15-17 Henderson Road","IV1 1SN","contact@ntuk.co.uk",,"$2y$10$zYV/S.Gq.fP8mXPJm5fPzuazzHfGz3VA1rAglVnuNIt8IwKagp7ku","57.488478","-4.223784",,,,"MacGre11274"
"1276","Mainline (1982) Limited","Mainline (1982) Limited","George Holmes Way","DE11 9DF","contact@ntuk.co.uk",,"$2y$10$zYV/S.Gq.fP8mXPJm5fPzuazzHfGz3VA1rAglVnuNIt8IwKagp7ku","52.771596","-1.568198",,,,"Mainli11275"
"1277","Mainline Plant Ltd","Mainline Plant Ltd","1-7 Garman Road","N17 0UR","contact@ntuk.co.uk",,"$2y$10$zYV/S.Gq.fP8mXPJm5fPzuazzHfGz3VA1rAglVnuNIt8IwKagp7ku","51.602563","-0.050816",,,,"Mainli11276"
"1278","Major Diamond Supplies Ltd","Major Diamond Supplies Ltd","Unit 23 Rothersthorpe Crescent","NN4 8JD","contact@ntuk.co.uk",,"$2y$10$zYV/S.Gq.fP8mXPJm5fPzuazzHfGz3VA1rAglVnuNIt8IwKagp7ku","52.226895","-0.911086",,,,"MajorD11277"
"1279","Makinex Construction Products","Makinex Construction Products","C/O Crowe UK LLP","RG1 1PL","contact@ntuk.co.uk",,"$2y$10$zYV/S.Gq.fP8mXPJm5fPzuazzHfGz3VA1rAglVnuNIt8IwKagp7ku","51.457619","-0.97127",,,,"Makine11278"
"1280","Makita (UK) Ltd","Makita (UK) Ltd","Vermont Place","MK15 8JD","contact@ntuk.co.uk",,"$2y$10$zYV/S.Gq.fP8mXPJm5fPzuazzHfGz3VA1rAglVnuNIt8IwKagp7ku","52.069332","-0.728164",,,,"Makita11279"
"1281","Malcolm Herbert Plant Hire Ltd","Malcolm Herbert Plant Hire Ltd","Llyshelyg","SA33 5QH","contact@ntuk.co.uk",,"$2y$10$zYV/S.Gq.fP8mXPJm5fPzuazzHfGz3VA1rAglVnuNIt8IwKagp7ku","51.870007","-4.490189",,,,"Malcol11280"
"1282","MAP Plant","MAP Plant","Unit 10 Globe Park","RM17 6FF","contact@ntuk.co.uk",,"$2y$10$zYV/S.Gq.fP8mXPJm5fPzuazzHfGz3VA1rAglVnuNIt8IwKagp7ku","51.476653","0.335289",,,,"MAPPla11281"
"1283","Maple Tool Hire Ltd","Maple Tool Hire Ltd","Units 2 & 3 Chapel Street","DY2 9PN","contact@ntuk.co.uk",,"$2y$10$zYV/S.Gq.fP8mXPJm5fPzuazzHfGz3VA1rAglVnuNIt8IwKagp7ku","52.48586","-2.079801",,,,"MapleT11282"
"1284","Marchstream Tool Hire Limited","Marchstream Tool Hire Limited","Building 3, Unit 1 Tameside Business Centre","M34 3QS","contact@ntuk.co.uk",,"$2y$10$zYV/S.Gq.fP8mXPJm5fPzuazzHfGz3VA1rAglVnuNIt8IwKagp7ku","53.454002","-2.126561",,,,"Marchs11283"
"1285","Mark 1 Hire Ltd","Mark 1 Hire Ltd","5 Argyll Road","CM2 6PY","contact@ntuk.co.uk",,"$2y$10$zYV/S.Gq.fP8mXPJm5fPzuazzHfGz3VA1rAglVnuNIt8IwKagp7ku","51.744803","0.50525",,,,"Mark1H11284"
"1286","Mark 1 Hire Ltd","Mark 1 Hire Ltd","16 Purdeys Way","SS4 1ND","contact@ntuk.co.uk",,"$2y$10$zYV/S.Gq.fP8mXPJm5fPzuazzHfGz3VA1rAglVnuNIt8IwKagp7ku","51.576771","0.716746",,,,"Mark1H11285"
"1287","Mark 1 Hire Ltd","Mark 1 Hire Ltd","34 Eastwood Road","SS6 7JQ","contact@ntuk.co.uk",,"$2y$10$zYV/S.Gq.fP8mXPJm5fPzuazzHfGz3VA1rAglVnuNIt8IwKagp7ku","51.584546","0.605949",,,,"Mark1H11286"
"1288","Markham (Sheffield) Ltd","Markham (Sheffield) Ltd","Marspal House","S81 9ED","contact@ntuk.co.uk",,"$2y$10$zYV/S.Gq.fP8mXPJm5fPzuazzHfGz3VA1rAglVnuNIt8IwKagp7ku","53.366535","-1.125173",,,,"Markha11287"
"1289","Marlow Marquees","Marlow Marquees","Unit C2a Comet Studios","HP7 0PX","contact@ntuk.co.uk",,"$2y$10$zYV/S.Gq.fP8mXPJm5fPzuazzHfGz3VA1rAglVnuNIt8IwKagp7ku","51.653638","-0.667148",,,,"Marlow11288"
"1290","Marney Plant Hire Limited","Marney Plant Hire Limited","The Mills Battlesbridge Harbour","SS11 8TR","contact@ntuk.co.uk",,"$2y$10$zYV/S.Gq.fP8mXPJm5fPzuazzHfGz3VA1rAglVnuNIt8IwKagp7ku","51.622168","0.571594",,,,"Marney11289"
"1291","Martin Plant Hire Ltd","Martin Plant Hire Ltd","Units 4, 5 & 6","DD2 3TN","contact@ntuk.co.uk",,"$2y$10$zYV/S.Gq.fP8mXPJm5fPzuazzHfGz3VA1rAglVnuNIt8IwKagp7ku","56.483251","-3.010388",,,,"Martin11290"
"1292","Martin Plant Hire Ltd","Martin Plant Hire Ltd","13/1 South Gyle Crescent","EH12 9EB","contact@ntuk.co.uk",,"$2y$10$zYV/S.Gq.fP8mXPJm5fPzuazzHfGz3VA1rAglVnuNIt8IwKagp7ku","55.93077","-3.300506",,,,"Martin11291"
"1293","Martin Plant Hire Ltd","Martin Plant Hire Ltd","Unit B Etna Road","FK2 9EG","contact@ntuk.co.uk",,"$2y$10$zYV/S.Gq.fP8mXPJm5fPzuazzHfGz3VA1rAglVnuNIt8IwKagp7ku","56.009729","-3.772574",,,,"Martin11292"
"1294","Martin Plant Hire Ltd","Martin Plant Hire Ltd","71 Lancefield Street","G3 8HZ","contact@ntuk.co.uk",,"$2y$10$zYV/S.Gq.fP8mXPJm5fPzuazzHfGz3VA1rAglVnuNIt8IwKagp7ku","55.858945","-4.276197",,,,"Martin11293"
"1295","Martin Plant Hire Ltd","Martin Plant Hire Ltd","25 Robert Street","G51 3HB","contact@ntuk.co.uk",,"$2y$10$zYV/S.Gq.fP8mXPJm5fPzuazzHfGz3VA1rAglVnuNIt8IwKagp7ku","55.861502","-4.311649",,,,"Martin11294"
"1296","Martin Plant Hire Ltd","Martin Plant Hire Ltd","12 Howard Court","G74 4QZ","contact@ntuk.co.uk",,"$2y$10$zYV/S.Gq.fP8mXPJm5fPzuazzHfGz3VA1rAglVnuNIt8IwKagp7ku","55.77871","-4.165979",,,,"Martin11295"
"1297","Martin Plant Hire Ltd","Martin Plant Hire Ltd","30 Boundary Road","KA8 9DJ","contact@ntuk.co.uk",,"$2y$10$zYV/S.Gq.fP8mXPJm5fPzuazzHfGz3VA1rAglVnuNIt8IwKagp7ku","55.481278","-4.603562",,,,"Martin11296"
"1298","Martin Plant Hire Ltd","Martin Plant Hire Ltd","Unit 7 Carberry Place","KY1 3NQ","contact@ntuk.co.uk",,"$2y$10$zYV/S.Gq.fP8mXPJm5fPzuazzHfGz3VA1rAglVnuNIt8IwKagp7ku","56.136078","-3.145437",,,,"Martin11297"
"1299","Martin Plant Hire Ltd","Martin Plant Hire Ltd","Greenhill Business Park","PA3 1RQ","contact@ntuk.co.uk",,"$2y$10$zYV/S.Gq.fP8mXPJm5fPzuazzHfGz3VA1rAglVnuNIt8IwKagp7ku","55.851165","-4.442351",,,,"Martin11298"
"1300","Martin Plant Hire Ltd","Martin Plant Hire Ltd","97 Crieff Road","PH1 2QB","contact@ntuk.co.uk",,"$2y$10$zYV/S.Gq.fP8mXPJm5fPzuazzHfGz3VA1rAglVnuNIt8IwKagp7ku","56.406903","-3.463999",,,,"Martin11299"
"1301","Martin Plant Hire Ltd.","Martin Plant Hire Ltd.","95 Orbiston Street","ML1 1PX","contact@ntuk.co.uk",,"$2y$10$zYV/S.Gq.fP8mXPJm5fPzuazzHfGz3VA1rAglVnuNIt8IwKagp7ku","55.785826","-3.981873",,,,"Martin11300"
"1302","Matthew Charlton","Matthew Charlton","Station Road","NE46 1EZ","contact@ntuk.co.uk",,"$2y$10$zYV/S.Gq.fP8mXPJm5fPzuazzHfGz3VA1rAglVnuNIt8IwKagp7ku","54.97326","-2.094497",,,,"Matthe11301"
"1303","MaxHire Ltd.","MaxHire Ltd.","Owen Pugh House","NE61 6JN","contact@ntuk.co.uk",,"$2y$10$zYV/S.Gq.fP8mXPJm5fPzuazzHfGz3VA1rAglVnuNIt8IwKagp7ku","55.162367","-1.670188",,,,"MaxHir11302"
"1304","Mayday Plant Hire","Mayday Plant Hire","19 Woodville Road","CR7 8LH","contact@ntuk.co.uk",,"$2y$10$zYV/S.Gq.fP8mXPJm5fPzuazzHfGz3VA1rAglVnuNIt8IwKagp7ku","51.399699","-0.097896",,,,"Mayday11303"
"1305","MCA-Fusion Hire and Repair","MCA-Fusion Hire and Repair","The Wolseley Center","CV31 3HH","contact@ntuk.co.uk",,"$2y$10$zYV/S.Gq.fP8mXPJm5fPzuazzHfGz3VA1rAglVnuNIt8IwKagp7ku","52.273627","-1.535737",,,,"MCAFus11304"
"1306","McArthur Forest Services","McArthur Forest Services","The Old Weighbridge","NE46 4JW","contact@ntuk.co.uk",,"$2y$10$zYV/S.Gq.fP8mXPJm5fPzuazzHfGz3VA1rAglVnuNIt8IwKagp7ku","54.976975","-2.089678",,,,"McArth11305"
"1307","McCarroll Plant Hire Limited","McCarroll Plant Hire Limited","29 Kilmandil Road","BT44 9BH","contact@ntuk.co.uk",,"$2y$10$zYV/S.Gq.fP8mXPJm5fPzuazzHfGz3VA1rAglVnuNIt8IwKagp7ku","55.0248477","-6.3448911",,,"9/1/2021 13:07:06","McCarr11306"
"1308","McCreath Taylor (NI) Ltd","McCreath Taylor (NI) Ltd","5 Flush Park Industrial Estate","BT28 2DX","contact@ntuk.co.uk",,"$2y$10$zYV/S.Gq.fP8mXPJm5fPzuazzHfGz3VA1rAglVnuNIt8IwKagp7ku","54.5078185","-6.0823264",,,"9/1/2021 13:07:07","McCrea11307"
"1311","MCS Rental Software","MCS Rental Software","Oakwood","SL6 3LW","contact@ntuk.co.uk",,"$2y$10$zYV/S.Gq.fP8mXPJm5fPzuazzHfGz3VA1rAglVnuNIt8IwKagp7ku","51.491535","-0.774568",,,,"MCSRen11310"
"1312","MD Tool Hire & Sales Ltd","MD Tool Hire & Sales Ltd","Unit 12c","WA2 7LP","contact@ntuk.co.uk",,"$2y$10$zYV/S.Gq.fP8mXPJm5fPzuazzHfGz3VA1rAglVnuNIt8IwKagp7ku","53.394036","-2.598327",,,,"MDTool11311"
"1313","ME Hire","ME Hire","36 Ship Street","BN1 1AB","contact@ntuk.co.uk",,"$2y$10$zYV/S.Gq.fP8mXPJm5fPzuazzHfGz3VA1rAglVnuNIt8IwKagp7ku","50.822959","-0.14179",,,,"MEHire11312"
"1314","Mead Construction (Cambridge) Limited","Mead Construction (Cambridge) Limited","Liberty Barns","CB25 0LA","contact@ntuk.co.uk",,"$2y$10$zYV/S.Gq.fP8mXPJm5fPzuazzHfGz3VA1rAglVnuNIt8IwKagp7ku","52.242121","0.316933",,,,"MeadCo11313"
"1315","Mega Plant Limited","Mega Plant Limited","Wyke Street","HU9 1PA","contact@ntuk.co.uk",,"$2y$10$zYV/S.Gq.fP8mXPJm5fPzuazzHfGz3VA1rAglVnuNIt8IwKagp7ku","53.748176","-0.307683",,,,"MegaPl11314"
"1316","MEP Hire","MEP Hire","MEP Burton","DE14 1SG","contact@ntuk.co.uk",,"$2y$10$zYV/S.Gq.fP8mXPJm5fPzuazzHfGz3VA1rAglVnuNIt8IwKagp7ku","52.815523","-1.628003",,,,"MEPHir11315"
"1317","MEP Hire","MEP Hire","MEP Durham (North East)","DH1 1TF","contact@ntuk.co.uk",,"$2y$10$zYV/S.Gq.fP8mXPJm5fPzuazzHfGz3VA1rAglVnuNIt8IwKagp7ku","54.788122","-1.536814",,,,"MEPHir11316"
"1318","MEP Hire","MEP Hire","Unit K","G71 8BS","contact@ntuk.co.uk",,"$2y$10$zYV/S.Gq.fP8mXPJm5fPzuazzHfGz3VA1rAglVnuNIt8IwKagp7ku","55.818546","-4.062806",,,,"MEPHir11317"
"1319","MEP Hire","MEP Hire","Unit 2 Harp Trading Estate","M17 1SR","contact@ntuk.co.uk",,"$2y$10$zYV/S.Gq.fP8mXPJm5fPzuazzHfGz3VA1rAglVnuNIt8IwKagp7ku","53.476314","-2.33158",,,,"MEPHir11318"
"1320","MEP Hire","MEP Hire","Unit 5","RM13 8HY","contact@ntuk.co.uk",,"$2y$10$zYV/S.Gq.fP8mXPJm5fPzuazzHfGz3VA1rAglVnuNIt8IwKagp7ku","51.51953","0.176945",,,,"MEPHir11319"
"1321","MEP Hire","MEP Hire","Unit B, Apex 30","TW18 4JU","contact@ntuk.co.uk",,"$2y$10$zYV/S.Gq.fP8mXPJm5fPzuazzHfGz3VA1rAglVnuNIt8IwKagp7ku","51.43818","-0.495294",,,,"MEPHir11320"
"1322","MEP Hireland Limited","MEP Hireland Limited","Unit 524 Greenogue Industrial Estate","D24 TY43","contact@ntuk.co.uk",,"$2y$10$zYV/S.Gq.fP8mXPJm5fPzuazzHfGz3VA1rAglVnuNIt8IwKagp7ku","53.2985339","-6.4795407",,,"9/1/2021 13:07:07","MEPHir11321"
"1323","Meridian Marquees","Meridian Marquees","Unit A Parsons Farm","RG7 1UY","contact@ntuk.co.uk",,"$2y$10$zYV/S.Gq.fP8mXPJm5fPzuazzHfGz3VA1rAglVnuNIt8IwKagp7ku","51.379162","-0.912178",,,,"Meridi11322"
"1324","Mexco","Mexco","Unit 1 Carminow Industrial Estate","PL31 1EP","contact@ntuk.co.uk",,"$2y$10$zYV/S.Gq.fP8mXPJm5fPzuazzHfGz3VA1rAglVnuNIt8IwKagp7ku","50.458856","-4.699321",,,,"Mexco11323"
"1325","MHM","MHM","Unit 3 Aberafan Road","SA12 7DJ","contact@ntuk.co.uk",,"$2y$10$zYV/S.Gq.fP8mXPJm5fPzuazzHfGz3VA1rAglVnuNIt8IwKagp7ku","51.601843","-3.805912",,,,"MHM11324"
"1326","Midas Productions UK Limited","Midas Productions UK Limited","Unit 1","IP13 6SH","contact@ntuk.co.uk",,"$2y$10$zYV/S.Gq.fP8mXPJm5fPzuazzHfGz3VA1rAglVnuNIt8IwKagp7ku","52.137629","1.245096",,,,"MidasP11325"
"1327","Midlands Equipment Ltd","Midlands Equipment Ltd","Unit 1 Halter Devil Farm","DE56 2LU","contact@ntuk.co.uk",,"$2y$10$zYV/S.Gq.fP8mXPJm5fPzuazzHfGz3VA1rAglVnuNIt8IwKagp7ku","53.005526","-1.590935",,,,"Midlan11326"
"1328","Miles Hire Ltd.","Miles Hire Ltd.","Upper Strand","SA1 2AN","contact@ntuk.co.uk",,"$2y$10$zYV/S.Gq.fP8mXPJm5fPzuazzHfGz3VA1rAglVnuNIt8IwKagp7ku","51.629467","-3.93952",,,,"MilesH11327"
"1329","MJ Hire Centres Limited","MJ Hire Centres Limited","15 Raynham Close","CM23 5PB","contact@ntuk.co.uk",,"$2y$10$zYV/S.Gq.fP8mXPJm5fPzuazzHfGz3VA1rAglVnuNIt8IwKagp7ku","51.872694","0.175744",,,,"MJHire11328"
"1330","MJ Hire Centres Limited","MJ Hire Centres Limited","15 Raynham Close","CM23 5PJ","contact@ntuk.co.uk",,"$2y$10$zYV/S.Gq.fP8mXPJm5fPzuazzHfGz3VA1rAglVnuNIt8IwKagp7ku","51.872194","0.177986",,,,"MJHire11329"
"1331","MJ Hire Centres Limited","MJ Hire Centres Limited","12 Paynes Lane","CV21 2UH","contact@ntuk.co.uk",,"$2y$10$zYV/S.Gq.fP8mXPJm5fPzuazzHfGz3VA1rAglVnuNIt8IwKagp7ku","52.374291","-1.286613",,,,"MJHire11330"
"1332","MJ Hire Centres Limited","MJ Hire Centres Limited","105-107 Frindsbury Road","ME2 4JD","contact@ntuk.co.uk",,"$2y$10$zYV/S.Gq.fP8mXPJm5fPzuazzHfGz3VA1rAglVnuNIt8IwKagp7ku","51.402363","0.501986",,,,"MJHire11331"
"1333","MJ Hire Centres Limited","MJ Hire Centres Limited","Chesney Wold","MK6 1NE","contact@ntuk.co.uk",,"$2y$10$zYV/S.Gq.fP8mXPJm5fPzuazzHfGz3VA1rAglVnuNIt8IwKagp7ku","52.021584","-0.754585",,,,"MJHire11332"
"1334","MJ Hire Centres Limited","MJ Hire Centres Limited","Unit 35 First Avenue","N18 3PD","contact@ntuk.co.uk",,"$2y$10$zYV/S.Gq.fP8mXPJm5fPzuazzHfGz3VA1rAglVnuNIt8IwKagp7ku","51.61575","-0.04833",,,,"MJHire11333"
"1335","MJ Hire Centres Limited","MJ Hire Centres Limited","88-90 High Street","NN2 6QH","contact@ntuk.co.uk",,"$2y$10$zYV/S.Gq.fP8mXPJm5fPzuazzHfGz3VA1rAglVnuNIt8IwKagp7ku","52.26432","-0.901055",,,,"MJHire11334"
"1336","MJ Hire Centres Limited","MJ Hire Centres Limited","City Trading Estate","OX4 6NP","contact@ntuk.co.uk",,"$2y$10$zYV/S.Gq.fP8mXPJm5fPzuazzHfGz3VA1rAglVnuNIt8IwKagp7ku","51.726284","-1.196622",,,,"MJHire11335"
"1337","MJ Hire Centres Limited","MJ Hire Centres Limited","Welbeck Way","PE2 7WH","contact@ntuk.co.uk",,"$2y$10$zYV/S.Gq.fP8mXPJm5fPzuazzHfGz3VA1rAglVnuNIt8IwKagp7ku","52.558949","-0.263044",,,,"MJHire11336"
"1338","MJ Hire Centres Limited","MJ Hire Centres Limited","63 Great Knollys Street","RG1 7HN","contact@ntuk.co.uk",,"$2y$10$zYV/S.Gq.fP8mXPJm5fPzuazzHfGz3VA1rAglVnuNIt8IwKagp7ku","51.458003","-0.980186",,,,"MJHire11337"
"1339","MJ Hire Centres Limited","MJ Hire Centres Limited","29 Winchester Road","SO16 6UN","contact@ntuk.co.uk",,"$2y$10$zYV/S.Gq.fP8mXPJm5fPzuazzHfGz3VA1rAglVnuNIt8IwKagp7ku","50.926362","-1.440122",,,,"MJHire11338"
"1340","MJ Hire Centres Limited","MJ Hire Centres Limited","Bridge Road","TN23 1BB","contact@ntuk.co.uk",,"$2y$10$zYV/S.Gq.fP8mXPJm5fPzuazzHfGz3VA1rAglVnuNIt8IwKagp7ku","51.150823","0.857677",,,,"MJHire11339"
"1341","Moat (Plant Hire & Sales) Ltd","Moat (Plant Hire & Sales) Ltd","6 Brown Avenue","LS11 0DS","contact@ntuk.co.uk",,"$2y$10$zYV/S.Gq.fP8mXPJm5fPzuazzHfGz3VA1rAglVnuNIt8IwKagp7ku","53.782688","-1.571551",,,,"MoatPl11340"
"1342","Monk Plant Hire","Monk Plant Hire","Six Acres","NR20 3PZ","contact@ntuk.co.uk",,"$2y$10$zYV/S.Gq.fP8mXPJm5fPzuazzHfGz3VA1rAglVnuNIt8IwKagp7ku","52.692722","1.078355",,,,"MonkPl11341"
"1343","Moore Equipment Hire Limited","Moore Equipment Hire Limited","Former Masterton Yard / GE Plastics Plant","FK3 9XB","contact@ntuk.co.uk",,"$2y$10$zYV/S.Gq.fP8mXPJm5fPzuazzHfGz3VA1rAglVnuNIt8IwKagp7ku","56.007773","-3.704157",,,,"MooreE11342"
"1344","Moorhouse Plant and Trailer Hire","Moorhouse Plant and Trailer Hire","Moor House","YO16 4SJ","contact@ntuk.co.uk",,"$2y$10$zYV/S.Gq.fP8mXPJm5fPzuazzHfGz3VA1rAglVnuNIt8IwKagp7ku","54.079449","-0.211535",,,,"Moorho11343"
"1345","Morris Site Machinery","Morris Site Machinery","Unit 21","FK7 7XQ","contact@ntuk.co.uk",,"$2y$10$zYV/S.Gq.fP8mXPJm5fPzuazzHfGz3VA1rAglVnuNIt8IwKagp7ku","56.114253","-3.915444",,,,"Morris11344"
"1346","Morris Site Machinery","Morris Site Machinery","Morris Marketing","SY3 8LH","contact@ntuk.co.uk",,"$2y$10$zYV/S.Gq.fP8mXPJm5fPzuazzHfGz3VA1rAglVnuNIt8IwKagp7ku","52.709618","-2.757996",,,,"Morris11345"
"1347","Mulholland Plant Services Ltd","Mulholland Plant Services Ltd","Polbeth Industrial Estate","EH55 8UU","contact@ntuk.co.uk",,"$2y$10$zYV/S.Gq.fP8mXPJm5fPzuazzHfGz3VA1rAglVnuNIt8IwKagp7ku","55.856873","-3.561548",,,,"Mulhol11346"
"1348","Multi-Color Labels Roscommon Ireland Limited T/as Multi-Color Corporation","Multi-Color Labels Roscommon Ireland Limited T/as Multi-Color Corporation","IDA Business & Technology Park","F42P290","contact@ntuk.co.uk",,"$2y$10$zYV/S.Gq.fP8mXPJm5fPzuazzHfGz3VA1rAglVnuNIt8IwKagp7ku","53.642379","-8.2080155",,,"9/1/2021 13:07:08","MultiC11347"
"1349","MW Hire Group","MW Hire Group","Unit 14 Urlingford Business Park","E41 K821","contact@ntuk.co.uk",,"$2y$10$zYV/S.Gq.fP8mXPJm5fPzuazzHfGz3VA1rAglVnuNIt8IwKagp7ku","52.7150876","-7.5895188",,,"9/1/2021 13:07:08","MWHire11348"
"1350","MW Hire Group","MW Hire Group","2 Dunlop Pl,","KA11 5BJ","contact@ntuk.co.uk",,"$2y$10$zYV/S.Gq.fP8mXPJm5fPzuazzHfGz3VA1rAglVnuNIt8IwKagp7ku","55.586862","-4.642912",,,,"MWHire11349"
"1352","MW Hire Group","MW Hire Group","Drinagh Business Park,","Y35 E297","contact@ntuk.co.uk",,"$2y$10$zYV/S.Gq.fP8mXPJm5fPzuazzHfGz3VA1rAglVnuNIt8IwKagp7ku","52.3045365","-6.4632594",,,"9/1/2021 13:07:09","MWHire11351"
"1353","My Tool Hire Ltd","My Tool Hire Ltd","148 Pinner Road","HA1 4JE","contact@ntuk.co.uk",,"$2y$10$zYV/S.Gq.fP8mXPJm5fPzuazzHfGz3VA1rAglVnuNIt8IwKagp7ku","51.581687","-0.349561",,,,"MyTool11352"
"1354","NAB Plant Engineering","NAB Plant Engineering","St.George’s Industrial Estate","BS11 9HS","contact@ntuk.co.uk",,"$2y$10$zYV/S.Gq.fP8mXPJm5fPzuazzHfGz3VA1rAglVnuNIt8IwKagp7ku","51.507965","-2.696917",,,,"NABPla11353"
"1355","National Floor Preparation Centre Ltd","National Floor Preparation Centre Ltd","Unit 4B Chase View","WS12 0QU","contact@ntuk.co.uk",,"$2y$10$zYV/S.Gq.fP8mXPJm5fPzuazzHfGz3VA1rAglVnuNIt8IwKagp7ku","52.724942","-1.988542",,,,"Nation11354"
"1356","Nationwide Platforms","Nationwide Platforms","Cairnrobin","AB12 4SB","contact@ntuk.co.uk",,"$2y$10$zYV/S.Gq.fP8mXPJm5fPzuazzHfGz3VA1rAglVnuNIt8IwKagp7ku","57.08403","-2.107897",,,,"Nation11355"
"1357","Nationwide Platforms","Nationwide Platforms","New Trees Garage","BB2 7LB","contact@ntuk.co.uk",,"$2y$10$zYV/S.Gq.fP8mXPJm5fPzuazzHfGz3VA1rAglVnuNIt8IwKagp7ku","53.776952","-2.551471",,,,"Nation11356"
"1358","Nationwide Platforms","Nationwide Platforms","6 Faraday Street","DD2 3QQ","contact@ntuk.co.uk",,"$2y$10$zYV/S.Gq.fP8mXPJm5fPzuazzHfGz3VA1rAglVnuNIt8IwKagp7ku","56.483926","-3.013588",,,,"Nation11357"
"1359","Nationwide Platforms","Nationwide Platforms","Damson Way","DH1 2YN","contact@ntuk.co.uk",,"$2y$10$zYV/S.Gq.fP8mXPJm5fPzuazzHfGz3VA1rAglVnuNIt8IwKagp7ku","54.778358","-1.537936",,,,"Nation11358"
"1360","Nationwide Platforms","Nationwide Platforms","Unit 10 -11","LE9 1RH","contact@ntuk.co.uk",,"$2y$10$zYV/S.Gq.fP8mXPJm5fPzuazzHfGz3VA1rAglVnuNIt8IwKagp7ku","52.525217","-1.187436",,,,"Nation11359"
"1361","Nationwide Platforms","Nationwide Platforms","Unit 1","LS10 2AA","contact@ntuk.co.uk",,"$2y$10$zYV/S.Gq.fP8mXPJm5fPzuazzHfGz3VA1rAglVnuNIt8IwKagp7ku","53.77125","-1.536498",,,,"Nation11360"
"1362","Nationwide Platforms","Nationwide Platforms","Unit 12","LU3 3HP","contact@ntuk.co.uk",,"$2y$10$zYV/S.Gq.fP8mXPJm5fPzuazzHfGz3VA1rAglVnuNIt8IwKagp7ku","51.920685","-0.476395",,,,"Nation11361"
"1363","Nationwide Platforms","Nationwide Platforms","Plot 1 Thameside Terminal","ME3 7SU","contact@ntuk.co.uk",,"$2y$10$zYV/S.Gq.fP8mXPJm5fPzuazzHfGz3VA1rAglVnuNIt8IwKagp7ku","51.453858","0.477538",,,,"Nation11362"
"1364","Nationwide Platforms","Nationwide Platforms","Unit 21","NG15 0DQ","contact@ntuk.co.uk",,"$2y$10$zYV/S.Gq.fP8mXPJm5fPzuazzHfGz3VA1rAglVnuNIt8IwKagp7ku","53.072836","-1.226796",,,,"Nation11363"
"1365","Nationwide Platforms","Nationwide Platforms","Rookery Farm","NR17 2LD","contact@ntuk.co.uk",,"$2y$10$zYV/S.Gq.fP8mXPJm5fPzuazzHfGz3VA1rAglVnuNIt8IwKagp7ku","52.532568","1.059451",,,,"Nation11364"
"1366","Nationwide Platforms","Nationwide Platforms","Skylift House","PE1 5YD","contact@ntuk.co.uk",,"$2y$10$zYV/S.Gq.fP8mXPJm5fPzuazzHfGz3VA1rAglVnuNIt8IwKagp7ku","52.581208","-0.207376",,,,"Nation11365"
"1367","Nationwide Platforms","Nationwide Platforms","Moorswater Industrial Estate","PL14 4LB","contact@ntuk.co.uk",,"$2y$10$zYV/S.Gq.fP8mXPJm5fPzuazzHfGz3VA1rAglVnuNIt8IwKagp7ku","50.451356","-4.484996",,,,"Nation11366"
"1368","Nationwide Platforms","Nationwide Platforms","Unit 8 RVB Park","SA6 8QD","contact@ntuk.co.uk",,"$2y$10$zYV/S.Gq.fP8mXPJm5fPzuazzHfGz3VA1rAglVnuNIt8IwKagp7ku","51.666921","-3.907628",,,,"Nation11367"
"1369","Nationwide Platforms","Nationwide Platforms","Venture Way","TA2 8DE","contact@ntuk.co.uk",,"$2y$10$zYV/S.Gq.fP8mXPJm5fPzuazzHfGz3VA1rAglVnuNIt8IwKagp7ku","51.02621","-3.085927",,,,"Nation11368"
"1370","Nationwide Platforms","Nationwide Platforms","Unit D, Appleton Industrial Park","WA4 4QT","contact@ntuk.co.uk",,"$2y$10$zYV/S.Gq.fP8mXPJm5fPzuazzHfGz3VA1rAglVnuNIt8IwKagp7ku","53.356227","-2.53241",,,,"Nation11369"
"1371","Nationwide Platforms","Nationwide Platforms","Unit 5 Crescent Works","WS10 8JG","contact@ntuk.co.uk",,"$2y$10$zYV/S.Gq.fP8mXPJm5fPzuazzHfGz3VA1rAglVnuNIt8IwKagp7ku","52.578271","-2.034134",,,,"Nation11370"
"1372","Nationwide Platforms Limited","Nationwide Platforms Limited","Cumberland House","BS3 2NA","contact@ntuk.co.uk",,"$2y$10$zYV/S.Gq.fP8mXPJm5fPzuazzHfGz3VA1rAglVnuNIt8IwKagp7ku","51.439754","-2.623394",,,,"Nation11371"
"1373","Nationwide Platforms Limited","Nationwide Platforms Limited","Castle Close","CH5 3QZ","contact@ntuk.co.uk",,"$2y$10$zYV/S.Gq.fP8mXPJm5fPzuazzHfGz3VA1rAglVnuNIt8IwKagp7ku","53.176786","-2.994499",,,,"Nation11372"
"1374","Nationwide Platforms Limited","Nationwide Platforms Limited","Knowsley Industrial Estate","L33 7SS","contact@ntuk.co.uk",,"$2y$10$zYV/S.Gq.fP8mXPJm5fPzuazzHfGz3VA1rAglVnuNIt8IwKagp7ku","53.478916","-2.856626",,,,"Nation11373"
"1375","Newbury Tools Ltd","Newbury Tools Ltd","No 1 Hambridge Road","RG14 5SS","contact@ntuk.co.uk",,"$2y$10$zYV/S.Gq.fP8mXPJm5fPzuazzHfGz3VA1rAglVnuNIt8IwKagp7ku","51.399632","-1.311619",,,,"Newbur11374"
"1376","Newmarket Plant Hire (Basildon) Ltd","Newmarket Plant Hire (Basildon) Ltd","Wrexham Road","SS15 6PX","contact@ntuk.co.uk",,"$2y$10$zYV/S.Gq.fP8mXPJm5fPzuazzHfGz3VA1rAglVnuNIt8IwKagp7ku","51.568571","0.420535",,,,"Newmar11375"
"1377","Newmarket Plant Hire (Cambridge) Ltd","Newmarket Plant Hire (Cambridge) Ltd","Winship Road","CB24 6BQ","contact@ntuk.co.uk",,"$2y$10$zYV/S.Gq.fP8mXPJm5fPzuazzHfGz3VA1rAglVnuNIt8IwKagp7ku","52.238859","0.159923",,,,"Newmar11376"
"1378","Newmarket Plant Hire (Harlow) Ltd","Newmarket Plant Hire (Harlow) Ltd","The Fairway","CM18 6LY","contact@ntuk.co.uk",,"$2y$10$zYV/S.Gq.fP8mXPJm5fPzuazzHfGz3VA1rAglVnuNIt8IwKagp7ku","51.757091","0.114438",,,,"Newmar11377"
"1379","Newmarket Plant Hire (Ipswich) Ltd","Newmarket Plant Hire (Ipswich) Ltd","Sandy Hill Lane","IP3 0NA","contact@ntuk.co.uk",,"$2y$10$zYV/S.Gq.fP8mXPJm5fPzuazzHfGz3VA1rAglVnuNIt8IwKagp7ku","52.03726","1.162958",,,,"Newmar11378"
"1380","Newmarket Plant Hire (Kings Lynn) Ltd","Newmarket Plant Hire (Kings Lynn) Ltd","Garage Lane","PE33 0BE","contact@ntuk.co.uk",,"$2y$10$zYV/S.Gq.fP8mXPJm5fPzuazzHfGz3VA1rAglVnuNIt8IwKagp7ku","52.698407","0.41453",,,,"Newmar11379"
"1381","Newmarket Plant Hire Ltd.","Newmarket Plant Hire Ltd.","Depot Road","CB8 0AL","contact@ntuk.co.uk",,"$2y$10$zYV/S.Gq.fP8mXPJm5fPzuazzHfGz3VA1rAglVnuNIt8IwKagp7ku","52.255783","0.393825",,,,"Newmar11380"
"1382","Niftylift Ltd.","Niftylift Ltd.","Chalkdell Drive","MK5 6GF","contact@ntuk.co.uk",,"$2y$10$zYV/S.Gq.fP8mXPJm5fPzuazzHfGz3VA1rAglVnuNIt8IwKagp7ku","52.013378","-0.795583",,,,"Niftyl11381"
"1383","Nilco Ltd","Nilco Ltd","614 Chigwell Road","IG8 8AA","contact@ntuk.co.uk",,"$2y$10$zYV/S.Gq.fP8mXPJm5fPzuazzHfGz3VA1rAglVnuNIt8IwKagp7ku","51.605688","0.050799",,,,"NilcoL11382"
"1385","Norse Highways","Norse Highways","Norse Commercial Services Head Office","NR6 6EQ","contact@ntuk.co.uk",,"$2y$10$zYV/S.Gq.fP8mXPJm5fPzuazzHfGz3VA1rAglVnuNIt8IwKagp7ku","52.665754","1.280269",,,,"NorseH11384"
"1386","North Devon Hire and Sales Ltd","North Devon Hire and Sales Ltd","6 Birdwood Crescent","EX39 3TA","contact@ntuk.co.uk",,"$2y$10$zYV/S.Gq.fP8mXPJm5fPzuazzHfGz3VA1rAglVnuNIt8IwKagp7ku","51.015816","-4.225738",,,,"NorthD11385"
"1387","North London Plant Hire t/a AS Bines Ltd","North London Plant Hire t/a AS Bines Ltd","1310 Mollison Avenue","EN3 7NJ","contact@ntuk.co.uk",,"$2y$10$zYV/S.Gq.fP8mXPJm5fPzuazzHfGz3VA1rAglVnuNIt8IwKagp7ku","51.659369","-0.029844",,,,"NorthL11386"
"1388","North London Plant Hire t/a AS Bines Ltd.","North London Plant Hire t/a AS Bines Ltd.","4-16 Shacklewell Lane","E8 2EZ","contact@ntuk.co.uk",,"$2y$10$zYV/S.Gq.fP8mXPJm5fPzuazzHfGz3VA1rAglVnuNIt8IwKagp7ku","51.550849","-0.072716",,,,"NorthL11387"
"1389","North West Access & Sales Ltd","North West Access & Sales Ltd","Unit 1K, Aintree Racecourse Business Park","L9 5AY","contact@ntuk.co.uk",,"$2y$10$zYV/S.Gq.fP8mXPJm5fPzuazzHfGz3VA1rAglVnuNIt8IwKagp7ku","53.480216","-2.948662",,,,"NorthW11388"
"1390","North West Cleaning Equipment Limited","North West Cleaning Equipment Limited","Units 2 & 3","WN3 4BZ","contact@ntuk.co.uk",,"$2y$10$zYV/S.Gq.fP8mXPJm5fPzuazzHfGz3VA1rAglVnuNIt8IwKagp7ku","53.545125","-2.638291",,,,"NorthW11389"
"1391","Nova UK Group Limited t/a PR Industrial","Nova UK Group Limited t/a PR Industrial","Unit 28 Hawthorne Road Industrial Estate","BN23 6QA","contact@ntuk.co.uk",,"$2y$10$zYV/S.Gq.fP8mXPJm5fPzuazzHfGz3VA1rAglVnuNIt8IwKagp7ku","50.789964","0.299532",,,,"NovaUK11390"
"1392","Nova UK Group Limited t/as PR Industrial","Nova UK Group Limited t/as PR Industrial","Unit 2 Delphi House","BN3 7EE","contact@ntuk.co.uk",,"$2y$10$zYV/S.Gq.fP8mXPJm5fPzuazzHfGz3VA1rAglVnuNIt8IwKagp7ku","50.838925","-0.19064",,,,"NovaUK11391"
"1393","Numatic International Ltd","Numatic International Ltd","Millfield Industrial Estate","TA20 2GB","contact@ntuk.co.uk",,"$2y$10$zYV/S.Gq.fP8mXPJm5fPzuazzHfGz3VA1rAglVnuNIt8IwKagp7ku","50.870607","-2.949129",,,,"Numati11392"
"1394","Oak Garden Machinery","Oak Garden Machinery","Pearce's Yard","OX9 3AS","contact@ntuk.co.uk",,"$2y$10$zYV/S.Gq.fP8mXPJm5fPzuazzHfGz3VA1rAglVnuNIt8IwKagp7ku","51.75213","-0.980371",,,,"OakGar11393"
"1395","Oaks Plant Hire","Oaks Plant Hire","Hardys Yard","TN13 2DN","contact@ntuk.co.uk",,"$2y$10$zYV/S.Gq.fP8mXPJm5fPzuazzHfGz3VA1rAglVnuNIt8IwKagp7ku","51.288902","0.168801",,,,"OaksPl11394"
"1396","Obart Pumps Ltd","Obart Pumps Ltd","Obart House","ME16 0FZ","contact@ntuk.co.uk",,"$2y$10$zYV/S.Gq.fP8mXPJm5fPzuazzHfGz3VA1rAglVnuNIt8IwKagp7ku","51.292599","0.498092",,,,"ObartP11395"
"1397","Olympus Building Services Ltd.","Olympus Building Services Ltd.","Unit 21","TQ12 2SN","contact@ntuk.co.uk",,"$2y$10$zYV/S.Gq.fP8mXPJm5fPzuazzHfGz3VA1rAglVnuNIt8IwKagp7ku","50.535268","-3.602407",,,,"Olympu11396"
"1398","On Location Hire","On Location Hire","UnitB Clay Lane Farm","SL7 3DT","contact@ntuk.co.uk",,"$2y$10$zYV/S.Gq.fP8mXPJm5fPzuazzHfGz3VA1rAglVnuNIt8IwKagp7ku","51.610408","-0.79816",,,,"OnLoca11397"
"1399","One Point Hire and Sales Ltd","One Point Hire and Sales Ltd","32 Stonehouse Street","PL1 3PE","contact@ntuk.co.uk",,"$2y$10$zYV/S.Gq.fP8mXPJm5fPzuazzHfGz3VA1rAglVnuNIt8IwKagp7ku","50.368457","-4.160139",,,,"OnePoi11398"
"1400","One Stop Hire","One Stop Hire","Ainscough Trading Estate","WN6 9RS","contact@ntuk.co.uk",,"$2y$10$zYV/S.Gq.fP8mXPJm5fPzuazzHfGz3VA1rAglVnuNIt8IwKagp7ku","53.607621","-2.70256",,,,"OneSto11399"
"1401","One Stop Hire Ltd","One Stop Hire Ltd","135 Bridgeman Street","BL3 6BS","contact@ntuk.co.uk",,"$2y$10$zYV/S.Gq.fP8mXPJm5fPzuazzHfGz3VA1rAglVnuNIt8IwKagp7ku","53.571381","-2.428636",,,,"OneSto11400"
"1402","One Stop Hire Ltd","One Stop Hire Ltd","31 Mowbray Drive","FY3 7UN","contact@ntuk.co.uk",,"$2y$10$zYV/S.Gq.fP8mXPJm5fPzuazzHfGz3VA1rAglVnuNIt8IwKagp7ku","53.836435","-3.024731",,,,"OneSto11401"
"1403","One Stop Hire Ltd","One Stop Hire Ltd","166-178 Great Howard Street","L3 7DW","contact@ntuk.co.uk",,"$2y$10$zYV/S.Gq.fP8mXPJm5fPzuazzHfGz3VA1rAglVnuNIt8IwKagp7ku","53.419935","-2.996359",,,,"OneSto11402"
"1404","One Stop Hire Ltd","One Stop Hire Ltd","Unit 4a Crakeside Business Park","LA12 7RT","contact@ntuk.co.uk",,"$2y$10$zYV/S.Gq.fP8mXPJm5fPzuazzHfGz3VA1rAglVnuNIt8IwKagp7ku","54.234844","-3.053281",,,,"OneSto11403"
"1405","One Stop Hire Ltd","One Stop Hire Ltd","Ashton Old Road/Pottery Lane","M11 2DS","contact@ntuk.co.uk",,"$2y$10$zYV/S.Gq.fP8mXPJm5fPzuazzHfGz3VA1rAglVnuNIt8IwKagp7ku","37.09024","-95.712891",,,"9/1/2021 13:07:10","OneSto11404"
"1406","One Stop Hire Ltd","One Stop Hire Ltd","Unit G3A Leyland Business Park","PR25 3GR","contact@ntuk.co.uk",,"$2y$10$zYV/S.Gq.fP8mXPJm5fPzuazzHfGz3VA1rAglVnuNIt8IwKagp7ku","53.707506","-2.687528",,,,"OneSto11405"
"1407","One Stop Hire Ltd","One Stop Hire Ltd","UNIT 1, 148-152 Chapel Lane","WN3 5DQ","contact@ntuk.co.uk",,"$2y$10$zYV/S.Gq.fP8mXPJm5fPzuazzHfGz3VA1rAglVnuNIt8IwKagp7ku","53.539214","-2.632709",,,,"OneSto11406"
"1408","One Stop Hire Ltd.","One Stop Hire Ltd.","Chorley West Business Park","PR7 1NL","contact@ntuk.co.uk",,"$2y$10$zYV/S.Gq.fP8mXPJm5fPzuazzHfGz3VA1rAglVnuNIt8IwKagp7ku","53.653526","-2.653272",,,,"OneSto11407"
"1409","One+ Point Ltd","One+ Point Ltd","Unit 6","BH31 6BB","contact@ntuk.co.uk",,"$2y$10$zYV/S.Gq.fP8mXPJm5fPzuazzHfGz3VA1rAglVnuNIt8IwKagp7ku","50.869862","-1.853106",,,,"One+Po11408"
"1410","O'Neill Tool and Plant Hire Limited","O'Neill Tool and Plant Hire Limited","Unit 55","W7 2QD","contact@ntuk.co.uk",,"$2y$10$zYV/S.Gq.fP8mXPJm5fPzuazzHfGz3VA1rAglVnuNIt8IwKagp7ku","51.501016","-0.340504",,,,"ONeill11409"
"1411","Oxford Marquees Limited","Oxford Marquees Limited","Langford Lane","OX5 1HT","contact@ntuk.co.uk",,"$2y$10$zYV/S.Gq.fP8mXPJm5fPzuazzHfGz3VA1rAglVnuNIt8IwKagp7ku","51.830871","-1.304022",,,,"Oxford11410"
"1412","P Boland Hire Centre","P Boland Hire Centre","Emoclew Road","Y14 D540","contact@ntuk.co.uk",,"$2y$10$zYV/S.Gq.fP8mXPJm5fPzuazzHfGz3VA1rAglVnuNIt8IwKagp7ku","52.7892847","-6.1711085",,,"9/1/2021 13:07:10","PBolan11411"
"1413","Panther Platform Rentals Ltd","Panther Platform Rentals Ltd","Claylands Road Industrial Estate","SO32 1BH","contact@ntuk.co.uk",,"$2y$10$zYV/S.Gq.fP8mXPJm5fPzuazzHfGz3VA1rAglVnuNIt8IwKagp7ku","50.957341","-1.221796",,,,"Panthe11412"
"1414","Paragon Tool Hire Ltd","Paragon Tool Hire Ltd","Home Farm Yard","MK18 7DU","contact@ntuk.co.uk",,"$2y$10$zYV/S.Gq.fP8mXPJm5fPzuazzHfGz3VA1rAglVnuNIt8IwKagp7ku","51.99463","-0.967765",,,,"Parago11413"
"1415","Parker Hire Services","Parker Hire Services","3 Abbotsford Road","LE5 4DA","contact@ntuk.co.uk",,"$2y$10$zYV/S.Gq.fP8mXPJm5fPzuazzHfGz3VA1rAglVnuNIt8IwKagp7ku","52.641653","-1.086942",,,,"Parker11414"
"1416","Parker Plant Hire Ltd.","Parker Plant Hire Ltd.","The Hire Centre","SA15 1HQ","contact@ntuk.co.uk",,"$2y$10$zYV/S.Gq.fP8mXPJm5fPzuazzHfGz3VA1rAglVnuNIt8IwKagp7ku","51.68314","-4.135083",,,,"Parker11415"
"1417","Paul Yates Tool Hire","Paul Yates Tool Hire","Unit 1-3 Halfpenny Close","HG5 0TG","contact@ntuk.co.uk",,"$2y$10$zYV/S.Gq.fP8mXPJm5fPzuazzHfGz3VA1rAglVnuNIt8IwKagp7ku","54.014149","-1.459241",,,,"PaulYa11416"
"1418","Perfect Associates Ltd. t/a PAL Hire","Perfect Associates Ltd. t/a PAL Hire","Unit 7 Rhino Court","SK8 5ER","contact@ntuk.co.uk",,"$2y$10$zYV/S.Gq.fP8mXPJm5fPzuazzHfGz3VA1rAglVnuNIt8IwKagp7ku","53.380695","-2.202139",,,,"Perfec11417"
"1419","Pershore Hire Centre","Pershore Hire Centre","Racecourse Road","WR10 2EY","contact@ntuk.co.uk",,"$2y$10$zYV/S.Gq.fP8mXPJm5fPzuazzHfGz3VA1rAglVnuNIt8IwKagp7ku","52.128808","-2.073404",,,,"Persho11418"
"1420","Peter Duffy Ltd.","Peter Duffy Ltd.","Connaught House","WF3 3HA","contact@ntuk.co.uk",,"$2y$10$zYV/S.Gq.fP8mXPJm5fPzuazzHfGz3VA1rAglVnuNIt8IwKagp7ku","53.718291","-1.496167",,,,"PeterD11419"
"1421","Phoenix Hire & Sales Ltd","Phoenix Hire & Sales Ltd","Unit 8, New Tarran Workshops","CF31 3AP","contact@ntuk.co.uk",,"$2y$10$zYV/S.Gq.fP8mXPJm5fPzuazzHfGz3VA1rAglVnuNIt8IwKagp7ku","51.50195","-3.572884",,,,"Phoeni11420"
"1422","Phoenix Hire and Sales Ltd.","Phoenix Hire and Sales Ltd.","Phoenix House","NP44 7HB","contact@ntuk.co.uk",,"$2y$10$zYV/S.Gq.fP8mXPJm5fPzuazzHfGz3VA1rAglVnuNIt8IwKagp7ku","51.642851","-3.025868",,,,"Phoeni11421"
"1423","Phoenix Survey","Phoenix Survey","Unit 4","BS37 5NG","contact@ntuk.co.uk",,"$2y$10$zYV/S.Gq.fP8mXPJm5fPzuazzHfGz3VA1rAglVnuNIt8IwKagp7ku","51.547857","-2.432389",,,,"Phoeni11422"
"1424","Phoenx Hire & Sales Limited","Phoenx Hire & Sales Limited","Unit 2 Taffs Fall Trade Park","CF37 5TF","contact@ntuk.co.uk",,"$2y$10$zYV/S.Gq.fP8mXPJm5fPzuazzHfGz3VA1rAglVnuNIt8IwKagp7ku","51.572","-3.293095",,,,"Phoenx11423"
"1425","PJC Plant Services (Warehouse & Transport)","PJC Plant Services (Warehouse & Transport)","33 Ravensbridge Drive","LE4 0BQ","contact@ntuk.co.uk",,"$2y$10$zYV/S.Gq.fP8mXPJm5fPzuazzHfGz3VA1rAglVnuNIt8IwKagp7ku","52.644431","-1.143579",,,,"PJCPla11424"
"1426","Plant and Tool Hire Ltd ","Plant and Tool Hire Ltd ","145 St Albans Road","WD17 1RA","contact@ntuk.co.uk",,"$2y$10$zYV/S.Gq.fP8mXPJm5fPzuazzHfGz3VA1rAglVnuNIt8IwKagp7ku","51.665383","-0.399416",,,,"Planta11425"
"1427","Plant Solutions Plus","Plant Solutions Plus","Unit 7 Mill Batch Farm","TA9 4JN","contact@ntuk.co.uk",,"$2y$10$zYV/S.Gq.fP8mXPJm5fPzuazzHfGz3VA1rAglVnuNIt8IwKagp7ku","51.261074","-2.92446",,,,"PlantS11426"
"1428","Plantool Hire Centres","Plantool Hire Centres","3 Low March","NN11 4SD","contact@ntuk.co.uk",,"$2y$10$zYV/S.Gq.fP8mXPJm5fPzuazzHfGz3VA1rAglVnuNIt8IwKagp7ku","52.246678","-1.15401",,,,"Planto11427"
"1429","Plastic Solutions (Aldridge) Ltd","Plastic Solutions (Aldridge) Ltd","Merchant's Way","WS9 8SW","contact@ntuk.co.uk",,"$2y$10$zYV/S.Gq.fP8mXPJm5fPzuazzHfGz3VA1rAglVnuNIt8IwKagp7ku","52.609672","-1.925839",,,,"Plasti11428"
"1430","Point of Rental Software","Point of Rental Software","Ground Floor, Unit 1 Pennant House","RG1 8BW","contact@ntuk.co.uk",,"$2y$10$zYV/S.Gq.fP8mXPJm5fPzuazzHfGz3VA1rAglVnuNIt8IwKagp7ku","51.459183","-0.965089",,,,"Pointo11429"
"1431","Pop Up Products Ltd","Pop Up Products Ltd","Unit E1 Tenth Avenue","CH5 2UA","contact@ntuk.co.uk",,"$2y$10$zYV/S.Gq.fP8mXPJm5fPzuazzHfGz3VA1rAglVnuNIt8IwKagp7ku","53.235837","-3.021039",,,,"PopUpP11430"
"1432","Portamix UK Limited","Portamix UK Limited","172 Brierley Road","PR5 8AH","contact@ntuk.co.uk",,"$2y$10$zYV/S.Gq.fP8mXPJm5fPzuazzHfGz3VA1rAglVnuNIt8IwKagp7ku","53.72445","-2.650431",,,,"Portam11431"
"1433","Positano Ltd t/a Dial-a-Digger","Positano Ltd t/a Dial-a-Digger","Unit A11","SO41 8LS","contact@ntuk.co.uk",,"$2y$10$zYV/S.Gq.fP8mXPJm5fPzuazzHfGz3VA1rAglVnuNIt8IwKagp7ku","50.776298","-1.572878",,,,"Posita11432"
"1434","Power Command Limited","Power Command Limited","Tenter Street","S60 1LB","contact@ntuk.co.uk",,"$2y$10$zYV/S.Gq.fP8mXPJm5fPzuazzHfGz3VA1rAglVnuNIt8IwKagp7ku","53.434329","-1.365611",,,,"PowerC11433"
"1436","Power Tool Rentals Ltd","Power Tool Rentals Ltd","Halifax Road","HX3 8ER","contact@ntuk.co.uk",,"$2y$10$zYV/S.Gq.fP8mXPJm5fPzuazzHfGz3VA1rAglVnuNIt8IwKagp7ku","53.725626","-1.815851",,,,"PowerT11435"
"1437","Power Towers Limited","Power Towers Limited","West House","LE18 2FB","contact@ntuk.co.uk",,"$2y$10$zYV/S.Gq.fP8mXPJm5fPzuazzHfGz3VA1rAglVnuNIt8IwKagp7ku","52.589638","-1.122816",,,,"PowerT11436"
"1438","Powerjet Rentals ","Powerjet Rentals ","97 Loanbank Quadrant","G51 3HZ","contact@ntuk.co.uk",,"$2y$10$zYV/S.Gq.fP8mXPJm5fPzuazzHfGz3VA1rAglVnuNIt8IwKagp7ku","55.858144","-4.318145",,,,"Powerj11437"
"1440","Practical Car & Van Rental","Practical Car & Van Rental","J & FM Fraser","AB21 9US","contact@ntuk.co.uk",,"$2y$10$zYV/S.Gq.fP8mXPJm5fPzuazzHfGz3VA1rAglVnuNIt8IwKagp7ku","57.174043","-2.148398",,,,"Practi11439"
"1441","Practical Car & Van Rental","Practical Car & Van Rental","Michael Gardner","OX14 3RY","contact@ntuk.co.uk",,"$2y$10$zYV/S.Gq.fP8mXPJm5fPzuazzHfGz3VA1rAglVnuNIt8IwKagp7ku","51.679516","-1.267539",,,,"Practi11440"
"1442","Practical Car & Van Rental","Practical Car & Van Rental","Ashford Recovery Ltd","TN23 1DP","contact@ntuk.co.uk",,"$2y$10$zYV/S.Gq.fP8mXPJm5fPzuazzHfGz3VA1rAglVnuNIt8IwKagp7ku","51.150059","0.858774",,,,"Practi11441"
"1443","Practical Car & Van Rental","Practical Car & Van Rental","Musbury Garage Ltd","EX13 8AX","contact@ntuk.co.uk",,"$2y$10$zYV/S.Gq.fP8mXPJm5fPzuazzHfGz3VA1rAglVnuNIt8IwKagp7ku","50.747032","-3.032268",,,,"Practi11442"
"1444","Practical Car & Van Rental","Practical Car & Van Rental","Advance Autotech Ltd","HP19 8DB","contact@ntuk.co.uk",,"$2y$10$zYV/S.Gq.fP8mXPJm5fPzuazzHfGz3VA1rAglVnuNIt8IwKagp7ku","51.819612","-0.82812",,,,"Practi11443"
"1445","Practical Car & Van Rental","Practical Car & Van Rental","Stermat Hardware (Gwynedd) Ltd","LL57 2RZ","contact@ntuk.co.uk",,"$2y$10$zYV/S.Gq.fP8mXPJm5fPzuazzHfGz3VA1rAglVnuNIt8IwKagp7ku","53.21002","-4.167633",,,,"Practi11444"
"1446","Practical Car & Van Rental","Practical Car & Van Rental","Currently being operated by c2Group Ltd","RM13 8GJ","contact@ntuk.co.uk",,"$2y$10$zYV/S.Gq.fP8mXPJm5fPzuazzHfGz3VA1rAglVnuNIt8IwKagp7ku","51.52229","0.165846",,,,"Practi11445"
"1447","Practical Car & Van Rental","Practical Car & Van Rental","Unit 39E","CF71 7PF","contact@ntuk.co.uk",,"$2y$10$zYV/S.Gq.fP8mXPJm5fPzuazzHfGz3VA1rAglVnuNIt8IwKagp7ku","51.440276","-3.497756",,,,"Practi11446"
"1448","Practical Car & Van Rental","Practical Car & Van Rental","Brentwood Practical","SS13 1BW","contact@ntuk.co.uk",,"$2y$10$zYV/S.Gq.fP8mXPJm5fPzuazzHfGz3VA1rAglVnuNIt8IwKagp7ku","51.58116","0.496972",,,,"Practi11447"
"1449","Practical Car & Van Rental","Practical Car & Van Rental","Kempston Radiators Ltd","NR34 9AY","contact@ntuk.co.uk",,"$2y$10$zYV/S.Gq.fP8mXPJm5fPzuazzHfGz3VA1rAglVnuNIt8IwKagp7ku","52.463309","1.56374",,,,"Practi11448"
"1450","Practical Car & Van Rental","Practical Car & Van Rental","Rapid Car Hire (NI) Ltd","MK42 7EF","contact@ntuk.co.uk",,"$2y$10$zYV/S.Gq.fP8mXPJm5fPzuazzHfGz3VA1rAglVnuNIt8IwKagp7ku","52.107938","-0.495064",,,,"Practi11449"
"1451","Practical Car & Van Rental","Practical Car & Van Rental","Mark Stokoe & Lisa Stokoe","BT23 6BH","contact@ntuk.co.uk",,"$2y$10$zYV/S.Gq.fP8mXPJm5fPzuazzHfGz3VA1rAglVnuNIt8IwKagp7ku","54.5232379","-5.818151",,,"9/1/2021 13:07:22","Practi11450"
"1452","Practical Car & Van Rental","Practical Car & Van Rental","JK (Vehicle Hire) Limited","TN16 3AU","contact@ntuk.co.uk",,"$2y$10$zYV/S.Gq.fP8mXPJm5fPzuazzHfGz3VA1rAglVnuNIt8IwKagp7ku","51.314945","0.045454",,,,"Practi11451"
"1453","Practical Car & Van Rental","Practical Car & Van Rental","Ash Motor Services","SG18 8NL","contact@ntuk.co.uk",,"$2y$10$zYV/S.Gq.fP8mXPJm5fPzuazzHfGz3VA1rAglVnuNIt8IwKagp7ku","52.0784","-0.265897",,,,"Practi11452"
"1454","Practical Car & Van Rental","Practical Car & Van Rental","T/A DAYBREAK SERVICES LTD","B9 4HN","contact@ntuk.co.uk",,"$2y$10$zYV/S.Gq.fP8mXPJm5fPzuazzHfGz3VA1rAglVnuNIt8IwKagp7ku","52.475977","-1.875549",,,,"Practi11453"
"1455","Practical Car & Van Rental","Practical Car & Van Rental","BVH LTD","CM23 5QS","contact@ntuk.co.uk",,"$2y$10$zYV/S.Gq.fP8mXPJm5fPzuazzHfGz3VA1rAglVnuNIt8IwKagp7ku","51.87796","0.199143",,,,"Practi11454"
"1456","Practical Car & Van Rental","Practical Car & Van Rental","M&K Motors Ltd","BB1 9AU","contact@ntuk.co.uk",,"$2y$10$zYV/S.Gq.fP8mXPJm5fPzuazzHfGz3VA1rAglVnuNIt8IwKagp7ku","53.770103","-2.478147",,,,"Practi11455"
"1457","Practical Car & Van Rental","Practical Car & Van Rental","304 St Helens Road","PR4 3PA","contact@ntuk.co.uk",,"$2y$10$zYV/S.Gq.fP8mXPJm5fPzuazzHfGz3VA1rAglVnuNIt8IwKagp7ku","53.806908","-2.934597",,,,"Practi11456"
"1458","Practical Car & Van Rental","Practical Car & Van Rental","Charltons Of Boroughbridge Limited","BL3 3RP","contact@ntuk.co.uk",,"$2y$10$zYV/S.Gq.fP8mXPJm5fPzuazzHfGz3VA1rAglVnuNIt8IwKagp7ku","53.560475","-2.456228",,,,"Practi11457"
"1459","Practical Car & Van Rental","Practical Car & Van Rental","Vroom Vrooom Ltd","YO51 9HR","contact@ntuk.co.uk",,"$2y$10$zYV/S.Gq.fP8mXPJm5fPzuazzHfGz3VA1rAglVnuNIt8IwKagp7ku","54.093128","-1.397638",,,,"Practi11458"
"1460","Practical Car & Van Rental","Practical Car & Van Rental","being operated by MP Motors (Rental) Ltd","BD17 7AD","contact@ntuk.co.uk",,"$2y$10$zYV/S.Gq.fP8mXPJm5fPzuazzHfGz3VA1rAglVnuNIt8IwKagp7ku","53.837005","-1.768788",,,,"Practi11459"
"1461","Practical Car & Van Rental","Practical Car & Van Rental","Smart Van Hire Essex LTD","W5 4NG","contact@ntuk.co.uk",,"$2y$10$zYV/S.Gq.fP8mXPJm5fPzuazzHfGz3VA1rAglVnuNIt8IwKagp7ku","51.499184","-0.300475",,,,"Practi11460"
"1462","Practical Car & Van Rental","Practical Car & Van Rental","My Big Green Fleet Ltd","CM15 0DF","contact@ntuk.co.uk",,"$2y$10$zYV/S.Gq.fP8mXPJm5fPzuazzHfGz3VA1rAglVnuNIt8IwKagp7ku","51.658985","0.270304",,,,"Practi11461"
"1463","Practical Car & Van Rental","Practical Car & Van Rental","Mark Stokoe & Lisa Stokoe","CF71 7PF","contact@ntuk.co.uk",,"$2y$10$zYV/S.Gq.fP8mXPJm5fPzuazzHfGz3VA1rAglVnuNIt8IwKagp7ku","51.440276","-3.497756",,,,"Practi11462"
"1464","Practical Car & Van Rental","Practical Car & Van Rental","Colin Evans","BR2 9QZ","contact@ntuk.co.uk",,"$2y$10$zYV/S.Gq.fP8mXPJm5fPzuazzHfGz3VA1rAglVnuNIt8IwKagp7ku","51.396204","0.039302",,,,"Practi11463"
"1465","Practical Car & Van Rental","Practical Car & Van Rental","Halopa Warehousing Ltd","MK18 1RT","contact@ntuk.co.uk",,"$2y$10$zYV/S.Gq.fP8mXPJm5fPzuazzHfGz3VA1rAglVnuNIt8IwKagp7ku","51.987795","-0.983038",,,,"Practi11464"
"1466","Practical Car & Van Rental","Practical Car & Van Rental","PCVR Burton on Trent Ltd","BB12 6JJ","contact@ntuk.co.uk",,"$2y$10$zYV/S.Gq.fP8mXPJm5fPzuazzHfGz3VA1rAglVnuNIt8IwKagp7ku","53.78939","-2.275593",,,,"Practi11465"
"1467","Practical Car & Van Rental","Practical Car & Van Rental","7 Chapel Pond Hill","DE14 1RZ","contact@ntuk.co.uk",,"$2y$10$zYV/S.Gq.fP8mXPJm5fPzuazzHfGz3VA1rAglVnuNIt8IwKagp7ku","52.821246","-1.62417",,,,"Practi11466"
"1468","Practical Car & Van Rental","Practical Car & Van Rental","Cando Contracts Ltd","IP32 7HT","contact@ntuk.co.uk",,"$2y$10$zYV/S.Gq.fP8mXPJm5fPzuazzHfGz3VA1rAglVnuNIt8IwKagp7ku","52.255081","0.732891",,,,"Practi11467"
"1469","Practical Car & Van Rental","Practical Car & Van Rental","Activate Limited","SN15 1PZ","contact@ntuk.co.uk",,"$2y$10$zYV/S.Gq.fP8mXPJm5fPzuazzHfGz3VA1rAglVnuNIt8IwKagp7ku","51.469177","-2.123286",,,,"Practi11468"
"1470","Practical Car & Van Rental","Practical Car & Van Rental","Practical Car & Van Rental Ltd","CB4 0DN","contact@ntuk.co.uk",,"$2y$10$zYV/S.Gq.fP8mXPJm5fPzuazzHfGz3VA1rAglVnuNIt8IwKagp7ku","52.230938","0.158397",,,,"Practi11469"
"1471","Practical Car & Van Rental","Practical Car & Van Rental","NADC GROUP LTD","CT4 7HF","contact@ntuk.co.uk",,"$2y$10$zYV/S.Gq.fP8mXPJm5fPzuazzHfGz3VA1rAglVnuNIt8IwKagp7ku","51.259926","1.028492",,,,"Practi11470"
"1473","Practical Car & Van Rental","Practical Car & Van Rental","Mendip Self Storage LTD","CH4 8SE","contact@ntuk.co.uk",,"$2y$10$zYV/S.Gq.fP8mXPJm5fPzuazzHfGz3VA1rAglVnuNIt8IwKagp7ku","53.179332","-2.921598",,,,"Practi11472"
"1474","Practical Car & Van Rental","Practical Car & Van Rental","Major Holdings Limited","BA3 4SA","contact@ntuk.co.uk",,"$2y$10$zYV/S.Gq.fP8mXPJm5fPzuazzHfGz3VA1rAglVnuNIt8IwKagp7ku","51.259759","-2.533779",,,,"Practi11473"
"1476","Practical Car & Van Rental","Practical Car & Van Rental","Dimple Motors UK Ltd, T/A Dimple Self Drive Hire","SN15 1PZ","contact@ntuk.co.uk",,"$2y$10$zYV/S.Gq.fP8mXPJm5fPzuazzHfGz3VA1rAglVnuNIt8IwKagp7ku","51.469177","-2.123286",,,,"Practi11475"
"1477","Practical Car & Van Rental","Practical Car & Van Rental","David Barber","NW9 6RR","contact@ntuk.co.uk",,"$2y$10$zYV/S.Gq.fP8mXPJm5fPzuazzHfGz3VA1rAglVnuNIt8IwKagp7ku","51.587353","-0.250893",,,,"Practi11476"
"1478","Practical Car & Van Rental","Practical Car & Van Rental",,"CW12 1RH","contact@ntuk.co.uk",,"$2y$10$zYV/S.Gq.fP8mXPJm5fPzuazzHfGz3VA1rAglVnuNIt8IwKagp7ku","53.167534","-2.203334",,,,"Practi11477"
"1479","Practical Car & Van Rental","Practical Car & Van Rental","Sussex Van Hire and Sales Ltd","NE23 8AD","contact@ntuk.co.uk",,"$2y$10$zYV/S.Gq.fP8mXPJm5fPzuazzHfGz3VA1rAglVnuNIt8IwKagp7ku","55.089878","-1.615275",,,,"Practi11478"
"1480","Practical Car & Van Rental","Practical Car & Van Rental","Musbury Garage Ltd","RH10 3LF","contact@ntuk.co.uk",,"$2y$10$zYV/S.Gq.fP8mXPJm5fPzuazzHfGz3VA1rAglVnuNIt8IwKagp7ku","51.135921","-0.098021",,,,"Practi11479"
"1481","Practical Car & Van Rental","Practical Car & Van Rental","Crossgar Commercails Ltd","TA18 8AE","contact@ntuk.co.uk",,"$2y$10$zYV/S.Gq.fP8mXPJm5fPzuazzHfGz3VA1rAglVnuNIt8IwKagp7ku","50.880123","-2.785543",,,,"Practi11480"
"1482","Practical Car & Van Rental","Practical Car & Van Rental","IMPERIAL BUSINESS SERVICES LTD","BT30 9EB","contact@ntuk.co.uk",,"$2y$10$zYV/S.Gq.fP8mXPJm5fPzuazzHfGz3VA1rAglVnuNIt8IwKagp7ku","54.3961447","-5.7628655",,,"9/1/2021 13:07:23","Practi11481"
"1483","Practical Car & Van Rental","Practical Car & Van Rental","c2 Group Ltd T/A","CR9 4HH","contact@ntuk.co.uk",,"$2y$10$zYV/S.Gq.fP8mXPJm5fPzuazzHfGz3VA1rAglVnuNIt8IwKagp7ku","51.357782","-0.115604",,,,"Practi11482"
"1484","Practical Car & Van Rental","Practical Car & Van Rental","Blue Mayne Ltd T/A","RM13 8GJ","contact@ntuk.co.uk",,"$2y$10$zYV/S.Gq.fP8mXPJm5fPzuazzHfGz3VA1rAglVnuNIt8IwKagp7ku","51.52229","0.165846",,,,"Practi11483"
"1485","Practical Car & Van Rental","Practical Car & Van Rental","Diamond Fleet Ltd","DA1 1YN","contact@ntuk.co.uk",,"$2y$10$zYV/S.Gq.fP8mXPJm5fPzuazzHfGz3VA1rAglVnuNIt8IwKagp7ku","51.442007","0.233105",,,,"Practi11484"
"1486","Practical Car & Van Rental","Practical Car & Van Rental","Ata Couriers Ltd","DE24 8HT","contact@ntuk.co.uk",,"$2y$10$zYV/S.Gq.fP8mXPJm5fPzuazzHfGz3VA1rAglVnuNIt8IwKagp7ku","52.899532","-1.448208",,,,"Practi11485"
"1487","Practical Car & Van Rental","Practical Car & Van Rental","Ash Bodhani","OX11 8AG","contact@ntuk.co.uk",,"$2y$10$zYV/S.Gq.fP8mXPJm5fPzuazzHfGz3VA1rAglVnuNIt8IwKagp7ku","51.607514","-1.233998",,,,"Practi11486"
"1488","Practical Car & Van Rental","Practical Car & Van Rental","Operated by Dorking Car and Van Hire Ltd","B9 4HN","contact@ntuk.co.uk",,"$2y$10$zYV/S.Gq.fP8mXPJm5fPzuazzHfGz3VA1rAglVnuNIt8IwKagp7ku","52.475977","-1.875549",,,,"Practi11487"
"1489","Practical Car & Van Rental","Practical Car & Van Rental","J Murphy & Sons (Motors) Ltd","RH1 3DR","contact@ntuk.co.uk",,"$2y$10$zYV/S.Gq.fP8mXPJm5fPzuazzHfGz3VA1rAglVnuNIt8IwKagp7ku","51.257347","-0.156074",,,,"Practi11488"
"1490","Practical Car & Van Rental","Practical Car & Van Rental","Edg Transport Limited","D22 R3H2","contact@ntuk.co.uk",,"$2y$10$zYV/S.Gq.fP8mXPJm5fPzuazzHfGz3VA1rAglVnuNIt8IwKagp7ku","53.3173851","-6.3633672",,,"9/1/2021 13:07:23","Practi11489"
"1491","Practical Car & Van Rental","Practical Car & Van Rental",,"LU5 5BA","contact@ntuk.co.uk",,"$2y$10$zYV/S.Gq.fP8mXPJm5fPzuazzHfGz3VA1rAglVnuNIt8IwKagp7ku","51.899163","-0.523285",,,,"Practi11490"
"1493","Practical Car & Van Rental","Practical Car & Van Rental","Sussex Van Hire and Sales Ltd","W5 4NG","contact@ntuk.co.uk",,"$2y$10$zYV/S.Gq.fP8mXPJm5fPzuazzHfGz3VA1rAglVnuNIt8IwKagp7ku","51.499184","-0.300475",,,,"Practi11492"
"1494","Practical Car & Van Rental","Practical Car & Van Rental","Mark Stokoe & Lisa Stokoe","RH10 3LF","contact@ntuk.co.uk",,"$2y$10$zYV/S.Gq.fP8mXPJm5fPzuazzHfGz3VA1rAglVnuNIt8IwKagp7ku","51.135921","-0.098021",,,,"Practi11493"
"1495","Practical Car & Van Rental","Practical Car & Van Rental","Edinburgh Car & Commercial Ltd","TN8 6ED","contact@ntuk.co.uk",,"$2y$10$zYV/S.Gq.fP8mXPJm5fPzuazzHfGz3VA1rAglVnuNIt8IwKagp7ku","51.205358","0.063229",,,,"Practi11494"
"1496","Practical Car & Van Rental","Practical Car & Van Rental","R & M Car Sales Ltd","EH11 4AW","contact@ntuk.co.uk",,"$2y$10$zYV/S.Gq.fP8mXPJm5fPzuazzHfGz3VA1rAglVnuNIt8IwKagp7ku","55.922426","-3.28648",,,,"Practi11495"
"1497","Practical Car & Van Rental","Practical Car & Van Rental","Geoffrey Glover & Kay Glover","IV30 1HZ","contact@ntuk.co.uk",,"$2y$10$zYV/S.Gq.fP8mXPJm5fPzuazzHfGz3VA1rAglVnuNIt8IwKagp7ku","57.647069","-3.283902",,,,"Practi11496"
"1498","Practical Car & Van Rental","Practical Car & Van Rental","Major Holdings Ltd","CB6 1SA","contact@ntuk.co.uk",,"$2y$10$zYV/S.Gq.fP8mXPJm5fPzuazzHfGz3VA1rAglVnuNIt8IwKagp7ku","52.422391","0.274015",,,,"Practi11497"
"1499","Practical Car & Van Rental","Practical Car & Van Rental","Operated by East Kent Rentals Ltd","EN3 6GS","contact@ntuk.co.uk",,"$2y$10$zYV/S.Gq.fP8mXPJm5fPzuazzHfGz3VA1rAglVnuNIt8IwKagp7ku","51.668536","-0.01672",,,,"Practi11498"
"1500","Practical Car & Van Rental","Practical Car & Van Rental","WJ Dunne","ME10 2PG","contact@ntuk.co.uk",,"$2y$10$zYV/S.Gq.fP8mXPJm5fPzuazzHfGz3VA1rAglVnuNIt8IwKagp7ku","51.35203","0.737395",,,,"Practi11499"
"1501","Practical Car & Van Rental","Practical Car & Van Rental","Glenburgie Cars Ltd","BT78 2HU","contact@ntuk.co.uk",,"$2y$10$zYV/S.Gq.fP8mXPJm5fPzuazzHfGz3VA1rAglVnuNIt8IwKagp7ku","54.517177","-7.2966328",,,"9/1/2021 13:07:24","Practi11500"
"1502","Practical Car & Van Rental","Practical Car & Van Rental","Slipway Autos Limited","IV36 2RL","contact@ntuk.co.uk",,"$2y$10$zYV/S.Gq.fP8mXPJm5fPzuazzHfGz3VA1rAglVnuNIt8IwKagp7ku","57.611328","-3.540816",,,,"Practi11501"
"1503","Practical Car & Van Rental","Practical Car & Van Rental","Stermat Hardware (Gwynedd) Ltd","PH33 7NB","contact@ntuk.co.uk",,"$2y$10$zYV/S.Gq.fP8mXPJm5fPzuazzHfGz3VA1rAglVnuNIt8IwKagp7ku","56.84286","-5.139198",,,,"Practi11502"
"1504","Practical Car & Van Rental","Practical Car & Van Rental","Renmore Transport LTD T/A Galway Van Hire","LL60 6BL","contact@ntuk.co.uk",,"$2y$10$zYV/S.Gq.fP8mXPJm5fPzuazzHfGz3VA1rAglVnuNIt8IwKagp7ku","53.222726","-4.2698",,,,"Practi11503"
"1506","Practical Car & Van Rental","Practical Car & Van Rental","1st Vehicle Hire Ltd","SL9 8SU","contact@ntuk.co.uk",,"$2y$10$zYV/S.Gq.fP8mXPJm5fPzuazzHfGz3VA1rAglVnuNIt8IwKagp7ku","51.572092","-0.57828",,,,"Practi11505"
"1507","Practical Car & Van Rental","Practical Car & Van Rental","Glossop Vehicle Solutions ltd.","G13 1EL","contact@ntuk.co.uk",,"$2y$10$zYV/S.Gq.fP8mXPJm5fPzuazzHfGz3VA1rAglVnuNIt8IwKagp7ku","55.895684","-4.320128",,,,"Practi11506"
"1508","Practical Car & Van Rental","Practical Car & Van Rental","Pro Rentals LTD T/A","SK13 7NU","contact@ntuk.co.uk",,"$2y$10$zYV/S.Gq.fP8mXPJm5fPzuazzHfGz3VA1rAglVnuNIt8IwKagp7ku","53.446686","-1.969066",,,,"Practi11507"
"1509","Practical Car & Van Rental","Practical Car & Van Rental","Operated by JLE Havant Ltd","GL1 4HY","contact@ntuk.co.uk",,"$2y$10$zYV/S.Gq.fP8mXPJm5fPzuazzHfGz3VA1rAglVnuNIt8IwKagp7ku","51.859559","-2.234376",,,,"Practi11508"
"1510","Practical Car & Van Rental","Practical Car & Van Rental","Blue Mayne Ltd T/A","PO130FJ","contact@ntuk.co.uk",,"$2y$10$zYV/S.Gq.fP8mXPJm5fPzuazzHfGz3VA1rAglVnuNIt8IwKagp7ku","50.823824","-1.162769",,,,"Practi11509"
"1511","Practical Car & Van Rental","Practical Car & Van Rental","Richard J Egan & Steven Egan","DA1 1YN","contact@ntuk.co.uk",,"$2y$10$zYV/S.Gq.fP8mXPJm5fPzuazzHfGz3VA1rAglVnuNIt8IwKagp7ku","51.442007","0.233105",,,,"Practi11510"
"1512","Practical Car & Van Rental","Practical Car & Van Rental","Richard J Egan & Steven Egan","B62 8RP","contact@ntuk.co.uk",,"$2y$10$zYV/S.Gq.fP8mXPJm5fPzuazzHfGz3VA1rAglVnuNIt8IwKagp7ku","52.460932","-2.04096",,,,"Practi11511"
"1513","Practical Car & Van Rental","Practical Car & Van Rental","442 Harrogate LLP","B62 8RP","contact@ntuk.co.uk",,"$2y$10$zYV/S.Gq.fP8mXPJm5fPzuazzHfGz3VA1rAglVnuNIt8IwKagp7ku","52.460932","-2.04096",,,,"Practi11512"
"1514","Practical Car & Van Rental","Practical Car & Van Rental","Optimus Hire Ltd","HG1 4PT","contact@ntuk.co.uk",,"$2y$10$zYV/S.Gq.fP8mXPJm5fPzuazzHfGz3VA1rAglVnuNIt8IwKagp7ku","54.000237","-1.501039",,,,"Practi11513"
"1515","Practical Car & Van Rental","Practical Car & Van Rental","Transrental Ltd","HA1 2RZ","contact@ntuk.co.uk",,"$2y$10$zYV/S.Gq.fP8mXPJm5fPzuazzHfGz3VA1rAglVnuNIt8IwKagp7ku","51.587535","-0.330078",,,,"Practi11514"
"1516","Practical Car & Van Rental","Practical Car & Van Rental","Operated by Harrison Wright (Sussex) LLP","TS25 5SS","contact@ntuk.co.uk",,"$2y$10$zYV/S.Gq.fP8mXPJm5fPzuazzHfGz3VA1rAglVnuNIt8IwKagp7ku","54.675165","-1.216304",,,,"Practi11515"
"1517","Practical Car & Van Rental","Practical Car & Van Rental","JLE Havant Ltd","TN317TE","contact@ntuk.co.uk",,"$2y$10$zYV/S.Gq.fP8mXPJm5fPzuazzHfGz3VA1rAglVnuNIt8IwKagp7ku","50.942663","0.748335",,,,"Practi11516"
"1518","Practical Car & Van Rental","Practical Car & Van Rental","Practical Haverhill Ltd","PO9 5AX","contact@ntuk.co.uk",,"$2y$10$zYV/S.Gq.fP8mXPJm5fPzuazzHfGz3VA1rAglVnuNIt8IwKagp7ku","50.870413","-0.985555",,,,"Practi11517"
"1519","Practical Car & Van Rental","Practical Car & Van Rental","Currently being operated by MP Motors (Rental) Ltd","CB9 7UU","contact@ntuk.co.uk",,"$2y$10$zYV/S.Gq.fP8mXPJm5fPzuazzHfGz3VA1rAglVnuNIt8IwKagp7ku","52.075228","0.451006",,,,"Practi11518"
"1520","Practical Car & Van Rental","Practical Car & Van Rental","Servicing Heathrow Airport","TW3 4NN","contact@ntuk.co.uk",,"$2y$10$zYV/S.Gq.fP8mXPJm5fPzuazzHfGz3VA1rAglVnuNIt8IwKagp7ku","51.475732","-0.384506",,,,"Practi11519"
"1521","Practical Car & Van Rental","Practical Car & Van Rental","ASL Vehicle Specialists","TW6 1EW","contact@ntuk.co.uk",,"$2y$10$zYV/S.Gq.fP8mXPJm5fPzuazzHfGz3VA1rAglVnuNIt8IwKagp7ku","51.469733","-0.44971",,,,"Practi11520"
"1522","Practical Car & Van Rental","Practical Car & Van Rental","AJA Enterprise Services Ltd","CT6 5BU","contact@ntuk.co.uk",,"$2y$10$zYV/S.Gq.fP8mXPJm5fPzuazzHfGz3VA1rAglVnuNIt8IwKagp7ku","51.369375","1.126199",,,,"Practi11521"
"1523","Practical Car & Van Rental","Practical Car & Van Rental","Helix Vehicle Hire Ltd","HP11 2QB","contact@ntuk.co.uk",,"$2y$10$zYV/S.Gq.fP8mXPJm5fPzuazzHfGz3VA1rAglVnuNIt8IwKagp7ku","51.630596","-0.759353",,,,"Practi11522"
"1524","Practical Car & Van Rental","Practical Car & Van Rental","Stermat Hardware (Gwynedd) Ltd","EN11 0DE","contact@ntuk.co.uk",,"$2y$10$zYV/S.Gq.fP8mXPJm5fPzuazzHfGz3VA1rAglVnuNIt8IwKagp7ku","51.764342","0.003404",,,,"Practi11523"
"1525","Practical Car & Van Rental","Practical Car & Van Rental","London City Car Hire Ltd","LL65 3DP","contact@ntuk.co.uk",,"$2y$10$zYV/S.Gq.fP8mXPJm5fPzuazzHfGz3VA1rAglVnuNIt8IwKagp7ku","53.284157","-4.562656",,,,"Practi11524"
"1526","Practical Car & Van Rental","Practical Car & Van Rental","MP Motors (Rental) Ltd","N8 8HD","contact@ntuk.co.uk",,"$2y$10$zYV/S.Gq.fP8mXPJm5fPzuazzHfGz3VA1rAglVnuNIt8IwKagp7ku","51.579329","-0.125462",,,,"Practi11525"
"1527","Practical Car & Van Rental","Practical Car & Van Rental","BVH Ltd","TW3 4NN","contact@ntuk.co.uk",,"$2y$10$zYV/S.Gq.fP8mXPJm5fPzuazzHfGz3VA1rAglVnuNIt8IwKagp7ku","51.475732","-0.384506",,,,"Practi11526"
"1528","Practical Car & Van Rental","Practical Car & Van Rental","Meadens Of Hythe Limited","HD1 4RR","contact@ntuk.co.uk",,"$2y$10$zYV/S.Gq.fP8mXPJm5fPzuazzHfGz3VA1rAglVnuNIt8IwKagp7ku","53.642603","-1.799256",,,,"Practi11527"
"1529","Practical Car & Van Rental","Practical Car & Van Rental","Essential to Prestige Cars Ltd","SO45 5DA","contact@ntuk.co.uk",,"$2y$10$zYV/S.Gq.fP8mXPJm5fPzuazzHfGz3VA1rAglVnuNIt8IwKagp7ku","50.8685","-1.404634",,,,"Practi11528"
"1530","Practical Car & Van Rental","Practical Car & Van Rental","Ullswater Road Garage Ltd","BD21 5HX","contact@ntuk.co.uk",,"$2y$10$zYV/S.Gq.fP8mXPJm5fPzuazzHfGz3VA1rAglVnuNIt8IwKagp7ku","53.867065","-1.904282",,,,"Practi11529"
"1531","Practical Car & Van Rental","Practical Car & Van Rental","Fresh Supplies UK Ltd","LA9 6NS","contact@ntuk.co.uk",,"$2y$10$zYV/S.Gq.fP8mXPJm5fPzuazzHfGz3VA1rAglVnuNIt8IwKagp7ku","54.344793","-2.739798",,,,"Practi11530"
"1532","Practical Car & Van Rental","Practical Car & Van Rental","Lowes of Larne Ltd","SK8 6PT","contact@ntuk.co.uk",,"$2y$10$zYV/S.Gq.fP8mXPJm5fPzuazzHfGz3VA1rAglVnuNIt8IwKagp7ku","53.355559","-2.204394",,,,"Practi11531"
"1533","Practical Car & Van Rental","Practical Car & Van Rental","Direct Fencing Ltd","BT40 2SY","contact@ntuk.co.uk",,"$2y$10$zYV/S.Gq.fP8mXPJm5fPzuazzHfGz3VA1rAglVnuNIt8IwKagp7ku","54.8506341","-5.8457259",,,"9/1/2021 13:07:25","Practi11532"
"1534","Practical Car & Van Rental","Practical Car & Van Rental","Practical Car & Van Rental (Leicester) Limited","GL7 3BE","contact@ntuk.co.uk",,"$2y$10$zYV/S.Gq.fP8mXPJm5fPzuazzHfGz3VA1rAglVnuNIt8IwKagp7ku","51.69939","-1.690148",,,,"Practi11533"
"1535","Practical Car & Van Rental","Practical Car & Van Rental","Ace Car Hire Limited","LE3 2FN","contact@ntuk.co.uk",,"$2y$10$zYV/S.Gq.fP8mXPJm5fPzuazzHfGz3VA1rAglVnuNIt8IwKagp7ku","52.61106","-1.167564",,,,"Practi11534"
"1536","Practical Car & Van Rental","Practical Car & Van Rental","Sefton Hire Ltd","BN17 5JA","contact@ntuk.co.uk",,"$2y$10$zYV/S.Gq.fP8mXPJm5fPzuazzHfGz3VA1rAglVnuNIt8IwKagp7ku","50.808536","-0.539742",,,,"Practi11535"
"1537","Practical Car & Van Rental","Practical Car & Van Rental","Sefton Hire Ltd","L3 7HJ","contact@ntuk.co.uk",,"$2y$10$zYV/S.Gq.fP8mXPJm5fPzuazzHfGz3VA1rAglVnuNIt8IwKagp7ku","53.411008","-2.998632",,,,"Practi11536"
"1538","Practical Car & Van Rental","Practical Car & Van Rental","ULS UK Ltd","NW3 5EJ","contact@ntuk.co.uk",,"$2y$10$zYV/S.Gq.fP8mXPJm5fPzuazzHfGz3VA1rAglVnuNIt8IwKagp7ku","51.54218","-0.174464",,,,"Practi11537"
"1539","Practical Car & Van Rental","Practical Car & Van Rental","London City Car Hire Ltd","NW1 5BZ","contact@ntuk.co.uk",,"$2y$10$zYV/S.Gq.fP8mXPJm5fPzuazzHfGz3VA1rAglVnuNIt8IwKagp7ku","51.520357","-0.169355",,,,"Practi11538"
"1540","Practical Car & Van Rental","Practical Car & Van Rental","London City Car Hire Ltd","NW1 5RA","contact@ntuk.co.uk",,"$2y$10$zYV/S.Gq.fP8mXPJm5fPzuazzHfGz3VA1rAglVnuNIt8IwKagp7ku","51.518231","-0.166788",,,,"Practi11539"
"1541","Practical Car & Van Rental","Practical Car & Van Rental","Choudhurys Ventures Ltd","E1 4UJ","contact@ntuk.co.uk",,"$2y$10$zYV/S.Gq.fP8mXPJm5fPzuazzHfGz3VA1rAglVnuNIt8IwKagp7ku","51.52115","-0.050576",,,,"Practi11540"
"1542","Practical Car & Van Rental","Practical Car & Van Rental","Round Motor Trade Ltd","N16 5SA","contact@ntuk.co.uk",,"$2y$10$zYV/S.Gq.fP8mXPJm5fPzuazzHfGz3VA1rAglVnuNIt8IwKagp7ku","51.566415","-0.07542",,,,"Practi11541"
"1543","Practical Car & Van Rental","Practical Car & Van Rental","Nadc Group Ltd","NG10 2FE","contact@ntuk.co.uk",,"$2y$10$zYV/S.Gq.fP8mXPJm5fPzuazzHfGz3VA1rAglVnuNIt8IwKagp7ku","52.892614","-1.260403",,,,"Practi11542"
"1544","Practical Car & Van Rental","Practical Car & Van Rental","City Rentals Luton LTD","LU2 0HN","contact@ntuk.co.uk",,"$2y$10$zYV/S.Gq.fP8mXPJm5fPzuazzHfGz3VA1rAglVnuNIt8IwKagp7ku","51.883259","-0.411566",,,,"Practi11543"
"1545","Practical Car & Van Rental","Practical Car & Van Rental","SJS Vehicle Hire","BT46 5PS","contact@ntuk.co.uk",,"$2y$10$zYV/S.Gq.fP8mXPJm5fPzuazzHfGz3VA1rAglVnuNIt8IwKagp7ku","54.8786898","-6.6602951",,,"9/1/2021 13:07:25","Practi11544"
"1546","Practical Car & Van Rental","Practical Car & Van Rental","James Lang","SL6 1NJ","contact@ntuk.co.uk",,"$2y$10$zYV/S.Gq.fP8mXPJm5fPzuazzHfGz3VA1rAglVnuNIt8IwKagp7ku","51.521435","-0.720853",,,,"Practi11545"
"1547","Practical Car & Van Rental","Practical Car & Van Rental",".","SK8 6PT","contact@ntuk.co.uk",,"$2y$10$zYV/S.Gq.fP8mXPJm5fPzuazzHfGz3VA1rAglVnuNIt8IwKagp7ku","53.355559","-2.204394",,,,"Practi11546"
"1548","Practical Car & Van Rental","Practical Car & Van Rental","MYCARVANHIRE Ltd","M19 3BJ","contact@ntuk.co.uk",,"$2y$10$zYV/S.Gq.fP8mXPJm5fPzuazzHfGz3VA1rAglVnuNIt8IwKagp7ku","53.447485","-2.176258",,,,"Practi11547"
"1549","Practical Car & Van Rental","Practical Car & Van Rental","Kems Autos Ltd","M33 2AA","contact@ntuk.co.uk",,"$2y$10$zYV/S.Gq.fP8mXPJm5fPzuazzHfGz3VA1rAglVnuNIt8IwKagp7ku","53.427269","-2.316345",,,,"Practi11548"
"1550","Practical Car & Van Rental","Practical Car & Van Rental","KARDI VEHICLES LTD","DE4 2HX","contact@ntuk.co.uk",,"$2y$10$zYV/S.Gq.fP8mXPJm5fPzuazzHfGz3VA1rAglVnuNIt8IwKagp7ku","53.176379","-1.608807",,,,"Practi11549"
"1551","Practical Car & Van Rental","Practical Car & Van Rental","Redhill Car & Van Hire Ltd","MK14 5BU","contact@ntuk.co.uk",,"$2y$10$zYV/S.Gq.fP8mXPJm5fPzuazzHfGz3VA1rAglVnuNIt8IwKagp7ku","52.077734","-0.744472",,,,"Practi11550"
"1552","Practical Car & Van Rental","Practical Car & Van Rental","Gerry Mullin Auto Rentals Ltd","CH4 8SE","contact@ntuk.co.uk",,"$2y$10$zYV/S.Gq.fP8mXPJm5fPzuazzHfGz3VA1rAglVnuNIt8IwKagp7ku","53.179332","-2.921598",,,,"Practi11551"
"1554","Practical Car & Van Rental","Practical Car & Van Rental","Coombe Rentals Ltd","W91 Y77V","contact@ntuk.co.uk",,"$2y$10$zYV/S.Gq.fP8mXPJm5fPzuazzHfGz3VA1rAglVnuNIt8IwKagp7ku","53.2092619","-6.7062758",,,"9/1/2021 13:07:30","Practi11553"
"1555","Practical Car & Van Rental","Practical Car & Van Rental","New Milton Car & Van Rental Ltd","KT3 4RD","contact@ntuk.co.uk",,"$2y$10$zYV/S.Gq.fP8mXPJm5fPzuazzHfGz3VA1rAglVnuNIt8IwKagp7ku","51.407615","-0.258292",,,,"Practi11554"
"1556","Practical Car & Van Rental","Practical Car & Van Rental","DVS Autos Ltd","BH25 6JS","contact@ntuk.co.uk",,"$2y$10$zYV/S.Gq.fP8mXPJm5fPzuazzHfGz3VA1rAglVnuNIt8IwKagp7ku","50.755643","-1.657728",,,,"Practi11555"
"1558","Practical Car & Van Rental","Practical Car & Van Rental","Impact Accident Repair Centre Ltd","NP20 2TX","contact@ntuk.co.uk",,"$2y$10$zYV/S.Gq.fP8mXPJm5fPzuazzHfGz3VA1rAglVnuNIt8IwKagp7ku","51.575223","-2.984083",,,,"Practi11557"
"1559","Practical Car & Van Rental","Practical Car & Van Rental","Impact Accident Repair Centre Ltd","BT34 1QG","contact@ntuk.co.uk",,"$2y$10$zYV/S.Gq.fP8mXPJm5fPzuazzHfGz3VA1rAglVnuNIt8IwKagp7ku","54.204588","-6.3426066",,,"9/1/2021 13:07:30","Practi11558"
"1560","Practical Car & Van Rental","Practical Car & Van Rental","Tron Car Rental Ltd","HA4 0NU","contact@ntuk.co.uk",,"$2y$10$zYV/S.Gq.fP8mXPJm5fPzuazzHfGz3VA1rAglVnuNIt8IwKagp7ku","51.556303","-0.379287",,,,"Practi11559"
"1561","Practical Car & Van Rental","Practical Car & Van Rental","Nadc Group Ltd","NG10 2FE","contact@ntuk.co.uk",,"$2y$10$zYV/S.Gq.fP8mXPJm5fPzuazzHfGz3VA1rAglVnuNIt8IwKagp7ku","52.892614","-1.260403",,,,"Practi11560"
"1562","Practical Car & Van Rental","Practical Car & Van Rental","Windscreen Services Ltd","PA34 5PJ","contact@ntuk.co.uk",,"$2y$10$zYV/S.Gq.fP8mXPJm5fPzuazzHfGz3VA1rAglVnuNIt8IwKagp7ku","56.418441","-5.473794",,,,"Practi11561"
"1563","Practical Car & Van Rental","Practical Car & Van Rental","AA UK Solutions Ltd","OL1 4AP","contact@ntuk.co.uk",,"$2y$10$zYV/S.Gq.fP8mXPJm5fPzuazzHfGz3VA1rAglVnuNIt8IwKagp7ku","53.550219","-2.102941",,,,"Practi11562"
"1564","Practical Car & Van Rental","Practical Car & Van Rental","Mark Stokoe & Lisa Stokoe","RH8 9EE","contact@ntuk.co.uk",,"$2y$10$zYV/S.Gq.fP8mXPJm5fPzuazzHfGz3VA1rAglVnuNIt8IwKagp7ku","51.257624","-0.005648",,,,"Practi11563"
"1565","Practical Car & Van Rental","Practical Car & Van Rental","Go Rentals Ltd","NW106EU","contact@ntuk.co.uk",,"$2y$10$zYV/S.Gq.fP8mXPJm5fPzuazzHfGz3VA1rAglVnuNIt8IwKagp7ku","51.528504","-0.263385",,,,"Practi11564"
"1566","Practical Car & Van Rental","Practical Car & Van Rental","Ullswater Road Garage Ltd","CA11 7EH","contact@ntuk.co.uk",,"$2y$10$zYV/S.Gq.fP8mXPJm5fPzuazzHfGz3VA1rAglVnuNIt8IwKagp7ku","54.657675","-2.762322",,,,"Practi11565"
"1567","Practical Car & Van Rental","Practical Car & Van Rental","Auto Services Perth Ltd","PH1 3UF","contact@ntuk.co.uk",,"$2y$10$zYV/S.Gq.fP8mXPJm5fPzuazzHfGz3VA1rAglVnuNIt8IwKagp7ku","56.416011","-3.478646",,,,"Practi11566"
"1568","Practical Car & Van Rental","Practical Car & Van Rental","M Car Sales Ltd","PE4 6BX","contact@ntuk.co.uk",,"$2y$10$zYV/S.Gq.fP8mXPJm5fPzuazzHfGz3VA1rAglVnuNIt8IwKagp7ku","52.606808","-0.275402",,,,"Practi11567"
"1569","Practical Car & Van Rental","Practical Car & Van Rental","DVS Autos Ltd","AB42 2XX","contact@ntuk.co.uk",,"$2y$10$zYV/S.Gq.fP8mXPJm5fPzuazzHfGz3VA1rAglVnuNIt8IwKagp7ku","57.501248","-1.793313",,,,"Practi11568"
"1570","Practical Car & Van Rental","Practical Car & Van Rental","KPL Trading Limited","SR8 2LY","contact@ntuk.co.uk",,"$2y$10$zYV/S.Gq.fP8mXPJm5fPzuazzHfGz3VA1rAglVnuNIt8IwKagp7ku","54.758535","-1.368706",,,,"Practi11569"
"1571","Practical Car & Van Rental","Practical Car & Van Rental","KPL Trading Limited","PL4 0SB","contact@ntuk.co.uk",,"$2y$10$zYV/S.Gq.fP8mXPJm5fPzuazzHfGz3VA1rAglVnuNIt8IwKagp7ku","50.369009","-4.116935",,,,"Practi11570"
"1572","Practical Car & Van Rental","Practical Car & Van Rental","Downeys Autostop Ltd","PL7 5EU","contact@ntuk.co.uk",,"$2y$10$zYV/S.Gq.fP8mXPJm5fPzuazzHfGz3VA1rAglVnuNIt8IwKagp7ku","50.386264","-4.014461",,,,"Practi11571"
"1574","Practical Car & Van Rental","Practical Car & Van Rental","c2 Group Ltd T/A","PR1 1PE","contact@ntuk.co.uk",,"$2y$10$zYV/S.Gq.fP8mXPJm5fPzuazzHfGz3VA1rAglVnuNIt8IwKagp7ku","53.768313","-2.699764",,,,"Practi11573"
"1575","Practical Car & Van Rental","Practical Car & Van Rental","Jeakins Motor Ltd","RM13 8GJ","contact@ntuk.co.uk",,"$2y$10$zYV/S.Gq.fP8mXPJm5fPzuazzHfGz3VA1rAglVnuNIt8IwKagp7ku","51.52229","0.165846",,,,"Practi11574"
"1576","Practical Car & Van Rental","Practical Car & Van Rental","Five Rivers Motors Ltd","SS6 9RL","contact@ntuk.co.uk",,"$2y$10$zYV/S.Gq.fP8mXPJm5fPzuazzHfGz3VA1rAglVnuNIt8IwKagp7ku","51.600702","0.591537",,,,"Practi11575"
"1577","Practical Car & Van Rental","Practical Car & Van Rental","Five Rivers Motors Ltd","RG2 6UB","contact@ntuk.co.uk",,"$2y$10$zYV/S.Gq.fP8mXPJm5fPzuazzHfGz3VA1rAglVnuNIt8IwKagp7ku","51.425169","-0.98795",,,,"Practi11576"
"1578","Practical Car & Van Rental","Practical Car & Van Rental","DVS Auto's Ltd","TS10 5AT","contact@ntuk.co.uk",,"$2y$10$zYV/S.Gq.fP8mXPJm5fPzuazzHfGz3VA1rAglVnuNIt8IwKagp7ku","54.617482","-1.096824",,,,"Practi11577"
"1579","Practical Car & Van Rental","Practical Car & Van Rental","Sam Milbery Ltd","RH1 3DR","contact@ntuk.co.uk",,"$2y$10$zYV/S.Gq.fP8mXPJm5fPzuazzHfGz3VA1rAglVnuNIt8IwKagp7ku","51.257347","-0.156074",,,,"Practi11578"
"1580","Practical Car & Van Rental","Practical Car & Van Rental","SMVS NW Ltd","OL16 5RD","contact@ntuk.co.uk",,"$2y$10$zYV/S.Gq.fP8mXPJm5fPzuazzHfGz3VA1rAglVnuNIt8IwKagp7ku","53.607877","-2.147213",,,,"Practi11579"
"1581","Practical Car & Van Rental","Practical Car & Van Rental","Harrison Wright (Sussex) LLP","TN31 7TE","contact@ntuk.co.uk",,"$2y$10$zYV/S.Gq.fP8mXPJm5fPzuazzHfGz3VA1rAglVnuNIt8IwKagp7ku","50.942663","0.748335",,,,"Practi11580"
"1582","Practical Car & Van Rental","Practical Car & Van Rental","East Kent Rentals Ltd","CB11","contact@ntuk.co.uk",,"$2y$10$zYV/S.Gq.fP8mXPJm5fPzuazzHfGz3VA1rAglVnuNIt8IwKagp7ku","52.021636","0.249387",,,,"Practi11581"
"1583","Practical Car & Van Rental","Practical Car & Van Rental","1st Choice Hire Van & Car Ltd","ME10 2QB","contact@ntuk.co.uk",,"$2y$10$zYV/S.Gq.fP8mXPJm5fPzuazzHfGz3VA1rAglVnuNIt8IwKagp7ku","51.346932","0.736574",,,,"Practi11582"
"1584","Practical Car & Van Rental","Practical Car & Van Rental","Barrie Brears","S9 2AE","contact@ntuk.co.uk",,"$2y$10$zYV/S.Gq.fP8mXPJm5fPzuazzHfGz3VA1rAglVnuNIt8IwKagp7ku","53.398363","-1.427432",,,,"Practi11583"
"1585","Practical Car & Van Rental","Practical Car & Van Rental","SACS & Aviation Ltd","S8 7UG","contact@ntuk.co.uk",,"$2y$10$zYV/S.Gq.fP8mXPJm5fPzuazzHfGz3VA1rAglVnuNIt8IwKagp7ku","53.332853","-1.478554",,,,"Practi11584"
"1586","Practical Car & Van Rental","Practical Car & Van Rental","East Kent Rentals Ltd","EX10 0SQ","contact@ntuk.co.uk",,"$2y$10$zYV/S.Gq.fP8mXPJm5fPzuazzHfGz3VA1rAglVnuNIt8IwKagp7ku","50.721345","-3.218887",,,,"Practi11585"
"1587","Practical Car & Van Rental","Practical Car & Van Rental","Cavendish Auto Repairs Ltd","ME102QB","contact@ntuk.co.uk",,"$2y$10$zYV/S.Gq.fP8mXPJm5fPzuazzHfGz3VA1rAglVnuNIt8IwKagp7ku","51.346932","0.736574",,,,"Practi11586"
"1588","Practical Car & Van Rental","Practical Car & Van Rental","Pendle Garages","PE25 2QZ","contact@ntuk.co.uk",,"$2y$10$zYV/S.Gq.fP8mXPJm5fPzuazzHfGz3VA1rAglVnuNIt8IwKagp7ku","53.148784","0.338211",,,,"Practi11587"
"1589","Practical Car & Van Rental","Practical Car & Van Rental","DTS Practical LTD","BD23 1SN","contact@ntuk.co.uk",,"$2y$10$zYV/S.Gq.fP8mXPJm5fPzuazzHfGz3VA1rAglVnuNIt8IwKagp7ku","53.958854","-2.03302",,,,"Practi11588"
"1590","Practical Car & Van Rental","Practical Car & Van Rental","DTS Practical LTD","SL21HA","contact@ntuk.co.uk",,"$2y$10$zYV/S.Gq.fP8mXPJm5fPzuazzHfGz3VA1rAglVnuNIt8IwKagp7ku","51.528223","-0.616969",,,,"Practi11589"
"1591","Practical Car & Van Rental","Practical Car & Van Rental","Jeakins Motor Ltd","SS6 9RL","contact@ntuk.co.uk",,"$2y$10$zYV/S.Gq.fP8mXPJm5fPzuazzHfGz3VA1rAglVnuNIt8IwKagp7ku","51.600702","0.591537",,,,"Practi11590"
"1592","Practical Car & Van Rental","Practical Car & Van Rental","Auto Technics (NW) Ltd","PR9 0TX","contact@ntuk.co.uk",,"$2y$10$zYV/S.Gq.fP8mXPJm5fPzuazzHfGz3VA1rAglVnuNIt8IwKagp7ku","53.646027","-2.999806",,,,"Practi11591"
"1593","Practical Car & Van Rental","Practical Car & Van Rental","T/A DAYBREAK SERVICES LTD","TW3 4LG","contact@ntuk.co.uk",,"$2y$10$zYV/S.Gq.fP8mXPJm5fPzuazzHfGz3VA1rAglVnuNIt8IwKagp7ku","51.476154","-0.377954",,,,"Practi11592"
"1594","Practical Car & Van Rental","Practical Car & Van Rental","PCVR Northeast Ltd","TS18 3SB","contact@ntuk.co.uk",,"$2y$10$zYV/S.Gq.fP8mXPJm5fPzuazzHfGz3VA1rAglVnuNIt8IwKagp7ku","54.544911","-1.325787",,,,"Practi11593"
"1595","Practical Car & Van Rental","Practical Car & Van Rental","Taylor Commercials Ltd","IP14 3PY","contact@ntuk.co.uk",,"$2y$10$zYV/S.Gq.fP8mXPJm5fPzuazzHfGz3VA1rAglVnuNIt8IwKagp7ku","52.214005","0.964689",,,,"Practi11594"
"1596","Practical Car & Van Rental","Practical Car & Van Rental","Number One Car & Van Hire Ltd","SM6 7BJ","contact@ntuk.co.uk",,"$2y$10$zYV/S.Gq.fP8mXPJm5fPzuazzHfGz3VA1rAglVnuNIt8IwKagp7ku","51.378031","-0.153872",,,,"Practi11595"
"1597","Practical Car & Van Rental","Practical Car & Van Rental","Adam Asher Ltd","SN2 2QJ","contact@ntuk.co.uk",,"$2y$10$zYV/S.Gq.fP8mXPJm5fPzuazzHfGz3VA1rAglVnuNIt8IwKagp7ku","51.57628","-1.807409",,,,"Practi11596"
"1598","Practical Car & Van Rental","Practical Car & Van Rental","442 Motivation Ltd","CT6 5BU","contact@ntuk.co.uk",,"$2y$10$zYV/S.Gq.fP8mXPJm5fPzuazzHfGz3VA1rAglVnuNIt8IwKagp7ku","51.369375","1.126199",,,,"Practi11597"
"1599","Practical Car & Van Rental","Practical Car & Van Rental","Operated by C2Group Ltd","YO7 4EQ","contact@ntuk.co.uk",,"$2y$10$zYV/S.Gq.fP8mXPJm5fPzuazzHfGz3VA1rAglVnuNIt8IwKagp7ku","54.221144","-1.415224",,,,"Practi11598"
"1600","Practical Car & Van Rental","Practical Car & Van Rental","Sam Milberry Ltd","RM13 8GJ","contact@ntuk.co.uk",,"$2y$10$zYV/S.Gq.fP8mXPJm5fPzuazzHfGz3VA1rAglVnuNIt8IwKagp7ku","51.52229","0.165846",,,,"Practi11599"
"1601","Practical Car & Van Rental","Practical Car & Van Rental","Colin Evans","TN9 1PP","contact@ntuk.co.uk",,"$2y$10$zYV/S.Gq.fP8mXPJm5fPzuazzHfGz3VA1rAglVnuNIt8IwKagp7ku","51.197116","0.285038",,,,"Practi11600"
"1602","Practical Car & Van Rental","Practical Car & Van Rental","Colton Motors Ltd","MK181RT","contact@ntuk.co.uk",,"$2y$10$zYV/S.Gq.fP8mXPJm5fPzuazzHfGz3VA1rAglVnuNIt8IwKagp7ku","51.987795","-0.983038",,,,"Practi11601"
"1603","Practical Car & Van Rental","Practical Car & Van Rental","Hy Go Motor Company Ltd","R35EA29","contact@ntuk.co.uk",,"$2y$10$zYV/S.Gq.fP8mXPJm5fPzuazzHfGz3VA1rAglVnuNIt8IwKagp7ku","53.2782348","-7.4994774",,,"9/1/2021 13:07:31","Practi11602"
"1604","Practical Car & Van Rental","Practical Car & Van Rental","Sandeep Singh Phull","TN2 3DR","contact@ntuk.co.uk",,"$2y$10$zYV/S.Gq.fP8mXPJm5fPzuazzHfGz3VA1rAglVnuNIt8IwKagp7ku","51.152438","0.278969",,,,"Practi11603"
"1605","Practical Car & Van Rental","Practical Car & Van Rental","DVS Auto's Ltd","UB8 2GA","contact@ntuk.co.uk",,"$2y$10$zYV/S.Gq.fP8mXPJm5fPzuazzHfGz3VA1rAglVnuNIt8IwKagp7ku","51.538361","-0.49032",,,,"Practi11604"
"1606","Practical Car & Van Rental","Practical Car & Van Rental","DVS Auto's Ltd","NE38 8QD","contact@ntuk.co.uk",,"$2y$10$zYV/S.Gq.fP8mXPJm5fPzuazzHfGz3VA1rAglVnuNIt8IwKagp7ku","54.893619","-1.501507",,,,"Practi11605"
"1607","Practical Car & Van Rental","Practical Car & Van Rental","DMA Cars LTD","WD25 9QQ","contact@ntuk.co.uk",,"$2y$10$zYV/S.Gq.fP8mXPJm5fPzuazzHfGz3VA1rAglVnuNIt8IwKagp7ku","51.684821","-0.384105",,,,"Practi11606"
"1608","Practical Car & Van Rental","Practical Car & Van Rental","Recovery World Ltd","AL10 8BJ","contact@ntuk.co.uk",,"$2y$10$zYV/S.Gq.fP8mXPJm5fPzuazzHfGz3VA1rAglVnuNIt8IwKagp7ku","51.762379","-0.216952",,,,"Practi11607"
"1609","Practical Car & Van Rental","Practical Car & Van Rental","OPERATED BY PRACTICAL HARROW","HA1 2RZ","contact@ntuk.co.uk",,"$2y$10$zYV/S.Gq.fP8mXPJm5fPzuazzHfGz3VA1rAglVnuNIt8IwKagp7ku","51.587535","-0.330078",,,,"Practi11608"
"1610","Practical Car & Van Rental","Practical Car & Van Rental","ASL Vehicle Specialists","CT5 3QY","contact@ntuk.co.uk",,"$2y$10$zYV/S.Gq.fP8mXPJm5fPzuazzHfGz3VA1rAglVnuNIt8IwKagp7ku","51.356737","1.056066",,,,"Practi11609"
"1611","Practical Car & Van Rental","Practical Car & Van Rental","Fresh Supplies UK Ltd","SS6 9RL","contact@ntuk.co.uk",,"$2y$10$zYV/S.Gq.fP8mXPJm5fPzuazzHfGz3VA1rAglVnuNIt8IwKagp7ku","51.600702","0.591537",,,,"Practi11610"
"1612","Practical Car & Van Rental","Practical Car & Van Rental","James Lang","SK8 6PT","contact@ntuk.co.uk",,"$2y$10$zYV/S.Gq.fP8mXPJm5fPzuazzHfGz3VA1rAglVnuNIt8IwKagp7ku","53.355559","-2.204394",,,,"Practi11611"
"1613","Practical Car & Van Rental","Practical Car & Van Rental","Sefton Hire Ltd","SL4 1RU","contact@ntuk.co.uk",,"$2y$10$zYV/S.Gq.fP8mXPJm5fPzuazzHfGz3VA1rAglVnuNIt8IwKagp7ku","51.483026","-0.61671",,,,"Practi11612"
"1614","Practical Car & Van Rental","Practical Car & Van Rental","Operate By Direct Fencing Ltd","L3 7HJ","contact@ntuk.co.uk",,"$2y$10$zYV/S.Gq.fP8mXPJm5fPzuazzHfGz3VA1rAglVnuNIt8IwKagp7ku","53.411008","-2.998632",,,,"Practi11613"
"1615","Practical Car & Van Rental","Practical Car & Van Rental","Mark Chipling T/A Mayford Motors","GL7 3BE","contact@ntuk.co.uk",,"$2y$10$zYV/S.Gq.fP8mXPJm5fPzuazzHfGz3VA1rAglVnuNIt8IwKagp7ku","51.69939","-1.690148",,,,"Practi11614"
"1616","Practical Car & Van Rental","Practical Car & Van Rental","SML Vehicle Rental Ltd","GU22 0NQ","contact@ntuk.co.uk",,"$2y$10$zYV/S.Gq.fP8mXPJm5fPzuazzHfGz3VA1rAglVnuNIt8IwKagp7ku","51.297201","-0.57164",,,,"Practi11615"
"1617","Practical Car & Van Rental","Practical Car & Van Rental","Ian Tweedie","WR1 1NW","contact@ntuk.co.uk",,"$2y$10$zYV/S.Gq.fP8mXPJm5fPzuazzHfGz3VA1rAglVnuNIt8IwKagp7ku","52.197572","-2.215932",,,,"Practi11616"
"1618","Practical Car & Van Rental","Practical Car & Van Rental","442 York Ltd","LL13 0PF","contact@ntuk.co.uk",,"$2y$10$zYV/S.Gq.fP8mXPJm5fPzuazzHfGz3VA1rAglVnuNIt8IwKagp7ku","53.026938","-2.966715",,,,"Practi11617"
"1619","Practical Car & Van Rental","Practical Car & Van Rental","442 York Ltd","YO19 5LP","contact@ntuk.co.uk",,"$2y$10$zYV/S.Gq.fP8mXPJm5fPzuazzHfGz3VA1rAglVnuNIt8IwKagp7ku","53.955365","-0.975483",,,,"Practi11618"
"1620","Pramac-Generac UK","Pramac-Generac UK","Unit 4 Tunstall Arrow South","ST6 5GF","contact@ntuk.co.uk",,"$2y$10$zYV/S.Gq.fP8mXPJm5fPzuazzHfGz3VA1rAglVnuNIt8IwKagp7ku","53.068632","-2.211314",,,,"Pramac11619"
"1621","Premier Hire Centres Ltd","Premier Hire Centres Ltd","The Precinct","SA5 8BA","contact@ntuk.co.uk",,"$2y$10$zYV/S.Gq.fP8mXPJm5fPzuazzHfGz3VA1rAglVnuNIt8IwKagp7ku","51.636828","-3.953332",,,,"Premie11620"
"1622","Premier Hire North West Ltd","Premier Hire North West Ltd","Unit 1a Balmoral Trading Estate","SK6 2SR","contact@ntuk.co.uk",,"$2y$10$zYV/S.Gq.fP8mXPJm5fPzuazzHfGz3VA1rAglVnuNIt8IwKagp7ku","53.431058","-2.123362",,,,"Premie11621"
"1623","Premier Plant & Tool Hire","Premier Plant & Tool Hire","9 Ealing Road","LE2 7SZ","contact@ntuk.co.uk",,"$2y$10$zYV/S.Gq.fP8mXPJm5fPzuazzHfGz3VA1rAglVnuNIt8IwKagp7ku","52.615811","-1.134227",,,,"Premie11622"
"1624","Premier Plant Hire Limited","Premier Plant Hire Limited","Giant Arches 12-23","SE24 9HE","contact@ntuk.co.uk",,"$2y$10$zYV/S.Gq.fP8mXPJm5fPzuazzHfGz3VA1rAglVnuNIt8IwKagp7ku","51.449921","-0.09283",,,,"Premie11623"
"1625","Premier Tool Hire Ltd","Premier Tool Hire Ltd","Premier House","B25 8HA","contact@ntuk.co.uk",,"$2y$10$zYV/S.Gq.fP8mXPJm5fPzuazzHfGz3VA1rAglVnuNIt8IwKagp7ku","52.462222","-1.83105",,,,"Premie11624"
"1626","Principle Lifting and Safety Ltd","Principle Lifting and Safety Ltd","Unit 10, Block G","CF83 1BE","contact@ntuk.co.uk",,"$2y$10$zYV/S.Gq.fP8mXPJm5fPzuazzHfGz3VA1rAglVnuNIt8IwKagp7ku","51.571096","-3.239377",,,,"Princi11625"
"1627","Priority Plant","Priority Plant","24 North Street","LE13 1NL","contact@ntuk.co.uk",,"$2y$10$zYV/S.Gq.fP8mXPJm5fPzuazzHfGz3VA1rAglVnuNIt8IwKagp7ku","52.767938","-0.885337",,,,"Priori11626"
"1628","Pritchard Production Management Ltd","Pritchard Production Management Ltd","3 Melton Park","HU14 3RS","contact@ntuk.co.uk",,"$2y$10$zYV/S.Gq.fP8mXPJm5fPzuazzHfGz3VA1rAglVnuNIt8IwKagp7ku","53.722642","-0.5279",,,,"Pritch11627"
"1629","Probst Handling Equipment","Probst Handling Equipment","Unit 2","TF3 3DG","contact@ntuk.co.uk",,"$2y$10$zYV/S.Gq.fP8mXPJm5fPzuazzHfGz3VA1rAglVnuNIt8IwKagp7ku","52.672511","-2.424099",,,,"Probst11628"
"1630","Project Hire & Sales (Guernsey) Ltd","Project Hire & Sales (Guernsey) Ltd","PO Box 88","GY1 3EE","contact@ntuk.co.uk",,"$2y$10$zYV/S.Gq.fP8mXPJm5fPzuazzHfGz3VA1rAglVnuNIt8IwKagp7ku","49.460194","-2.5594702",,,"9/1/2021 13:07:31","Projec11629"
"1631","Pro-Lifting UK Ltd","Pro-Lifting UK Ltd","Connaught House","PE1 5XL","contact@ntuk.co.uk",,"$2y$10$zYV/S.Gq.fP8mXPJm5fPzuazzHfGz3VA1rAglVnuNIt8IwKagp7ku","52.577075","-0.214717",,,,"ProLif11630"
"1632","Protier Ltd","Protier Ltd","Atlas Works","LS28 6RG","contact@ntuk.co.uk",,"$2y$10$zYV/S.Gq.fP8mXPJm5fPzuazzHfGz3VA1rAglVnuNIt8IwKagp7ku","53.804459","-1.656027",,,,"Protie11631"
"1633","PRS Hire Services Ltd.","PRS Hire Services Ltd.","Unit 5 Ellesmere Business Park","NG5 1DX","contact@ntuk.co.uk",,"$2y$10$zYV/S.Gq.fP8mXPJm5fPzuazzHfGz3VA1rAglVnuNIt8IwKagp7ku","52.978335","-1.159766",,,,"PRSHir11632"
"1634","PSC Hire","PSC Hire","5 Sandy Court","PL7 5JX","contact@ntuk.co.uk",,"$2y$10$zYV/S.Gq.fP8mXPJm5fPzuazzHfGz3VA1rAglVnuNIt8IwKagp7ku","50.384728","-4.023131",,,,"PSCHir11633"
"1635","PSM Plant & Tool Hire Centres Ltd","PSM Plant & Tool Hire Centres Ltd","253-255 Blackfen Road","DA15 8PR","contact@ntuk.co.uk",,"$2y$10$zYV/S.Gq.fP8mXPJm5fPzuazzHfGz3VA1rAglVnuNIt8IwKagp7ku","51.451202","0.100561",,,,"PSMPla11634"
"1636","PSM Plant & Tool Hire Centres Ltd","PSM Plant & Tool Hire Centres Ltd","78 Blackfen Road","DA15 8SW","contact@ntuk.co.uk",,"$2y$10$zYV/S.Gq.fP8mXPJm5fPzuazzHfGz3VA1rAglVnuNIt8IwKagp7ku","51.451514","0.092156",,,,"PSMPla11635"
"1637","PSM Plant & Tool Hire Centres Ltd","PSM Plant & Tool Hire Centres Ltd","31A Pickford Lane","DA7 4QU","contact@ntuk.co.uk",,"$2y$10$zYV/S.Gq.fP8mXPJm5fPzuazzHfGz3VA1rAglVnuNIt8IwKagp7ku","51.465333","0.132769",,,,"PSMPla11636"
"1638","Pulse Hire Limited","Pulse Hire Limited","Unit 6, Suite 12","WF4 5RA","contact@ntuk.co.uk",,"$2y$10$zYV/S.Gq.fP8mXPJm5fPzuazzHfGz3VA1rAglVnuNIt8IwKagp7ku","53.666194","-1.540512",,,,"PulseH11637"
"1639","Pure Hire Ltd","Pure Hire Ltd","Corner House","CM6 3HS","contact@ntuk.co.uk",,"$2y$10$zYV/S.Gq.fP8mXPJm5fPzuazzHfGz3VA1rAglVnuNIt8IwKagp7ku","51.866295","0.405071",,,,"PureHi11638"
"1640","Purple Hire Solutions Ltd","Purple Hire Solutions Ltd","Brympton Way","BA20 2HP","contact@ntuk.co.uk",,"$2y$10$zYV/S.Gq.fP8mXPJm5fPzuazzHfGz3VA1rAglVnuNIt8IwKagp7ku","50.935105","-2.665248",,,,"Purple11639"
"1641","Purple Hire Solutions Ltd","Purple Hire Solutions Ltd","The Mound","BA6 9QA","contact@ntuk.co.uk",,"$2y$10$zYV/S.Gq.fP8mXPJm5fPzuazzHfGz3VA1rAglVnuNIt8IwKagp7ku","51.145763","-2.729387",,,,"Purple11640"
"1642","Purple Hire Solutions Ltd","Purple Hire Solutions Ltd","Unit 5 Wessex Court","BA9 9RQ","contact@ntuk.co.uk",,"$2y$10$zYV/S.Gq.fP8mXPJm5fPzuazzHfGz3VA1rAglVnuNIt8IwKagp7ku","51.052022","-2.419634",,,,"Purple11641"
"1643","Purple Hire Solutions Ltd","Purple Hire Solutions Ltd","62 Beeching Close","TA20 1BB","contact@ntuk.co.uk",,"$2y$10$zYV/S.Gq.fP8mXPJm5fPzuazzHfGz3VA1rAglVnuNIt8IwKagp7ku","50.882431","-2.951558",,,,"Purple11642"
"1644","Purple Hire Solutions Ltd","Purple Hire Solutions Ltd ","Searle Crescent","BS23 3XP","contact@ntuk.co.uk",,"$2y$10$zYV/S.Gq.fP8mXPJm5fPzuazzHfGz3VA1rAglVnuNIt8IwKagp7ku","51.340924","-2.960177",,,,"Purple11643"
"1645","PWR-ON Ltd","PWR-ON Ltd","37 Chesterblade Lane","RG12 0GQ","contact@ntuk.co.uk",,"$2y$10$zYV/S.Gq.fP8mXPJm5fPzuazzHfGz3VA1rAglVnuNIt8IwKagp7ku","51.393264","-0.735096",,,,"PWRONL11644"
"1646","Qualified Contractors Ltd","Qualified Contractors Ltd","Unit 19 Shedfield Equestrian Centre","SO32 2HN","contact@ntuk.co.uk",,"$2y$10$zYV/S.Gq.fP8mXPJm5fPzuazzHfGz3VA1rAglVnuNIt8IwKagp7ku","50.916428","-1.211468",,,,"Qualif11645"
"1647","Quill International Industries Plc","Quill International Industries Plc","Unit 1 Castle Lane","DE73 8JB","contact@ntuk.co.uk",,"$2y$10$zYV/S.Gq.fP8mXPJm5fPzuazzHfGz3VA1rAglVnuNIt8IwKagp7ku","52.824358","-1.42273",,,,"QuillI11646"
"1648","R & T Fabrications Ltd","R & T Fabrications Ltd","Unit 20 Vale Business Park","CF71 7PF","contact@ntuk.co.uk",,"$2y$10$zYV/S.Gq.fP8mXPJm5fPzuazzHfGz3VA1rAglVnuNIt8IwKagp7ku","51.440276","-3.497756",,,,"RTFabr11647"
"1649","R M Plant Limited","R M Plant Limited","Lower Rectory Farm","DE12 7AJ","contact@ntuk.co.uk",,"$2y$10$zYV/S.Gq.fP8mXPJm5fPzuazzHfGz3VA1rAglVnuNIt8IwKagp7ku","52.682042","-1.523803",,,,"RMPlan11648"
"1650","RAN Hire & Sales Ltd.","RAN Hire & Sales Ltd.","R A N House","CF62 7XX","contact@ntuk.co.uk",,"$2y$10$zYV/S.Gq.fP8mXPJm5fPzuazzHfGz3VA1rAglVnuNIt8IwKagp7ku","51.401386","-3.279924",,,,"RANHir11649"
"1651","Rapid Heat Systems Ltd","Rapid Heat Systems Ltd","Dragon Works","CH4 8RW","contact@ntuk.co.uk",,"$2y$10$zYV/S.Gq.fP8mXPJm5fPzuazzHfGz3VA1rAglVnuNIt8IwKagp7ku","53.178282","-2.935326",,,,"RapidH11650"
"1652","Rapid Hire Services Limited","Rapid Hire Services Limited","Swan Works","UB3 1ET","contact@ntuk.co.uk",,"$2y$10$zYV/S.Gq.fP8mXPJm5fPzuazzHfGz3VA1rAglVnuNIt8IwKagp7ku","51.506454","-0.441302",,,,"RapidH11651"
"1653","Rawstone Hire","Rawstone Hire","Ivy Mill Lane","RH9 8NS","contact@ntuk.co.uk",,"$2y$10$zYV/S.Gq.fP8mXPJm5fPzuazzHfGz3VA1rAglVnuNIt8IwKagp7ku","51.245445","-0.077559",,,,"Rawsto11652"
"1654","Rawstone Hire","Rawstone Hire","50 London Road","TN13 2DE","contact@ntuk.co.uk",,"$2y$10$zYV/S.Gq.fP8mXPJm5fPzuazzHfGz3VA1rAglVnuNIt8IwKagp7ku","51.285844","0.169273",,,,"Rawsto11653"
"1655","Raymac Hardware & Hire Ltd","Raymac Hardware & Hire Ltd","44 Monteith Road","BT32 5RD","contact@ntuk.co.uk",,"$2y$10$zYV/S.Gq.fP8mXPJm5fPzuazzHfGz3VA1rAglVnuNIt8IwKagp7ku","54.2908001","-6.1733547",,,"9/1/2021 13:07:32","Raymac11654"
"1656","Reactive Hire Limited","Reactive Hire Limited","The Leys Yard","LE12 5JB","contact@ntuk.co.uk",,"$2y$10$zYV/S.Gq.fP8mXPJm5fPzuazzHfGz3VA1rAglVnuNIt8IwKagp7ku","52.79187","-1.2536",,,,"Reacti11655"
"1657","Ready To Go Hire ","Ready To Go Hire ","Stapley House","CW5 7JW","contact@ntuk.co.uk",,"$2y$10$zYV/S.Gq.fP8mXPJm5fPzuazzHfGz3VA1rAglVnuNIt8IwKagp7ku","53.052029","-2.493474",,,,"ReadyT11656"
"1658","Readyplant Ltd","Readyplant Ltd","Unit 40","PR26 9RF","contact@ntuk.co.uk",,"$2y$10$zYV/S.Gq.fP8mXPJm5fPzuazzHfGz3VA1rAglVnuNIt8IwKagp7ku","53.665483","-2.780315",,,,"Readyp11657"
"1659","Recon Survey & Safety Ltd","Recon Survey & Safety Ltd","Unit G Westminster Industrial Estate","LN6 3QY","contact@ntuk.co.uk",,"$2y$10$zYV/S.Gq.fP8mXPJm5fPzuazzHfGz3VA1rAglVnuNIt8IwKagp7ku","53.198917","-0.595144",,,,"ReconS11658"
"1660","Red Survey Limited","Red Survey Limited","Park Street","BA7 7EJ","contact@ntuk.co.uk",,"$2y$10$zYV/S.Gq.fP8mXPJm5fPzuazzHfGz3VA1rAglVnuNIt8IwKagp7ku","51.086341","-2.517146",,,,"RedSur11659"
"1661","Red-D-Arc Limited","Red-D-Arc Limited","Unit 9","WA9 3JG","contact@ntuk.co.uk",,"$2y$10$zYV/S.Gq.fP8mXPJm5fPzuazzHfGz3VA1rAglVnuNIt8IwKagp7ku","53.434393","-2.702664",,,,"RedDAr11660"
"1662","Redline Building Supplies and Services LLP","Redline Building Supplies and Services LLP","Tillbridge Lane","LN1 2DS","contact@ntuk.co.uk",,"$2y$10$zYV/S.Gq.fP8mXPJm5fPzuazzHfGz3VA1rAglVnuNIt8IwKagp7ku","53.30588","-0.636614",,,,"Redlin11661"
"1663","Redpath Tool Hire Ltd.","Redpath Tool Hire Ltd.","Unit B","TD11 3HS","contact@ntuk.co.uk",,"$2y$10$zYV/S.Gq.fP8mXPJm5fPzuazzHfGz3VA1rAglVnuNIt8IwKagp7ku","55.770581","-2.338363",,,,"Redpat11662"
"1664","Rentool Ltd","Rentool Ltd","67/69 Nuffield Road","BH17 0RR","contact@ntuk.co.uk",,"$2y$10$zYV/S.Gq.fP8mXPJm5fPzuazzHfGz3VA1rAglVnuNIt8IwKagp7ku","50.744847","-1.97506",,,,"Rentoo11663"
"1665","Rentool Ltd","Rentool Ltd","Victory Close","SO53 4BU","contact@ntuk.co.uk",,"$2y$10$zYV/S.Gq.fP8mXPJm5fPzuazzHfGz3VA1rAglVnuNIt8IwKagp7ku","50.977435","-1.392531",,,,"Rentoo11664"
"1666","Restoration Express","Restoration Express","Valori House","GU34 2QE","contact@ntuk.co.uk",,"$2y$10$zYV/S.Gq.fP8mXPJm5fPzuazzHfGz3VA1rAglVnuNIt8IwKagp7ku","51.148341","-0.962576",,,,"Restor11665"
"1667","Rexel Site Supplies Ltd.","Rexel Site Supplies Ltd.","Eagle Court 2, Hatchford Brook","B26 3RZ","contact@ntuk.co.uk",,"$2y$10$zYV/S.Gq.fP8mXPJm5fPzuazzHfGz3VA1rAglVnuNIt8IwKagp7ku","52.451859","-1.76405",,,,"RexelS11666"
"1668","Rhino Plant Hire","Rhino Plant Hire","Place Farm Lane","CM15 0JA","contact@ntuk.co.uk",,"$2y$10$zYV/S.Gq.fP8mXPJm5fPzuazzHfGz3VA1rAglVnuNIt8IwKagp7ku","51.664595","0.287996",,,,"RhinoP11667"
"1669","Ridgeway Plant Co. Ltd.","Ridgeway Plant Co. Ltd.","103 Airport Road West","BT3 9ED","contact@ntuk.co.uk",,"$2y$10$zYV/S.Gq.fP8mXPJm5fPzuazzHfGz3VA1rAglVnuNIt8IwKagp7ku","54.6278106","-5.8735353",,,"9/1/2021 13:07:32","Ridgew11668"
"1670","Ritelift Ltd","Ritelift Ltd","Unit 1 Burgess Business Park","DA17 6AB","contact@ntuk.co.uk",,"$2y$10$zYV/S.Gq.fP8mXPJm5fPzuazzHfGz3VA1rAglVnuNIt8IwKagp7ku","51.49319","0.160908",,,,"Riteli11669"
"1671","RM Group Services Ltd","RM Group Services Ltd","113 Millfields Road","WV4 6JQ","contact@ntuk.co.uk",,"$2y$10$zYV/S.Gq.fP8mXPJm5fPzuazzHfGz3VA1rAglVnuNIt8IwKagp7ku","52.565185","-2.093591",,,,"RMGrou11670"
"1672","Rock Tool Hire","Rock Tool Hire","2 Rock Road","BT60 3NP","contact@ntuk.co.uk",,"$2y$10$zYV/S.Gq.fP8mXPJm5fPzuazzHfGz3VA1rAglVnuNIt8IwKagp7ku","54.3342784","-6.6635157",,,"9/1/2021 13:07:33","RockTo11671"
"1673","Rocket Rentals","Rocket Rentals","Area 51 Bristol Road","GL2 7DW","contact@ntuk.co.uk",,"$2y$10$zYV/S.Gq.fP8mXPJm5fPzuazzHfGz3VA1rAglVnuNIt8IwKagp7ku","51.718407","-2.376662",,,,"Rocket11672"
"1674","ROCKFORGE","ROCKFORGE","Unit 99","LU4 9GE","contact@ntuk.co.uk",,"$2y$10$zYV/S.Gq.fP8mXPJm5fPzuazzHfGz3VA1rAglVnuNIt8IwKagp7ku","51.899262","-0.463559",,,,"ROCKFO11673"
"1675","Roder UK Ltd","Roder UK Ltd","Unit 16 Earith Business Park","PE28 3QF","contact@ntuk.co.uk",,"$2y$10$zYV/S.Gq.fP8mXPJm5fPzuazzHfGz3VA1rAglVnuNIt8IwKagp7ku","52.361372","0.044725",,,,"RoderU11674"
"1676","Rozone","Rozone","Queen Street","WS10 8JF","contact@ntuk.co.uk",,"$2y$10$zYV/S.Gq.fP8mXPJm5fPzuazzHfGz3VA1rAglVnuNIt8IwKagp7ku","52.578172","-2.034562",,,,"Rozone11675"
"1677","RS Industrial Services Ltd","RS Industrial Services Ltd","2 Cassel Court","TS23 1RB","contact@ntuk.co.uk",,"$2y$10$zYV/S.Gq.fP8mXPJm5fPzuazzHfGz3VA1rAglVnuNIt8IwKagp7ku","54.580959","-1.273114",,,,"RSIndu11676"
"1678","Rycon Tool Hire Ltd.","Rycon Tool Hire Ltd.","Unit F","CF72 8LF","contact@ntuk.co.uk",,"$2y$10$zYV/S.Gq.fP8mXPJm5fPzuazzHfGz3VA1rAglVnuNIt8IwKagp7ku","51.554003","-3.381004",,,,"RyconT11677"
"1679","S J Moore t/a KBO Hire ","S J Moore t/a KBO Hire ","11 Circular Road","BT45 7PY","contact@ntuk.co.uk",,"$2y$10$zYV/S.Gq.fP8mXPJm5fPzuazzHfGz3VA1rAglVnuNIt8IwKagp7ku","54.6910378","-6.6661902",,,"9/1/2021 13:07:33","SJMoor11678"
"1680","Sam Hire","Sam Hire","Old Jail","A92 T268","contact@ntuk.co.uk",,"$2y$10$zYV/S.Gq.fP8mXPJm5fPzuazzHfGz3VA1rAglVnuNIt8IwKagp7ku","53.7192019","-6.3470687",,,"9/1/2021 13:07:34","SamHir11679"
"1682","Sam Hire","Sam Hire","Shortcastle Street","P51 T972","contact@ntuk.co.uk",,"$2y$10$zYV/S.Gq.fP8mXPJm5fPzuazzHfGz3VA1rAglVnuNIt8IwKagp7ku","52.1400298","-8.6482816",,,"9/1/2021 13:07:37","SamHir11681"
"1683","Sam Hire","Sam Hire","Newbridge Road","W91 XN7T","contact@ntuk.co.uk",,"$2y$10$zYV/S.Gq.fP8mXPJm5fPzuazzHfGz3VA1rAglVnuNIt8IwKagp7ku","53.2131476","-6.6806781",,,"9/1/2021 13:07:37","SamHir11682"
"1684","Sam Hire","Sam Hire ","Lanesboro Rd","F42 EK10","contact@ntuk.co.uk",,"$2y$10$zYV/S.Gq.fP8mXPJm5fPzuazzHfGz3VA1rAglVnuNIt8IwKagp7ku","53.6351292","-8.1797522",,,"9/1/2021 13:07:37","SamHir11683"
"1685","Sam Hire Ltd","Sam Hire Ltd","Merchants Yard","D03 H3V1","contact@ntuk.co.uk",,"$2y$10$zYV/S.Gq.fP8mXPJm5fPzuazzHfGz3VA1rAglVnuNIt8IwKagp7ku","53.3527536","-6.2271406",,,"9/1/2021 13:07:38","SamHir11684"
"1686","Sam Hire Ltd","Sam Hire Ltd","Heiton Buckley Complex","F23 AT10","contact@ntuk.co.uk",,"$2y$10$zYV/S.Gq.fP8mXPJm5fPzuazzHfGz3VA1rAglVnuNIt8IwKagp7ku","53.8561889","-9.2839556",,,"9/1/2021 13:07:38","SamHir11685"
"1688","Sam Hire Ltd","Sam Hire Ltd","Chadwicks Complex","H91 R264","contact@ntuk.co.uk",,"$2y$10$zYV/S.Gq.fP8mXPJm5fPzuazzHfGz3VA1rAglVnuNIt8IwKagp7ku","53.2836812","-9.0300435",,,"9/1/2021 13:07:39","SamHir11687"
"1689","Sam Hire Ltd","Sam Hire Ltd","Turvey Business Park","K36 WD90","contact@ntuk.co.uk",,"$2y$10$zYV/S.Gq.fP8mXPJm5fPzuazzHfGz3VA1rAglVnuNIt8IwKagp7ku","53.4931979","-6.193689",,,"9/1/2021 13:07:40","SamHir11688"
"1691","Sam Hire Ltd","Sam Hire Ltd","Cork Road","X91 NRP0","contact@ntuk.co.uk",,"$2y$10$zYV/S.Gq.fP8mXPJm5fPzuazzHfGz3VA1rAglVnuNIt8IwKagp7ku","52.2438602","-7.1555643",,,"9/1/2021 13:07:41","SamHir11690"
"1692","SamHire","SamHire","Chadwicks Complex","A98 HD32","contact@ntuk.co.uk",,"$2y$10$zYV/S.Gq.fP8mXPJm5fPzuazzHfGz3VA1rAglVnuNIt8IwKagp7ku","53.1881445","-6.1041914",,,"9/1/2021 13:07:45","SamHir11691"
"1693","Scotia Gas Networks","Scotia Gas Networks","6 Brunel Way","PO15 5TX","contact@ntuk.co.uk",,"$2y$10$zYV/S.Gq.fP8mXPJm5fPzuazzHfGz3VA1rAglVnuNIt8IwKagp7ku","50.866982","-1.244744",,,,"Scotia11692"
"1694","SDMO Energy Ltd","SDMO Energy Ltd","Unit 5","CW10 0HS","contact@ntuk.co.uk",,"$2y$10$zYV/S.Gq.fP8mXPJm5fPzuazzHfGz3VA1rAglVnuNIt8IwKagp7ku","53.193959","-2.435487",,,,"SDMOEn11693"
"1695","Seaward Group","Seaward Group","Bracken Hill","SR8 2SW","contact@ntuk.co.uk",,"$2y$10$zYV/S.Gq.fP8mXPJm5fPzuazzHfGz3VA1rAglVnuNIt8IwKagp7ku","54.756479","-1.36908",,,,"Seawar11694"
"1696","Seddon Construction","Seddon Construction","Plodder Lane","BL4 0NN","contact@ntuk.co.uk",,"$2y$10$zYV/S.Gq.fP8mXPJm5fPzuazzHfGz3VA1rAglVnuNIt8IwKagp7ku","53.54991","-2.450137",,,,"Seddon11695"
"1697","SGB","SGB","Lavenue Le Bas","JE2 7QN","contact@ntuk.co.uk",,"$2y$10$zYV/S.Gq.fP8mXPJm5fPzuazzHfGz3VA1rAglVnuNIt8IwKagp7ku","49.1892268","-2.0940713",,,"9/1/2021 13:07:45","SGB11696"
"1698","SGB","SGB","Alliance Court","JE2 7WF","contact@ntuk.co.uk",,"$2y$10$zYV/S.Gq.fP8mXPJm5fPzuazzHfGz3VA1rAglVnuNIt8IwKagp7ku","49.2113501","-2.0759077",,,"9/1/2021 13:07:46","SGB11697"
"1699","SGB (Channel Islands) Ltd","SGB (Channel Islands) Ltd","1 Half Way House","JE3 1LL","contact@ntuk.co.uk",,"$2y$10$zYV/S.Gq.fP8mXPJm5fPzuazzHfGz3VA1rAglVnuNIt8IwKagp7ku","49.2125757","-2.1476767",,,"9/1/2021 13:07:46","SGBCha11698"
"1700","SGB Hire","SGB Hire","Pitonnerie Road","GY1 2RG","contact@ntuk.co.uk",,"$2y$10$zYV/S.Gq.fP8mXPJm5fPzuazzHfGz3VA1rAglVnuNIt8IwKagp7ku","49.4616343","-2.5536356",,,"9/1/2021 13:07:47","SGBHir11699"
"1701","SGS Equipment Ltd","SGS Equipment Ltd","Unit 7","PO16 8SX","contact@ntuk.co.uk",,"$2y$10$zYV/S.Gq.fP8mXPJm5fPzuazzHfGz3VA1rAglVnuNIt8IwKagp7ku","50.860564","-1.170992",,,,"SGSEqu11700"
"1702","SHC Hire Centres","SHC Hire Centres","Unit 1 County Business Park","DL6 2NQ","contact@ntuk.co.uk",,"$2y$10$zYV/S.Gq.fP8mXPJm5fPzuazzHfGz3VA1rAglVnuNIt8IwKagp7ku","54.349091","-1.440394",,,,"SHCHir11701"
"1703","SHC Hire Centres","SHC Hire Centres","Unit B Camp Hill Close","HG4 1QY","contact@ntuk.co.uk",,"$2y$10$zYV/S.Gq.fP8mXPJm5fPzuazzHfGz3VA1rAglVnuNIt8IwKagp7ku","54.128688","-1.518365",,,,"SHCHir11702"
"1704","SHC Hire Centres","SHC Hire Centres","Riverside Business Park","LS29 8JZ","contact@ntuk.co.uk",,"$2y$10$zYV/S.Gq.fP8mXPJm5fPzuazzHfGz3VA1rAglVnuNIt8IwKagp7ku","53.928996","-1.810176",,,,"SHCHir11703"
"1705","Sheldon Hire Limited","Sheldon Hire Limited","771 Old Lode Lane","B92 8JE","contact@ntuk.co.uk",,"$2y$10$zYV/S.Gq.fP8mXPJm5fPzuazzHfGz3VA1rAglVnuNIt8IwKagp7ku","52.448525","-1.778737",,,,"Sheldo11704"
"1706","Shellon Engineering Limited T/A Enterprise Plant Services (EPS)","Shellon Engineering Limited T/A Enterprise Plant Services (EPS)","The Nook","HX6 3AJ","contact@ntuk.co.uk",,"$2y$10$zYV/S.Gq.fP8mXPJm5fPzuazzHfGz3VA1rAglVnuNIt8IwKagp7ku","53.707319","-1.913416",,,,"Shello11705"
"1707","Shire Toilet Hire Ltd","Shire Toilet Hire Ltd","Fen Farm","PE22 8DR","contact@ntuk.co.uk",,"$2y$10$zYV/S.Gq.fP8mXPJm5fPzuazzHfGz3VA1rAglVnuNIt8IwKagp7ku","53.103519","0.027186",,,,"ShireT11706"
"1708","Shorts Service Ltd","Shorts Service Ltd","London Court","RG12 2UT","contact@ntuk.co.uk",,"$2y$10$zYV/S.Gq.fP8mXPJm5fPzuazzHfGz3VA1rAglVnuNIt8IwKagp7ku","51.416231","-0.740186",,,,"Shorts11707"
"1709","Sibbons Ltd.","Sibbons Ltd.","Keelars Tye","CO7 7EP","contact@ntuk.co.uk",,"$2y$10$zYV/S.Gq.fP8mXPJm5fPzuazzHfGz3VA1rAglVnuNIt8IwKagp7ku","51.869481","0.980335",,,,"Sibbon11708"
"1710","Site Showers Ltd","Site Showers Ltd","Lydd Yard","TN25 7AL","contact@ntuk.co.uk",,"$2y$10$zYV/S.Gq.fP8mXPJm5fPzuazzHfGz3VA1rAglVnuNIt8IwKagp7ku","51.088683","0.927709",,,,"SiteSh11709"
"1711","Skidsteer Hire Solutions","Skidsteer Hire Solutions","Old House Farm","NP25 4RN","contact@ntuk.co.uk",,"$2y$10$zYV/S.Gq.fP8mXPJm5fPzuazzHfGz3VA1rAglVnuNIt8IwKagp7ku","51.768928","-2.718262",,,,"Skidst11710"
"1712","Skipton Hire Centres Limited t/a SHC Hire Centres","Skipton Hire Centres Limited t/a SHC Hire Centres","Craven House","BD23 2DE","contact@ntuk.co.uk",,"$2y$10$zYV/S.Gq.fP8mXPJm5fPzuazzHfGz3VA1rAglVnuNIt8IwKagp7ku","53.956924","-2.026267",,,,"Skipto11711"
"1713","Sling & Tackle (Milton Keynes) Ltd","Sling & Tackle (Milton Keynes) Ltd","Third Avenue","MK1 1DR","contact@ntuk.co.uk",,"$2y$10$zYV/S.Gq.fP8mXPJm5fPzuazzHfGz3VA1rAglVnuNIt8IwKagp7ku","52.003788","-0.734101",,,,"SlingT11712"
"1714","Smiths Hire","Smiths Hire","Unit 1A-1B, Bank Top","BB2 1TR","contact@ntuk.co.uk",,"$2y$10$zYV/S.Gq.fP8mXPJm5fPzuazzHfGz3VA1rAglVnuNIt8IwKagp7ku","53.743991","-2.498365",,,,"Smiths11713"
"1715","Smiths Hire","Smiths Hire","5-9 Bury New Road","BL1 1UH","contact@ntuk.co.uk",,"$2y$10$zYV/S.Gq.fP8mXPJm5fPzuazzHfGz3VA1rAglVnuNIt8IwKagp7ku","53.581507","-2.422183",,,,"Smiths11714"
"1716","Smiths Hire","Smiths Hire","The Old Tramsheds","FY3 9JW","contact@ntuk.co.uk",,"$2y$10$zYV/S.Gq.fP8mXPJm5fPzuazzHfGz3VA1rAglVnuNIt8IwKagp7ku","53.806628","-3.02906",,,,"Smiths11715"
"1717","Smiths Hire","Smiths Hire","Dehavilland House","FY4 2DP","contact@ntuk.co.uk",,"$2y$10$zYV/S.Gq.fP8mXPJm5fPzuazzHfGz3VA1rAglVnuNIt8IwKagp7ku","53.777216","-3.034517",,,,"Smiths11716"
"1718","Smiths Hire","Smiths Hire","Clifton Road","FY4 4QA","contact@ntuk.co.uk",,"$2y$10$zYV/S.Gq.fP8mXPJm5fPzuazzHfGz3VA1rAglVnuNIt8IwKagp7ku","53.798943","-3.006918",,,,"Smiths11717"
"1719","Smiths Hire","Smiths Hire","245 Fleetwood Road","FY5 1NJ","contact@ntuk.co.uk",,"$2y$10$zYV/S.Gq.fP8mXPJm5fPzuazzHfGz3VA1rAglVnuNIt8IwKagp7ku","53.867936","-3.038671",,,,"Smiths11718"
"1720","Smiths Hire","Smiths Hire","Sefton Road","FY8 1XF","contact@ntuk.co.uk",,"$2y$10$zYV/S.Gq.fP8mXPJm5fPzuazzHfGz3VA1rAglVnuNIt8IwKagp7ku","53.754704","-3.023619",,,,"Smiths11719"
"1721","Smiths Hire","Smiths Hire","5 Wood Street","M11 2FB","contact@ntuk.co.uk",,"$2y$10$zYV/S.Gq.fP8mXPJm5fPzuazzHfGz3VA1rAglVnuNIt8IwKagp7ku","53.474574","-2.183723",,,,"Smiths11720"
"1722","Smiths Hire","Smiths Hire","200 North Road","PR1 1YP","contact@ntuk.co.uk",,"$2y$10$zYV/S.Gq.fP8mXPJm5fPzuazzHfGz3VA1rAglVnuNIt8IwKagp7ku","53.764258","-2.698483",,,,"Smiths11721"
"1723","Smiths Hire","Smiths Hire","59 Ribby Road","PR4 2BB","contact@ntuk.co.uk",,"$2y$10$zYV/S.Gq.fP8mXPJm5fPzuazzHfGz3VA1rAglVnuNIt8IwKagp7ku","53.780984","-2.881405",,,,"Smiths11722"
"1724","Smiths Hire","Smiths Hire","Unit 19 Taurus Park","WA5 7ZT","contact@ntuk.co.uk",,"$2y$10$zYV/S.Gq.fP8mXPJm5fPzuazzHfGz3VA1rAglVnuNIt8IwKagp7ku","53.418849","-2.623819",,,,"Smiths11723"
"1725","Snorkel UK","Snorkel UK","Vigo Centre","NE38 9DA","contact@ntuk.co.uk",,"$2y$10$zYV/S.Gq.fP8mXPJm5fPzuazzHfGz3VA1rAglVnuNIt8IwKagp7ku","54.883845","-1.555747",,,,"Snorke11724"
"1726","South West Hire and Sales","South West Hire and Sales","Grace Road Central","EX2 8QA","contact@ntuk.co.uk",,"$2y$10$zYV/S.Gq.fP8mXPJm5fPzuazzHfGz3VA1rAglVnuNIt8IwKagp7ku","50.70545","-3.524843",,,,"SouthW11725"
"1727","South West Hire and Sales","South West Hire and Sales","Unit 2 Stonehouse Street","PL1 3PE","contact@ntuk.co.uk",,"$2y$10$zYV/S.Gq.fP8mXPJm5fPzuazzHfGz3VA1rAglVnuNIt8IwKagp7ku","50.368457","-4.160139",,,,"SouthW11726"
"1728","South West Hire and Sales","South West Hire and Sales","Unit 8","TQ2 7BD","contact@ntuk.co.uk",,"$2y$10$zYV/S.Gq.fP8mXPJm5fPzuazzHfGz3VA1rAglVnuNIt8IwKagp7ku","50.481849","-3.547009",,,,"SouthW11727"
"1729","South West Hire and Sales","South West Hire and Sales","Unit 7","TR7 2SX","contact@ntuk.co.uk",,"$2y$10$zYV/S.Gq.fP8mXPJm5fPzuazzHfGz3VA1rAglVnuNIt8IwKagp7ku","50.404813","-5.061982",,,,"SouthW11728"
"1730","South West Tool Hire Company Limited","South West Tool Hire Company Limited","Vale Lane","BS3 5RU","contact@ntuk.co.uk",,"$2y$10$zYV/S.Gq.fP8mXPJm5fPzuazzHfGz3VA1rAglVnuNIt8IwKagp7ku","51.427675","-2.605207",,,,"SouthW11729"
"1731","Southern Plant & Tool Hire Ltd.","Southern Plant & Tool Hire Ltd.","Unit 10 Centenary Business Park","RG9 1DS","contact@ntuk.co.uk",,"$2y$10$zYV/S.Gq.fP8mXPJm5fPzuazzHfGz3VA1rAglVnuNIt8IwKagp7ku","51.532143","-0.897969",,,,"Southe11730"
"1732","Southern Tower Services Ltd t/a STS Ltd.","Southern Tower Services Ltd t/a STS Ltd.","Unit 3, Field Barn Farm","RG7 5LT","contact@ntuk.co.uk",,"$2y$10$zYV/S.Gq.fP8mXPJm5fPzuazzHfGz3VA1rAglVnuNIt8IwKagp7ku","51.413313","-1.13455",,,,"Southe11731"
"1733","SPE International Ltd","SPE International Ltd","Honeyholes Lane","LN2 3SU","contact@ntuk.co.uk",,"$2y$10$zYV/S.Gq.fP8mXPJm5fPzuazzHfGz3VA1rAglVnuNIt8IwKagp7ku","53.299512","-0.480832",,,,"SPEInt11732"
"1734","Speedy Services","Speedy Services","ABERDEEN SUPERSTORE"," AB25 3LH","contact@ntuk.co.uk",,"$2y$10$zYV/S.Gq.fP8mXPJm5fPzuazzHfGz3VA1rAglVnuNIt8IwKagp7ku","57.152425","-2.10927",,,,"Speedy11733"
"1735","Speedy Services","Speedy Services","PETERHEAD"," AB42 1UD","contact@ntuk.co.uk",,"$2y$10$zYV/S.Gq.fP8mXPJm5fPzuazzHfGz3VA1rAglVnuNIt8IwKagp7ku","57.510684","-1.779957",,,,"Speedy11734"
"1736","Speedy Services","Speedy Services","ST ALBANS"," AL1 1XB","contact@ntuk.co.uk",,"$2y$10$zYV/S.Gq.fP8mXPJm5fPzuazzHfGz3VA1rAglVnuNIt8IwKagp7ku","51.735008","-0.317668",,,,"Speedy11735"
"1737","Speedy Services","Speedy Services","BIRMINGHAM SUPERSTORE"," B19 3QN","contact@ntuk.co.uk",,"$2y$10$zYV/S.Gq.fP8mXPJm5fPzuazzHfGz3VA1rAglVnuNIt8IwKagp7ku","52.489217","-1.901004",,,,"Speedy11736"
"1738","Speedy Services","Speedy Services","BIRMINGHAM STIRCHLEY"," B30 2PF","contact@ntuk.co.uk",,"$2y$10$zYV/S.Gq.fP8mXPJm5fPzuazzHfGz3VA1rAglVnuNIt8IwKagp7ku","52.426407","-1.917513",,,,"Speedy11737"
"1739","Speedy Services","Speedy Services","BIRMINGHAM NEC AIRPORT"," B37 7HE","contact@ntuk.co.uk",,"$2y$10$zYV/S.Gq.fP8mXPJm5fPzuazzHfGz3VA1rAglVnuNIt8IwKagp7ku","52.45641","-1.731488",,,,"Speedy11738"
"1740","Speedy Services","Speedy Services","BIRMINGHAM PLANT"," B6 4JB","contact@ntuk.co.uk",,"$2y$10$zYV/S.Gq.fP8mXPJm5fPzuazzHfGz3VA1rAglVnuNIt8IwKagp7ku","52.490531","-1.893196",,,,"Speedy11739"
"1741","Speedy Services","Speedy Services","NATIONAL DISTRIBUTION CENTRE"," B77 5PN","contact@ntuk.co.uk",,"$2y$10$zYV/S.Gq.fP8mXPJm5fPzuazzHfGz3VA1rAglVnuNIt8IwKagp7ku","52.603103","-1.650446",,,,"Speedy11740"
"1742","Speedy Services","Speedy Services","PLATFORM SALES & HIRE TAMWORTH - POWERED ACCESS HIRE ONLY"," B77 5PN","contact@ntuk.co.uk",,"$2y$10$zYV/S.Gq.fP8mXPJm5fPzuazzHfGz3VA1rAglVnuNIt8IwKagp7ku","52.603103","-1.650446",,,,"Speedy11741"
"1743","Speedy Services","Speedy Services","REDDITCH"," B98 7SE","contact@ntuk.co.uk",,"$2y$10$zYV/S.Gq.fP8mXPJm5fPzuazzHfGz3VA1rAglVnuNIt8IwKagp7ku","52.289556","-1.912958",,,,"Speedy11742"
"1744","Speedy Services","Speedy Services","YEOVIL"," BA22 8RU","contact@ntuk.co.uk",,"$2y$10$zYV/S.Gq.fP8mXPJm5fPzuazzHfGz3VA1rAglVnuNIt8IwKagp7ku","50.946602","-2.673853",,,,"Speedy11743"
"1745","Speedy Services","Speedy Services","BLACKBURN"," BB1 5EL","contact@ntuk.co.uk",,"$2y$10$zYV/S.Gq.fP8mXPJm5fPzuazzHfGz3VA1rAglVnuNIt8IwKagp7ku","53.751935","-2.469827",,,,"Speedy11744"
"1746","Speedy Services","Speedy Services","BRADFORD"," BD4 8SL","contact@ntuk.co.uk",,"$2y$10$zYV/S.Gq.fP8mXPJm5fPzuazzHfGz3VA1rAglVnuNIt8IwKagp7ku","53.787788","-1.738839",,,,"Speedy11745"
"1747","Speedy Services","Speedy Services","POOLE"," BH17 0UG","contact@ntuk.co.uk",,"$2y$10$zYV/S.Gq.fP8mXPJm5fPzuazzHfGz3VA1rAglVnuNIt8IwKagp7ku","50.744217","-1.973189",,,,"Speedy11746"
"1748","Speedy Services","Speedy Services","PROLIFT ACCESS RINGWOOD - POWERED ACCESS HIRE ONLY"," BH24 1SF","contact@ntuk.co.uk",,"$2y$10$zYV/S.Gq.fP8mXPJm5fPzuazzHfGz3VA1rAglVnuNIt8IwKagp7ku","50.84094","-1.777711",,,,"Speedy11747"
"1749","Speedy Services","Speedy Services","BOLTON"," BL3 6BS","contact@ntuk.co.uk",,"$2y$10$zYV/S.Gq.fP8mXPJm5fPzuazzHfGz3VA1rAglVnuNIt8IwKagp7ku","53.571381","-2.428636",,,,"Speedy11748"
"1750","Speedy Services","Speedy Services","BRIGHTON SUPERSTORE"," BN3 7BA","contact@ntuk.co.uk",,"$2y$10$zYV/S.Gq.fP8mXPJm5fPzuazzHfGz3VA1rAglVnuNIt8IwKagp7ku","50.837353","-0.174595",,,,"Speedy11749"
"1751","Speedy Services","Speedy Services","PROLIFT ACCESS BRISTOL - POWERED ACCESS HIRE ONLY"," BS2 0PD","contact@ntuk.co.uk",,"$2y$10$zYV/S.Gq.fP8mXPJm5fPzuazzHfGz3VA1rAglVnuNIt8IwKagp7ku","51.446605","-2.572592",,,,"Speedy11750"
"1752","Speedy Services","Speedy Services","BRISTOL SUPERSTORE"," BS4 3QL","contact@ntuk.co.uk",,"$2y$10$zYV/S.Gq.fP8mXPJm5fPzuazzHfGz3VA1rAglVnuNIt8IwKagp7ku","51.446583","-2.556576",,,,"Speedy11751"
"1753","Speedy Services","Speedy Services","BELFAST SUPERSTORE"," BT3 9BS","contact@ntuk.co.uk",,"$2y$10$zYV/S.Gq.fP8mXPJm5fPzuazzHfGz3VA1rAglVnuNIt8IwKagp7ku","54.62409","-5.916078",,,,"Speedy11752"
"1754","Speedy Services","Speedy Services","CARLISLE"," CA2 7AF","contact@ntuk.co.uk",,"$2y$10$zYV/S.Gq.fP8mXPJm5fPzuazzHfGz3VA1rAglVnuNIt8IwKagp7ku","54.896783","-2.95245",,,,"Speedy11753"
"1755","Speedy Services","Speedy Services","LLOYDS BRITISH WHITEHAVEN (NON HIRE LOCATION)"," CA22 2RD","contact@ntuk.co.uk",,"$2y$10$zYV/S.Gq.fP8mXPJm5fPzuazzHfGz3VA1rAglVnuNIt8IwKagp7ku","54.477267","-3.525086",,,,"Speedy11754"
"1756","Speedy Services","Speedy Services","WHITEHAVEN"," CA28 8PF","contact@ntuk.co.uk",,"$2y$10$zYV/S.Gq.fP8mXPJm5fPzuazzHfGz3VA1rAglVnuNIt8IwKagp7ku","54.53155","-3.561295",,,,"Speedy11755"
"1757","Speedy Services","Speedy Services","CAMBRIDGE SUPERSTORE"," CB4 0DN","contact@ntuk.co.uk",,"$2y$10$zYV/S.Gq.fP8mXPJm5fPzuazzHfGz3VA1rAglVnuNIt8IwKagp7ku","52.230938","0.158397",,,,"Speedy11756"
"1758","Speedy Services","Speedy Services","CARDIFF SUPERSTORE"," CF24 5HB","contact@ntuk.co.uk",,"$2y$10$zYV/S.Gq.fP8mXPJm5fPzuazzHfGz3VA1rAglVnuNIt8IwKagp7ku","51.476409","-3.148627",,,,"Speedy11757"
"1759","Speedy Services","Speedy Services","MERTHYR TYDFIL"," CF48 1YA","contact@ntuk.co.uk",,"$2y$10$zYV/S.Gq.fP8mXPJm5fPzuazzHfGz3VA1rAglVnuNIt8IwKagp7ku","51.734432","-3.369627",,,,"Speedy11758"
"1760","Speedy Services","Speedy Services","CAERPHILLY"," CF83 3FD","contact@ntuk.co.uk",,"$2y$10$zYV/S.Gq.fP8mXPJm5fPzuazzHfGz3VA1rAglVnuNIt8IwKagp7ku","51.578924","-3.220021",,,,"Speedy11759"
"1761","Speedy Services","Speedy Services","CHESTER"," CH1 4LT","contact@ntuk.co.uk",,"$2y$10$zYV/S.Gq.fP8mXPJm5fPzuazzHfGz3VA1rAglVnuNIt8IwKagp7ku","53.192425","-2.916326",,,,"Speedy11760"
"1762","Speedy Services","Speedy Services","ELLESMERE PORT LIFTING"," CH65 3AN","contact@ntuk.co.uk",,"$2y$10$zYV/S.Gq.fP8mXPJm5fPzuazzHfGz3VA1rAglVnuNIt8IwKagp7ku","53.287551","-2.911236",,,,"Speedy11761"
"1763","Speedy Services","Speedy Services","STANSTED"," CM23 2TU","contact@ntuk.co.uk",,"$2y$10$zYV/S.Gq.fP8mXPJm5fPzuazzHfGz3VA1rAglVnuNIt8IwKagp7ku","51.884118","0.172663",,,,"Speedy11762"
"1764","Speedy Services","Speedy Services","ESSEX SUPERSTORE"," CM8 3YQ","contact@ntuk.co.uk",,"$2y$10$zYV/S.Gq.fP8mXPJm5fPzuazzHfGz3VA1rAglVnuNIt8IwKagp7ku","51.809444","0.651259",,,,"Speedy11763"
"1765","Speedy Services","Speedy Services","COLCHESTER"," CO2 8HF","contact@ntuk.co.uk",,"$2y$10$zYV/S.Gq.fP8mXPJm5fPzuazzHfGz3VA1rAglVnuNIt8IwKagp7ku","51.872079","0.928114",,,,"Speedy11764"
"1766","Speedy Services","Speedy Services","CROYDON SUPERSTORE"," CR0 4XY","contact@ntuk.co.uk",,"$2y$10$zYV/S.Gq.fP8mXPJm5fPzuazzHfGz3VA1rAglVnuNIt8IwKagp7ku","51.38141","-0.130442",,,,"Speedy11765"
"1767","Speedy Services","Speedy Services","CANTERBURY"," CT1 3RJ","contact@ntuk.co.uk",,"$2y$10$zYV/S.Gq.fP8mXPJm5fPzuazzHfGz3VA1rAglVnuNIt8IwKagp7ku","51.273843","1.069459",,,,"Speedy11766"
"1768","Speedy Services","Speedy Services","COVENTRY SUPERSTORE"," CV6 4BL","contact@ntuk.co.uk",,"$2y$10$zYV/S.Gq.fP8mXPJm5fPzuazzHfGz3VA1rAglVnuNIt8IwKagp7ku","52.437592","-1.509363",,,,"Speedy11767"
"1769","Speedy Services","Speedy Services","CREWE RAIL HIRE UK"," CW1 6FA","contact@ntuk.co.uk",,"$2y$10$zYV/S.Gq.fP8mXPJm5fPzuazzHfGz3VA1rAglVnuNIt8IwKagp7ku","53.08806","-2.417574",,,,"Speedy11768"
"1770","Speedy Services","Speedy Services","NORTHWICH"," CW9 7DN","contact@ntuk.co.uk",,"$2y$10$zYV/S.Gq.fP8mXPJm5fPzuazzHfGz3VA1rAglVnuNIt8IwKagp7ku","53.25732","-2.486961",,,,"Speedy11769"
"1772","Speedy Services","Speedy Services","DUBLIN SOUTH"," D12 FH5C","contact@ntuk.co.uk",,"$2y$10$zYV/S.Gq.fP8mXPJm5fPzuazzHfGz3VA1rAglVnuNIt8IwKagp7ku","53.322324","-6.3420432",,,"9/1/2021 13:07:48","Speedy11771"
"1773","Speedy Services","Speedy Services","PLATFORM SALES & HIRE ERITH - POWERED ACCESS HIRE ONLY"," DA8 2AN","contact@ntuk.co.uk",,"$2y$10$zYV/S.Gq.fP8mXPJm5fPzuazzHfGz3VA1rAglVnuNIt8IwKagp7ku","51.475995","0.192915",,,,"Speedy11772"
"1774","Speedy Services","Speedy Services","ERITH SUPERSTORE SURVEY"," DA8 2AN","contact@ntuk.co.uk",,"$2y$10$zYV/S.Gq.fP8mXPJm5fPzuazzHfGz3VA1rAglVnuNIt8IwKagp7ku","51.475995","0.192915",,,,"Speedy11773"
"1775","Speedy Services","Speedy Services","ERITH SUPERSTORE TOOLS"," DA8 2AN","contact@ntuk.co.uk",,"$2y$10$zYV/S.Gq.fP8mXPJm5fPzuazzHfGz3VA1rAglVnuNIt8IwKagp7ku","51.475995","0.192915",,,,"Speedy11774"
"1776","Speedy Services","Speedy Services","LLOYDS BRITISH LONDON"," DA8 2AN","contact@ntuk.co.uk",,"$2y$10$zYV/S.Gq.fP8mXPJm5fPzuazzHfGz3VA1rAglVnuNIt8IwKagp7ku","51.475995","0.192915",,,,"Speedy11775"
"1777","Speedy Services","Speedy Services","LONDON FENCING"," DA8 2AN","contact@ntuk.co.uk",,"$2y$10$zYV/S.Gq.fP8mXPJm5fPzuazzHfGz3VA1rAglVnuNIt8IwKagp7ku","51.475995","0.192915",,,,"Speedy11776"
"1778","Speedy Services","Speedy Services","LONDON MSC"," DA8 2AN","contact@ntuk.co.uk",,"$2y$10$zYV/S.Gq.fP8mXPJm5fPzuazzHfGz3VA1rAglVnuNIt8IwKagp7ku","51.475995","0.192915",,,,"Speedy11777"
"1779","Speedy Services","Speedy Services","LONDON RAIL"," DA8 2AN","contact@ntuk.co.uk",,"$2y$10$zYV/S.Gq.fP8mXPJm5fPzuazzHfGz3VA1rAglVnuNIt8IwKagp7ku","51.475995","0.192915",,,,"Speedy11778"
"1780","Speedy Services","Speedy Services","DUNDEE"," DD1 3JX","contact@ntuk.co.uk",,"$2y$10$zYV/S.Gq.fP8mXPJm5fPzuazzHfGz3VA1rAglVnuNIt8IwKagp7ku","56.465442","-2.951438",,,,"Speedy11779"
"1781","Speedy Services","Speedy Services","BURTON UPON TRENT"," DE14 1PT","contact@ntuk.co.uk",,"$2y$10$zYV/S.Gq.fP8mXPJm5fPzuazzHfGz3VA1rAglVnuNIt8IwKagp7ku","52.811453","-1.631465",,,,"Speedy11780"
"1782","Speedy Services","Speedy Services","DERBY"," DE21 6BW","contact@ntuk.co.uk",,"$2y$10$zYV/S.Gq.fP8mXPJm5fPzuazzHfGz3VA1rAglVnuNIt8IwKagp7ku","52.925214","-1.459737",,,,"Speedy11781"
"1783","Speedy Services","Speedy Services","ASHBOURNE"," DE6 1DF","contact@ntuk.co.uk",,"$2y$10$zYV/S.Gq.fP8mXPJm5fPzuazzHfGz3VA1rAglVnuNIt8IwKagp7ku","53.013969","-1.734244",,,,"Speedy11782"
"1784","Speedy Services","Speedy Services","DUMFRIES"," DG1 2EQ","contact@ntuk.co.uk",,"$2y$10$zYV/S.Gq.fP8mXPJm5fPzuazzHfGz3VA1rAglVnuNIt8IwKagp7ku","55.067682","-3.595495",,,,"Speedy11783"
"1785","Speedy Services","Speedy Services","DARLINGTON"," DL1 1QG","contact@ntuk.co.uk",,"$2y$10$zYV/S.Gq.fP8mXPJm5fPzuazzHfGz3VA1rAglVnuNIt8IwKagp7ku","54.529121","-1.550241",,,,"Speedy11784"
"1786","Speedy Services","Speedy Services","DONCASTER"," DN1 3RE","contact@ntuk.co.uk",,"$2y$10$zYV/S.Gq.fP8mXPJm5fPzuazzHfGz3VA1rAglVnuNIt8IwKagp7ku","53.51328","-1.137868",,,,"Speedy11785"
"1787","Speedy Services","Speedy Services","LLOYDS BRITISH DONCASTER (NON HIRE LOCATION)"," DN11 8QA","contact@ntuk.co.uk",,"$2y$10$zYV/S.Gq.fP8mXPJm5fPzuazzHfGz3VA1rAglVnuNIt8IwKagp7ku","53.409896","-1.072548",,,,"Speedy11786"
"1788","Speedy Services","Speedy Services","SCUNTHORPE"," DN16 1AX","contact@ntuk.co.uk",,"$2y$10$zYV/S.Gq.fP8mXPJm5fPzuazzHfGz3VA1rAglVnuNIt8IwKagp7ku","53.57602","-0.622894",,,,"Speedy11787"
"1789","Speedy Services","Speedy Services","GRIMSBY"," DN31 2TB","contact@ntuk.co.uk",,"$2y$10$zYV/S.Gq.fP8mXPJm5fPzuazzHfGz3VA1rAglVnuNIt8IwKagp7ku","53.580753","-0.115478",,,,"Speedy11788"
"1790","Speedy Services","Speedy Services","WEST BIRMINGHAM SUPERSTORE"," DY4 7BZ","contact@ntuk.co.uk",,"$2y$10$zYV/S.Gq.fP8mXPJm5fPzuazzHfGz3VA1rAglVnuNIt8IwKagp7ku","52.533601","-2.029647",,,,"Speedy11789"
"1791","Speedy Services","Speedy Services","EAST LONDON SUPERSTORE"," E14 0JP","contact@ntuk.co.uk",,"$2y$10$zYV/S.Gq.fP8mXPJm5fPzuazzHfGz3VA1rAglVnuNIt8IwKagp7ku","51.516012","0.000876",,,,"Speedy11790"
"1792","Speedy Services","Speedy Services","FIT OUT"," E14 0JP","contact@ntuk.co.uk",,"$2y$10$zYV/S.Gq.fP8mXPJm5fPzuazzHfGz3VA1rAglVnuNIt8IwKagp7ku","51.516012","0.000876",,,,"Speedy11791"
"1793","Speedy Services","Speedy Services","WALTHAMSTOW"," E17 6DJ","contact@ntuk.co.uk",,"$2y$10$zYV/S.Gq.fP8mXPJm5fPzuazzHfGz3VA1rAglVnuNIt8IwKagp7ku","51.592098","-0.040148",,,,"Speedy11792"
"1794","Speedy Services","Speedy Services","BECKTON"," E6 6LG","contact@ntuk.co.uk",,"$2y$10$zYV/S.Gq.fP8mXPJm5fPzuazzHfGz3VA1rAglVnuNIt8IwKagp7ku","51.521023","0.070676",,,,"Speedy11793"
"1795","Speedy Services","Speedy Services","EDINBURGH SUPERSTORE"," EH11 2LP","contact@ntuk.co.uk",,"$2y$10$zYV/S.Gq.fP8mXPJm5fPzuazzHfGz3VA1rAglVnuNIt8IwKagp7ku","55.942134","-3.228981",,,,"Speedy11794"
"1796","Speedy Services","Speedy Services","EDINBURGH LIFTING"," EH15 2QA","contact@ntuk.co.uk",,"$2y$10$zYV/S.Gq.fP8mXPJm5fPzuazzHfGz3VA1rAglVnuNIt8IwKagp7ku","55.947823","-3.107606",,,,"Speedy11795"
"1797","Speedy Services","Speedy Services","EDINBURGH LOANHEAD"," EH20 9HN","contact@ntuk.co.uk",,"$2y$10$zYV/S.Gq.fP8mXPJm5fPzuazzHfGz3VA1rAglVnuNIt8IwKagp7ku","55.873679","-3.17123",,,,"Speedy11796"
"1798","Speedy Services","Speedy Services","LIVINGSTON"," EH54 5DJ","contact@ntuk.co.uk",,"$2y$10$zYV/S.Gq.fP8mXPJm5fPzuazzHfGz3VA1rAglVnuNIt8IwKagp7ku","55.905779","-3.507925",,,,"Speedy11797"
"1799","Speedy Services","Speedy Services","EDINBURGH LEITH"," EH7 6BU","contact@ntuk.co.uk",,"$2y$10$zYV/S.Gq.fP8mXPJm5fPzuazzHfGz3VA1rAglVnuNIt8IwKagp7ku","55.963496","-3.164891",,,,"Speedy11798"
"1800","Speedy Services","Speedy Services","EXETER SUPERSTORE"," EX2 8PY","contact@ntuk.co.uk",,"$2y$10$zYV/S.Gq.fP8mXPJm5fPzuazzHfGz3VA1rAglVnuNIt8IwKagp7ku","50.700609","-3.527065",,,,"Speedy11799"
"1801","Speedy Services","Speedy Services","BARNSTAPLE"," EX31 3UL","contact@ntuk.co.uk",,"$2y$10$zYV/S.Gq.fP8mXPJm5fPzuazzHfGz3VA1rAglVnuNIt8IwKagp7ku","51.063172","-4.09149",,,,"Speedy11800"
"1802","Speedy Services","Speedy Services","GRANGEMOUTH SUPERSTORE"," FK3 8YE","contact@ntuk.co.uk",,"$2y$10$zYV/S.Gq.fP8mXPJm5fPzuazzHfGz3VA1rAglVnuNIt8IwKagp7ku","56.012685","-3.753171",,,,"Speedy11801"
"1803","Speedy Services","Speedy Services","STIRLING"," FK7 7SW","contact@ntuk.co.uk",,"$2y$10$zYV/S.Gq.fP8mXPJm5fPzuazzHfGz3VA1rAglVnuNIt8IwKagp7ku","56.115787","-3.91618",,,,"Speedy11802"
"1804","Speedy Services","Speedy Services","GLASGOW MSC"," G32 8FE","contact@ntuk.co.uk",,"$2y$10$zYV/S.Gq.fP8mXPJm5fPzuazzHfGz3VA1rAglVnuNIt8IwKagp7ku","55.833762","-4.166772",,,,"Speedy11803"
"1805","Speedy Services","Speedy Services","GLASGOW SUPERSTORE"," G32 8FE","contact@ntuk.co.uk",,"$2y$10$zYV/S.Gq.fP8mXPJm5fPzuazzHfGz3VA1rAglVnuNIt8IwKagp7ku","55.833762","-4.166772",,,,"Speedy11804"
"1806","Speedy Services","Speedy Services","GLASGOW CITY"," G5 8RR","contact@ntuk.co.uk",,"$2y$10$zYV/S.Gq.fP8mXPJm5fPzuazzHfGz3VA1rAglVnuNIt8IwKagp7ku","55.853","-4.27497",,,,"Speedy11805"
"1807","Speedy Services","Speedy Services","LLOYDS BRITISH GLASGOW (NON HIRE LOCATION)"," G71 5PE","contact@ntuk.co.uk",,"$2y$10$zYV/S.Gq.fP8mXPJm5fPzuazzHfGz3VA1rAglVnuNIt8IwKagp7ku","55.833754","-4.065927",,,,"Speedy11806"
"1808","Speedy Services","Speedy Services","HELENSBURGH"," G84 7DE","contact@ntuk.co.uk",,"$2y$10$zYV/S.Gq.fP8mXPJm5fPzuazzHfGz3VA1rAglVnuNIt8IwKagp7ku","56.003371","-4.729089",,,,"Speedy11807"
"1809","Speedy Services","Speedy Services","GLOUCESTER"," GL2 5EA","contact@ntuk.co.uk",,"$2y$10$zYV/S.Gq.fP8mXPJm5fPzuazzHfGz3VA1rAglVnuNIt8IwKagp7ku","51.837624","-2.274755",,,,"Speedy11808"
"1810","Speedy Services","Speedy Services","CHELTENHAM"," GL51 9NE","contact@ntuk.co.uk",,"$2y$10$zYV/S.Gq.fP8mXPJm5fPzuazzHfGz3VA1rAglVnuNIt8IwKagp7ku","51.915461","-2.096171",,,,"Speedy11809"
"1811","Speedy Services","Speedy Services","BAGSHOT"," GU19 5HL","contact@ntuk.co.uk",,"$2y$10$zYV/S.Gq.fP8mXPJm5fPzuazzHfGz3VA1rAglVnuNIt8IwKagp7ku","51.362218","-0.692788",,,,"Speedy11810"
"1812","Speedy Services","Speedy Services","GUILDFORD"," GU3 3BH","contact@ntuk.co.uk",,"$2y$10$zYV/S.Gq.fP8mXPJm5fPzuazzHfGz3VA1rAglVnuNIt8IwKagp7ku","51.251851","-0.608898",,,,"Speedy11811"
"1813","Speedy Services","Speedy Services","HUDDERSFIELD"," HD2 1AA","contact@ntuk.co.uk",,"$2y$10$zYV/S.Gq.fP8mXPJm5fPzuazzHfGz3VA1rAglVnuNIt8IwKagp7ku","53.662377","-1.778672",,,,"Speedy11812"
"1814","Speedy Services","Speedy Services","HIGH WYCOMBE"," HP11 1DQ","contact@ntuk.co.uk",,"$2y$10$zYV/S.Gq.fP8mXPJm5fPzuazzHfGz3VA1rAglVnuNIt8IwKagp7ku","51.624181","-0.73289",,,,"Speedy11813"
"1815","Speedy Services","Speedy Services","HEREFORD"," HR2 6EH","contact@ntuk.co.uk",,"$2y$10$zYV/S.Gq.fP8mXPJm5fPzuazzHfGz3VA1rAglVnuNIt8IwKagp7ku","52.040357","-2.698915",,,,"Speedy11814"
"1816","Speedy Services","Speedy Services","HULL PLANT"," HU8 7BF","contact@ntuk.co.uk",,"$2y$10$zYV/S.Gq.fP8mXPJm5fPzuazzHfGz3VA1rAglVnuNIt8IwKagp7ku","53.753273","-0.326271",,,,"Speedy11815"
"1817","Speedy Services","Speedy Services","HULL"," HU8 8AZ","contact@ntuk.co.uk",,"$2y$10$zYV/S.Gq.fP8mXPJm5fPzuazzHfGz3VA1rAglVnuNIt8IwKagp7ku","53.757407","-0.328124",,,,"Speedy11816"
"1818","Speedy Services","Speedy Services","IPSWICH SUPERSTORE"," IP2 0UQ","contact@ntuk.co.uk",,"$2y$10$zYV/S.Gq.fP8mXPJm5fPzuazzHfGz3VA1rAglVnuNIt8IwKagp7ku","52.062108","1.128353",,,,"Speedy11817"
"1819","Speedy Services","Speedy Services","ANGLIA FENCING"," IP29 5BE","contact@ntuk.co.uk",,"$2y$10$zYV/S.Gq.fP8mXPJm5fPzuazzHfGz3VA1rAglVnuNIt8IwKagp7ku","52.252175","0.565557",,,,"Speedy11818"
"1820","Speedy Services","Speedy Services","BURY ST EDMUNDS"," IP32 7BX","contact@ntuk.co.uk",,"$2y$10$zYV/S.Gq.fP8mXPJm5fPzuazzHfGz3VA1rAglVnuNIt8IwKagp7ku","52.240887","0.74699",,,,"Speedy11819"
"1821","Speedy Services","Speedy Services","INVERNESS SUPERSTORE"," IV1 1SG","contact@ntuk.co.uk",,"$2y$10$zYV/S.Gq.fP8mXPJm5fPzuazzHfGz3VA1rAglVnuNIt8IwKagp7ku","57.487678","-4.214092",,,,"Speedy11820"
"1822","Speedy Services","Speedy Services","KILMARNOCK"," KA3 1NJ","contact@ntuk.co.uk",,"$2y$10$zYV/S.Gq.fP8mXPJm5fPzuazzHfGz3VA1rAglVnuNIt8IwKagp7ku","55.617842","-4.505259",,,,"Speedy11821"
"1823","Speedy Services","Speedy Services","NEW MALDEN"," KT3 4PT","contact@ntuk.co.uk",,"$2y$10$zYV/S.Gq.fP8mXPJm5fPzuazzHfGz3VA1rAglVnuNIt8IwKagp7ku","51.400863","-0.24515",,,,"Speedy11822"
"1824","Speedy Services","Speedy Services","KIRKCALDY"," KY1 3NL","contact@ntuk.co.uk",,"$2y$10$zYV/S.Gq.fP8mXPJm5fPzuazzHfGz3VA1rAglVnuNIt8IwKagp7ku","56.138996","-3.143819",,,,"Speedy11823"
"1825","Speedy Services","Speedy Services","ROSYTH LIFTING"," KY11 1HZ","contact@ntuk.co.uk",,"$2y$10$zYV/S.Gq.fP8mXPJm5fPzuazzHfGz3VA1rAglVnuNIt8IwKagp7ku","56.037997","-3.405167",,,,"Speedy11824"
"1826","Speedy Services","Speedy Services","DUNFERMLINE"," KY11 8PU","contact@ntuk.co.uk",,"$2y$10$zYV/S.Gq.fP8mXPJm5fPzuazzHfGz3VA1rAglVnuNIt8IwKagp7ku","56.056442","-3.446595",,,,"Speedy11825"
"1827","Speedy Services","Speedy Services","LIVERPOOL SUPERSTORE"," L5 9XN","contact@ntuk.co.uk",,"$2y$10$zYV/S.Gq.fP8mXPJm5fPzuazzHfGz3VA1rAglVnuNIt8IwKagp7ku","53.430948","-2.995111",,,,"Speedy11826"
"1828","Speedy Services","Speedy Services","BARROW-IN-FURNESS"," LA14 2UA","contact@ntuk.co.uk",,"$2y$10$zYV/S.Gq.fP8mXPJm5fPzuazzHfGz3VA1rAglVnuNIt8IwKagp7ku","54.121479","-3.241969",,,,"Speedy11827"
"1829","Speedy Services","Speedy Services","LANCASTER"," LA3 3PB","contact@ntuk.co.uk",,"$2y$10$zYV/S.Gq.fP8mXPJm5fPzuazzHfGz3VA1rAglVnuNIt8IwKagp7ku","54.057634","-2.84434",,,,"Speedy11828"
"1830","Speedy Services","Speedy Services","LEICESTER SUPERSTORE"," LE4 0AJ","contact@ntuk.co.uk",,"$2y$10$zYV/S.Gq.fP8mXPJm5fPzuazzHfGz3VA1rAglVnuNIt8IwKagp7ku","52.645806","-1.147292",,,,"Speedy11829"
"1831","Speedy Services","Speedy Services","WREXHAM"," LL13 7TT","contact@ntuk.co.uk",,"$2y$10$zYV/S.Gq.fP8mXPJm5fPzuazzHfGz3VA1rAglVnuNIt8IwKagp7ku","53.043026","-3.002917",,,,"Speedy11830"
"1832","Speedy Services","Speedy Services","BANGOR"," LL57 2UU","contact@ntuk.co.uk",,"$2y$10$zYV/S.Gq.fP8mXPJm5fPzuazzHfGz3VA1rAglVnuNIt8IwKagp7ku","53.22126","-4.137147",,,,"Speedy11831"
"1833","Speedy Services","Speedy Services","LINCOLN"," LN6 7RY","contact@ntuk.co.uk",,"$2y$10$zYV/S.Gq.fP8mXPJm5fPzuazzHfGz3VA1rAglVnuNIt8IwKagp7ku","53.218192","-0.562072",,,,"Speedy11832"
"1834","Speedy Services","Speedy Services","LEEDS SUPERSTORE"," LS3 1LW","contact@ntuk.co.uk",,"$2y$10$zYV/S.Gq.fP8mXPJm5fPzuazzHfGz3VA1rAglVnuNIt8IwKagp7ku","53.798267","-1.562557",,,,"Speedy11833"
"1835","Speedy Services","Speedy Services","LEEDS PLANT"," LS5 3AB","contact@ntuk.co.uk",,"$2y$10$zYV/S.Gq.fP8mXPJm5fPzuazzHfGz3VA1rAglVnuNIt8IwKagp7ku","53.811577","-1.598077",,,,"Speedy11834"
"1836","Speedy Services","Speedy Services","MANCHESTER SUPERSTORE"," M12 6HH","contact@ntuk.co.uk",,"$2y$10$zYV/S.Gq.fP8mXPJm5fPzuazzHfGz3VA1rAglVnuNIt8IwKagp7ku","53.473456","-2.227876",,,,"Speedy11835"
"1837","Speedy Services","Speedy Services","TRAFFORD PARK"," M17 1RP","contact@ntuk.co.uk",,"$2y$10$zYV/S.Gq.fP8mXPJm5fPzuazzHfGz3VA1rAglVnuNIt8IwKagp7ku","53.468891","-2.324352",,,,"Speedy11836"
"1838","Speedy Services","Speedy Services","MANCHESTER AIRPORT"," M22 5LH","contact@ntuk.co.uk",,"$2y$10$zYV/S.Gq.fP8mXPJm5fPzuazzHfGz3VA1rAglVnuNIt8IwKagp7ku","53.369331","-2.251155",,,,"Speedy11837"
"1839","Speedy Services","Speedy Services","TRAFFORD PARK"," M41 7LG","contact@ntuk.co.uk",,"$2y$10$zYV/S.Gq.fP8mXPJm5fPzuazzHfGz3VA1rAglVnuNIt8IwKagp7ku","53.473224","-2.352633",,,,"Speedy11838"
"1840","Speedy Services","Speedy Services","MEDWAY"," ME2 2AH","contact@ntuk.co.uk",,"$2y$10$zYV/S.Gq.fP8mXPJm5fPzuazzHfGz3VA1rAglVnuNIt8IwKagp7ku","51.389746","0.489726",,,,"Speedy11839"
"1841","Speedy Services","Speedy Services","MAIDSTONE SUPERSTORE"," ME20 7UB","contact@ntuk.co.uk",,"$2y$10$zYV/S.Gq.fP8mXPJm5fPzuazzHfGz3VA1rAglVnuNIt8IwKagp7ku","51.291323","0.469623",,,,"Speedy11840"
"1842","Speedy Services","Speedy Services","GILLINGHAM"," ME8 6BY","contact@ntuk.co.uk",,"$2y$10$zYV/S.Gq.fP8mXPJm5fPzuazzHfGz3VA1rAglVnuNIt8IwKagp7ku","51.370435","0.569731",,,,"Speedy11841"
"1843","Speedy Services","Speedy Services","MILTON KEYNES"," MK16 0JY","contact@ntuk.co.uk",,"$2y$10$zYV/S.Gq.fP8mXPJm5fPzuazzHfGz3VA1rAglVnuNIt8IwKagp7ku","52.08263","-0.729814",,,,"Speedy11842"
"1844","Speedy Services","Speedy Services","BEDFORD"," MK41 0RB","contact@ntuk.co.uk",,"$2y$10$zYV/S.Gq.fP8mXPJm5fPzuazzHfGz3VA1rAglVnuNIt8IwKagp7ku","52.149515","-0.41421",,,,"Speedy11843"
"1845","Speedy Services","Speedy Services","PLATFORM SALES & HIRE MILTON KEYNES - POWERED ACCESS HIRE ONLY"," MK6 1LE","contact@ntuk.co.uk",,"$2y$10$zYV/S.Gq.fP8mXPJm5fPzuazzHfGz3VA1rAglVnuNIt8IwKagp7ku","52.017582","-0.748605",,,,"Speedy11844"
"1846","Speedy Services","Speedy Services","MOTHERWELL"," ML1 1QW","contact@ntuk.co.uk",,"$2y$10$zYV/S.Gq.fP8mXPJm5fPzuazzHfGz3VA1rAglVnuNIt8IwKagp7ku","55.782886","-3.974691",,,,"Speedy11845"
"1847","Speedy Services","Speedy Services","KINGS CROSS"," N7 9AA","contact@ntuk.co.uk",,"$2y$10$zYV/S.Gq.fP8mXPJm5fPzuazzHfGz3VA1rAglVnuNIt8IwKagp7ku","51.543296","-0.124881",,,,"Speedy11846"
"1848","Speedy Services","Speedy Services","LLOYDS BRITISH GATESHEAD (NON HIRE LOCATION)"," NE11 0JH","contact@ntuk.co.uk",,"$2y$10$zYV/S.Gq.fP8mXPJm5fPzuazzHfGz3VA1rAglVnuNIt8IwKagp7ku","54.937706","-1.621145",,,,"Speedy11847"
"1849","Speedy Services","Speedy Services","NORTH SHIELDS"," NE29 7SF","contact@ntuk.co.uk",,"$2y$10$zYV/S.Gq.fP8mXPJm5fPzuazzHfGz3VA1rAglVnuNIt8IwKagp7ku","55.007348","-1.49017",,,,"Speedy11848"
"1850","Speedy Services","Speedy Services","NEWCASTLE SUPERSTORE"," NE4 7AD","contact@ntuk.co.uk",,"$2y$10$zYV/S.Gq.fP8mXPJm5fPzuazzHfGz3VA1rAglVnuNIt8IwKagp7ku","54.964037","-1.627192",,,,"Speedy11849"
"1851","Speedy Services","Speedy Services","MANSFIELD"," NG18 2HA","contact@ntuk.co.uk",,"$2y$10$zYV/S.Gq.fP8mXPJm5fPzuazzHfGz3VA1rAglVnuNIt8IwKagp7ku","53.145671","-1.192223",,,,"Speedy11850"
"1852","Speedy Services","Speedy Services","NOTTINGHAM SUPERSTORE"," NG2 1NA","contact@ntuk.co.uk",,"$2y$10$zYV/S.Gq.fP8mXPJm5fPzuazzHfGz3VA1rAglVnuNIt8IwKagp7ku","52.938993","-1.165691",,,,"Speedy11851"
"1853","Speedy Services","Speedy Services","GRANTHAM"," NG31 7NT","contact@ntuk.co.uk",,"$2y$10$zYV/S.Gq.fP8mXPJm5fPzuazzHfGz3VA1rAglVnuNIt8IwKagp7ku","52.905124","-0.652886",,,,"Speedy11852"
"1854","Speedy Services","Speedy Services","NORTHAMPTON"," NN5 5DL","contact@ntuk.co.uk",,"$2y$10$zYV/S.Gq.fP8mXPJm5fPzuazzHfGz3VA1rAglVnuNIt8IwKagp7ku","52.240278","-0.931321",,,,"Speedy11853"
"1855","Speedy Services","Speedy Services","NEWPORT"," NP20 2DU","contact@ntuk.co.uk",,"$2y$10$zYV/S.Gq.fP8mXPJm5fPzuazzHfGz3VA1rAglVnuNIt8IwKagp7ku","51.578055","-2.985227",,,,"Speedy11854"
"1856","Speedy Services","Speedy Services","NEWPORT MSC"," NP20 2WF","contact@ntuk.co.uk",,"$2y$10$zYV/S.Gq.fP8mXPJm5fPzuazzHfGz3VA1rAglVnuNIt8IwKagp7ku","51.553028","-2.982364",,,,"Speedy11855"
"1857","Speedy Services","Speedy Services","NORWICH"," NR2 4TN","contact@ntuk.co.uk",,"$2y$10$zYV/S.Gq.fP8mXPJm5fPzuazzHfGz3VA1rAglVnuNIt8IwKagp7ku","52.639469","1.2834",,,,"Speedy11856"
"1858","Speedy Services","Speedy Services","GREAT YARMOUTH"," NR31 0LX","contact@ntuk.co.uk",,"$2y$10$zYV/S.Gq.fP8mXPJm5fPzuazzHfGz3VA1rAglVnuNIt8IwKagp7ku","52.592867","1.713637",,,,"Speedy11857"
"1859","Speedy Services","Speedy Services","WEST LONDON SUPERSTORE"," NW10 6HJ","contact@ntuk.co.uk",,"$2y$10$zYV/S.Gq.fP8mXPJm5fPzuazzHfGz3VA1rAglVnuNIt8IwKagp7ku","51.529528","-0.263909",,,,"Speedy11858"
"1860","Speedy Services","Speedy Services","OLDHAM"," OL1 2BH","contact@ntuk.co.uk",,"$2y$10$zYV/S.Gq.fP8mXPJm5fPzuazzHfGz3VA1rAglVnuNIt8IwKagp7ku","53.548946","-2.118725",,,,"Speedy11859"
"1861","Speedy Services","Speedy Services","BANBURY"," OX16 1RH","contact@ntuk.co.uk",,"$2y$10$zYV/S.Gq.fP8mXPJm5fPzuazzHfGz3VA1rAglVnuNIt8IwKagp7ku","52.075641","-1.341793",,,,"Speedy11860"
"1862","Speedy Services","Speedy Services","OXFORD SUPERSTORE"," OX4 6JU","contact@ntuk.co.uk",,"$2y$10$zYV/S.Gq.fP8mXPJm5fPzuazzHfGz3VA1rAglVnuNIt8IwKagp7ku","51.722958","-1.212707",,,,"Speedy11861"
"1863","Speedy Services","Speedy Services","PAISLEY"," PA3 1LN","contact@ntuk.co.uk",,"$2y$10$zYV/S.Gq.fP8mXPJm5fPzuazzHfGz3VA1rAglVnuNIt8IwKagp7ku","55.849138","-4.441713",,,,"Speedy11862"
"1864","Speedy Services","Speedy Services","PETERBOROUGH"," PE1 5XB","contact@ntuk.co.uk",,"$2y$10$zYV/S.Gq.fP8mXPJm5fPzuazzHfGz3VA1rAglVnuNIt8IwKagp7ku","52.572","-0.214436",,,,"Speedy11863"
"1865","Speedy Services","Speedy Services","HUNTINGDON"," PE29 6ED","contact@ntuk.co.uk",,"$2y$10$zYV/S.Gq.fP8mXPJm5fPzuazzHfGz3VA1rAglVnuNIt8IwKagp7ku","52.342956","-0.193466",,,,"Speedy11864"
"1866","Speedy Services","Speedy Services","KINGS LYNN"," PE30 4NE","contact@ntuk.co.uk",,"$2y$10$zYV/S.Gq.fP8mXPJm5fPzuazzHfGz3VA1rAglVnuNIt8IwKagp7ku","52.742031","0.409874",,,,"Speedy11865"
"1867","Speedy Services","Speedy Services","PERTH"," PH1 2AS","contact@ntuk.co.uk",,"$2y$10$zYV/S.Gq.fP8mXPJm5fPzuazzHfGz3VA1rAglVnuNIt8IwKagp7ku","56.401239","-3.446703",,,,"Speedy11866"
"1868","Speedy Services","Speedy Services","PROLIFT ACCESS ROCHE - POWERED ACCESS HIRE ONLY"," PL26 8LT","contact@ntuk.co.uk",,"$2y$10$zYV/S.Gq.fP8mXPJm5fPzuazzHfGz3VA1rAglVnuNIt8IwKagp7ku","50.418615","-4.836002",,,,"Speedy11867"
"1869","Speedy Services","Speedy Services","PLYMOUTH"," PL3 4EB","contact@ntuk.co.uk",,"$2y$10$zYV/S.Gq.fP8mXPJm5fPzuazzHfGz3VA1rAglVnuNIt8IwKagp7ku","50.37734","-4.148207",,,,"Speedy11868"
"1870","Speedy Services","Speedy Services","LLOYDS BRITISH PLYMOUTH"," PL3 4EB","contact@ntuk.co.uk",,"$2y$10$zYV/S.Gq.fP8mXPJm5fPzuazzHfGz3VA1rAglVnuNIt8IwKagp7ku","50.37734","-4.148207",,,,"Speedy11869"
"1871","Speedy Services","Speedy Services","PLYMOUTH POWER"," PL9 7JQ","contact@ntuk.co.uk",,"$2y$10$zYV/S.Gq.fP8mXPJm5fPzuazzHfGz3VA1rAglVnuNIt8IwKagp7ku","50.364763","-4.102094",,,,"Speedy11870"
"1872","Speedy Services","Speedy Services","PORTSMOUTH POWER"," PO16 8SX","contact@ntuk.co.uk",,"$2y$10$zYV/S.Gq.fP8mXPJm5fPzuazzHfGz3VA1rAglVnuNIt8IwKagp7ku","50.860564","-1.170992",,,,"Speedy11871"
"1873","Speedy Services","Speedy Services","ISLE OF WIGHT"," PO30 5FA","contact@ntuk.co.uk",,"$2y$10$zYV/S.Gq.fP8mXPJm5fPzuazzHfGz3VA1rAglVnuNIt8IwKagp7ku","50.709007","-1.295112",,,,"Speedy11872"
"1874","Speedy Services","Speedy Services","PORTSMOUTH SUPERSTORE"," PO4 8SP","contact@ntuk.co.uk",,"$2y$10$zYV/S.Gq.fP8mXPJm5fPzuazzHfGz3VA1rAglVnuNIt8IwKagp7ku","50.798712","-1.062754",,,,"Speedy11873"
"1875","Speedy Services","Speedy Services","PRESTON"," PR2 3AA","contact@ntuk.co.uk",,"$2y$10$zYV/S.Gq.fP8mXPJm5fPzuazzHfGz3VA1rAglVnuNIt8IwKagp7ku","53.773968","-2.713241",,,,"Speedy11874"
"1876","Speedy Services","Speedy Services","NEWBURY"," RG14 5SS","contact@ntuk.co.uk",,"$2y$10$zYV/S.Gq.fP8mXPJm5fPzuazzHfGz3VA1rAglVnuNIt8IwKagp7ku","51.399632","-1.311619",,,,"Speedy11875"
"1877","Speedy Services","Speedy Services","READING"," RG2 0NH","contact@ntuk.co.uk",,"$2y$10$zYV/S.Gq.fP8mXPJm5fPzuazzHfGz3VA1rAglVnuNIt8IwKagp7ku","51.437358","-0.973035",,,,"Speedy11876"
"1878","Speedy Services","Speedy Services","BASINGSTOKE PLANT"," RG24 8NU","contact@ntuk.co.uk",,"$2y$10$zYV/S.Gq.fP8mXPJm5fPzuazzHfGz3VA1rAglVnuNIt8IwKagp7ku","51.273594","-1.065169",,,,"Speedy11877"
"1879","Speedy Services","Speedy Services","GATWICK SUPERSTORE"," RH10 9RX","contact@ntuk.co.uk",,"$2y$10$zYV/S.Gq.fP8mXPJm5fPzuazzHfGz3VA1rAglVnuNIt8IwKagp7ku","51.140709","-0.162383",,,,"Speedy11878"
"1880","Speedy Services","Speedy Services","EAST LONDON PLANT"," RM1 2JT","contact@ntuk.co.uk",,"$2y$10$zYV/S.Gq.fP8mXPJm5fPzuazzHfGz3VA1rAglVnuNIt8IwKagp7ku","51.57476","0.185399",,,,"Speedy11879"
"1881","Speedy Services","Speedy Services","RONEO CORNER"," RM11 1PY","contact@ntuk.co.uk",,"$2y$10$zYV/S.Gq.fP8mXPJm5fPzuazzHfGz3VA1rAglVnuNIt8IwKagp7ku","51.565635","0.191988",,,,"Speedy11880"
"1882","Speedy Services","Speedy Services","WEST THURROCK"," RM20 3WJ","contact@ntuk.co.uk",,"$2y$10$zYV/S.Gq.fP8mXPJm5fPzuazzHfGz3VA1rAglVnuNIt8IwKagp7ku","51.482412","0.284942",,,,"Speedy11881"
"1883","Speedy Services","Speedy Services","BARNSLEY"," S71 1NG","contact@ntuk.co.uk",,"$2y$10$zYV/S.Gq.fP8mXPJm5fPzuazzHfGz3VA1rAglVnuNIt8IwKagp7ku","53.568073","-1.471831",,,,"Speedy11882"
"1884","Speedy Services","Speedy Services","SHEFFIELD SUPERSTORE"," S9 1BW","contact@ntuk.co.uk",,"$2y$10$zYV/S.Gq.fP8mXPJm5fPzuazzHfGz3VA1rAglVnuNIt8IwKagp7ku","53.414782","-1.415762",,,,"Speedy11883"
"1885","Speedy Services","Speedy Services","SHEFFIELD MSC"," S9 2UB","contact@ntuk.co.uk",,"$2y$10$zYV/S.Gq.fP8mXPJm5fPzuazzHfGz3VA1rAglVnuNIt8IwKagp7ku","53.401087","-1.429441",,,,"Speedy11884"
"1886","Speedy Services","Speedy Services","LLOYDS BRITISH PORT TALBOT"," SA12 7BR","contact@ntuk.co.uk",,"$2y$10$zYV/S.Gq.fP8mXPJm5fPzuazzHfGz3VA1rAglVnuNIt8IwKagp7ku","51.613366","-3.816177",,,,"Speedy11885"
"1887","Speedy Services","Speedy Services","PORT TALBOT LIFTING"," SA12 7BR","contact@ntuk.co.uk",,"$2y$10$zYV/S.Gq.fP8mXPJm5fPzuazzHfGz3VA1rAglVnuNIt8IwKagp7ku","51.613366","-3.816177",,,,"Speedy11886"
"1888","Speedy Services","Speedy Services","SWANSEA"," SA5 8LD","contact@ntuk.co.uk",,"$2y$10$zYV/S.Gq.fP8mXPJm5fPzuazzHfGz3VA1rAglVnuNIt8IwKagp7ku","51.634635","-3.956995",,,,"Speedy11887"
"1889","Speedy Services","Speedy Services","HAVERFORDWEST"," SA61 1XE","contact@ntuk.co.uk",,"$2y$10$zYV/S.Gq.fP8mXPJm5fPzuazzHfGz3VA1rAglVnuNIt8IwKagp7ku","51.789102","-4.981607",,,,"Speedy11888"
"1890","Speedy Services","Speedy Services","LONDON CITY SUPERSTORE"," SE1 0UE","contact@ntuk.co.uk",,"$2y$10$zYV/S.Gq.fP8mXPJm5fPzuazzHfGz3VA1rAglVnuNIt8IwKagp7ku","51.504564","-0.101889",,,,"Speedy11889"
"1891","Speedy Services","Speedy Services","SOUTHBANK PLACE"," SE1 7ND","contact@ntuk.co.uk",,"$2y$10$zYV/S.Gq.fP8mXPJm5fPzuazzHfGz3VA1rAglVnuNIt8IwKagp7ku","51.504365","-0.114635",,,,"Speedy11890"
"1892","Speedy Services","Speedy Services","GREENWICH"," SE10 0RJ","contact@ntuk.co.uk",,"$2y$10$zYV/S.Gq.fP8mXPJm5fPzuazzHfGz3VA1rAglVnuNIt8IwKagp7ku","51.486257","0.014409",,,,"Speedy11891"
"1893","Speedy Services","Speedy Services","STOCKPORT"," SK3 0BY","contact@ntuk.co.uk",,"$2y$10$zYV/S.Gq.fP8mXPJm5fPzuazzHfGz3VA1rAglVnuNIt8IwKagp7ku","53.406986","-2.174075",,,,"Speedy11892"
"1894","Speedy Services","Speedy Services","SLOUGH"," SL1 4EP","contact@ntuk.co.uk",,"$2y$10$zYV/S.Gq.fP8mXPJm5fPzuazzHfGz3VA1rAglVnuNIt8IwKagp7ku","51.520147","-0.628356",,,,"Speedy11893"
"1895","Speedy Services","Speedy Services","SWINDON"," SN2 2QJ","contact@ntuk.co.uk",,"$2y$10$zYV/S.Gq.fP8mXPJm5fPzuazzHfGz3VA1rAglVnuNIt8IwKagp7ku","51.57628","-1.807409",,,,"Speedy11894"
"1896","Speedy Services","Speedy Services","LLOYDS BRITISH SOUTHAMPTON"," SO14 5FB","contact@ntuk.co.uk",,"$2y$10$zYV/S.Gq.fP8mXPJm5fPzuazzHfGz3VA1rAglVnuNIt8IwKagp7ku","50.903319","-1.3925",,,,"Speedy11895"
"1897","Speedy Services","Speedy Services","SOUTHAMPTON SUPERSTORE"," SO14 5FB","contact@ntuk.co.uk",,"$2y$10$zYV/S.Gq.fP8mXPJm5fPzuazzHfGz3VA1rAglVnuNIt8IwKagp7ku","50.903319","-1.3925",,,,"Speedy11896"
"1898","Speedy Services","Speedy Services","SALISBURY"," SP2 7YW","contact@ntuk.co.uk",,"$2y$10$zYV/S.Gq.fP8mXPJm5fPzuazzHfGz3VA1rAglVnuNIt8IwKagp7ku","51.070042","-1.816993",,,,"Speedy11897"
"1899","Speedy Services","Speedy Services","SUNDERLAND"," SR5 3JT","contact@ntuk.co.uk",,"$2y$10$zYV/S.Gq.fP8mXPJm5fPzuazzHfGz3VA1rAglVnuNIt8IwKagp7ku","54.921459","-1.41866",,,,"Speedy11898"
"1900","Speedy Services","Speedy Services","PETERLEE"," SR8 2HS","contact@ntuk.co.uk",,"$2y$10$zYV/S.Gq.fP8mXPJm5fPzuazzHfGz3VA1rAglVnuNIt8IwKagp7ku","54.756395","-1.364932",,,,"Speedy11899"
"1901","Speedy Services","Speedy Services","BASILDON"," SS13 1ES","contact@ntuk.co.uk",,"$2y$10$zYV/S.Gq.fP8mXPJm5fPzuazzHfGz3VA1rAglVnuNIt8IwKagp7ku","51.584661","0.514127",,,,"Speedy11900"
"1902","Speedy Services","Speedy Services","STOKE SUPERSTORE"," ST5 0UU","contact@ntuk.co.uk",,"$2y$10$zYV/S.Gq.fP8mXPJm5fPzuazzHfGz3VA1rAglVnuNIt8IwKagp7ku","53.026527","-2.206352",,,,"Speedy11901"
"1903","Speedy Services","Speedy Services","PROLIFT ACCESS WELLINGTON - POWERED ACCESS HIRE ONLY"," TA21 9AD","contact@ntuk.co.uk",,"$2y$10$zYV/S.Gq.fP8mXPJm5fPzuazzHfGz3VA1rAglVnuNIt8IwKagp7ku","50.980985","-3.207013",,,,"Speedy11902"
"1904","Speedy Services","Speedy Services","BRIDGWATER"," TA6 4BH","contact@ntuk.co.uk",,"$2y$10$zYV/S.Gq.fP8mXPJm5fPzuazzHfGz3VA1rAglVnuNIt8IwKagp7ku","51.139172","-2.996137",,,,"Speedy11903"
"1905","Speedy Services","Speedy Services","GALASHIELS"," TD1 2UH","contact@ntuk.co.uk",,"$2y$10$zYV/S.Gq.fP8mXPJm5fPzuazzHfGz3VA1rAglVnuNIt8IwKagp7ku","55.612474","-2.769044",,,,"Speedy11904"
"1906","Speedy Services","Speedy Services","TELFORD"," TF3 3BA","contact@ntuk.co.uk",,"$2y$10$zYV/S.Gq.fP8mXPJm5fPzuazzHfGz3VA1rAglVnuNIt8IwKagp7ku","52.675578","-2.421097",,,,"Speedy11905"
"1907","Speedy Services","Speedy Services","HASTINGS"," TN34 3BB","contact@ntuk.co.uk",,"$2y$10$zYV/S.Gq.fP8mXPJm5fPzuazzHfGz3VA1rAglVnuNIt8IwKagp7ku","50.858124","0.592741",,,,"Speedy11906"
"1908","Speedy Services","Speedy Services","TORQUAY"," TQ2 7AR","contact@ntuk.co.uk",,"$2y$10$zYV/S.Gq.fP8mXPJm5fPzuazzHfGz3VA1rAglVnuNIt8IwKagp7ku","50.482312","-3.549406",,,,"Speedy11907"
"1909","Speedy Services","Speedy Services","FALMOUTH"," TR10 8AG","contact@ntuk.co.uk",,"$2y$10$zYV/S.Gq.fP8mXPJm5fPzuazzHfGz3VA1rAglVnuNIt8IwKagp7ku","50.168667","-5.100606",,,,"Speedy11908"
"1910","Speedy Services","Speedy Services","CAMBORNE"," TR14 8RE","contact@ntuk.co.uk",,"$2y$10$zYV/S.Gq.fP8mXPJm5fPzuazzHfGz3VA1rAglVnuNIt8IwKagp7ku","50.223378","-5.281295",,,,"Speedy11909"
"1911","Speedy Services","Speedy Services","NEWQUAY"," TR7 3DZ","contact@ntuk.co.uk",,"$2y$10$zYV/S.Gq.fP8mXPJm5fPzuazzHfGz3VA1rAglVnuNIt8IwKagp7ku","50.416424","-5.043557",,,,"Speedy11910"
"1912","Speedy Services","Speedy Services","TEESSIDE POWER"," TS18 3AW","contact@ntuk.co.uk",,"$2y$10$zYV/S.Gq.fP8mXPJm5fPzuazzHfGz3VA1rAglVnuNIt8IwKagp7ku","54.55634","-1.31261",,,,"Speedy11911"
"1913","Speedy Services","Speedy Services","TEESSIDE LIFTING"," TS2 1UT","contact@ntuk.co.uk",,"$2y$10$zYV/S.Gq.fP8mXPJm5fPzuazzHfGz3VA1rAglVnuNIt8IwKagp7ku","54.586226","-1.241083",,,,"Speedy11912"
"1914","Speedy Services","Speedy Services","MIDDLESBROUGH SUPERSTORE"," TS3 8BS","contact@ntuk.co.uk",,"$2y$10$zYV/S.Gq.fP8mXPJm5fPzuazzHfGz3VA1rAglVnuNIt8IwKagp7ku","54.572305","-1.192414",,,,"Speedy11913"
"1915","Speedy Services","Speedy Services","HEATHROW SUPERSTORE"," TW6 2JL","contact@ntuk.co.uk",,"$2y$10$zYV/S.Gq.fP8mXPJm5fPzuazzHfGz3VA1rAglVnuNIt8IwKagp7ku","51.467557","-0.424761",,,,"Speedy11914"
"1916","Speedy Services","Speedy Services","YEADING"," UB4 9SN","contact@ntuk.co.uk",,"$2y$10$zYV/S.Gq.fP8mXPJm5fPzuazzHfGz3VA1rAglVnuNIt8IwKagp7ku","51.523017","-0.384087",,,,"Speedy11915"
"1917","Speedy Services","Speedy Services","WARRINGTON"," WA1 4RS","contact@ntuk.co.uk",,"$2y$10$zYV/S.Gq.fP8mXPJm5fPzuazzHfGz3VA1rAglVnuNIt8IwKagp7ku","53.408727","-2.539113",,,,"Speedy11916"
"1918","Speedy Services","Speedy Services","LLOYDS BRITISH WARRINGTON"," WA1 4RS","contact@ntuk.co.uk",,"$2y$10$zYV/S.Gq.fP8mXPJm5fPzuazzHfGz3VA1rAglVnuNIt8IwKagp7ku","53.408727","-2.539113",,,,"Speedy11917"
"1919","Speedy Services","Speedy Services","WARRINGTON MSC"," WA1 4RS","contact@ntuk.co.uk",,"$2y$10$zYV/S.Gq.fP8mXPJm5fPzuazzHfGz3VA1rAglVnuNIt8IwKagp7ku","53.408727","-2.539113",,,,"Speedy11918"
"1920","Speedy Services","Speedy Services","WIDNES"," WA8 8RA","contact@ntuk.co.uk",,"$2y$10$zYV/S.Gq.fP8mXPJm5fPzuazzHfGz3VA1rAglVnuNIt8IwKagp7ku","53.359778","-2.770975",,,,"Speedy11919"
"1921","Speedy Services","Speedy Services","WAKEFIELD"," WF1 5QU","contact@ntuk.co.uk",,"$2y$10$zYV/S.Gq.fP8mXPJm5fPzuazzHfGz3VA1rAglVnuNIt8IwKagp7ku","53.672515","-1.496259",,,,"Speedy11920"
"1922","Speedy Services","Speedy Services","WIGAN"," WN3 4EA","contact@ntuk.co.uk",,"$2y$10$zYV/S.Gq.fP8mXPJm5fPzuazzHfGz3VA1rAglVnuNIt8IwKagp7ku","53.54301","-2.635422",,,,"Speedy11921"
"1923","Speedy Services","Speedy Services","WORCESTER"," WR3 8SG","contact@ntuk.co.uk",,"$2y$10$zYV/S.Gq.fP8mXPJm5fPzuazzHfGz3VA1rAglVnuNIt8IwKagp7ku","52.218481","-2.196653",,,,"Speedy11922"
"1924","Speedy Services","Speedy Services","LLOYDS BRITISH WEDNESBURY"," WS10 7SH","contact@ntuk.co.uk",,"$2y$10$zYV/S.Gq.fP8mXPJm5fPzuazzHfGz3VA1rAglVnuNIt8IwKagp7ku","52.560859","-2.028382",,,,"Speedy11923"
"1925","Speedy Services","Speedy Services","WALSALL WOOD"," WS8 7BQ","contact@ntuk.co.uk",,"$2y$10$zYV/S.Gq.fP8mXPJm5fPzuazzHfGz3VA1rAglVnuNIt8IwKagp7ku","52.638746","-1.928509",,,,"Speedy11924"
"1926","Speedy Services","Speedy Services","WOLVERHAMPTON"," WV2 2QH","contact@ntuk.co.uk",,"$2y$10$zYV/S.Gq.fP8mXPJm5fPzuazzHfGz3VA1rAglVnuNIt8IwKagp7ku","52.58028","-2.113488",,,,"Speedy11925"
"1927","Speedy Services","Speedy Services","WATERFORD"," X91 TH24","contact@ntuk.co.uk",,"$2y$10$zYV/S.Gq.fP8mXPJm5fPzuazzHfGz3VA1rAglVnuNIt8IwKagp7ku","52.247101","-7.12255",,,,"Speedy11926"
"1928","Speedy Services","Speedy Services","SCARBOROUGH"," YO11 3UT","contact@ntuk.co.uk",,"$2y$10$zYV/S.Gq.fP8mXPJm5fPzuazzHfGz3VA1rAglVnuNIt8IwKagp7ku","54.23691","-0.414139",,,,"Speedy11927"
"1929","Speedy Services","Speedy Services","YORK"," YO31 7XD","contact@ntuk.co.uk",,"$2y$10$zYV/S.Gq.fP8mXPJm5fPzuazzHfGz3VA1rAglVnuNIt8IwKagp7ku","53.960728","-1.06677",,,,"Speedy11928"
"1930","Speedy Services","Speedy Services","ASHFORD","TN24 8DH","contact@ntuk.co.uk",,"$2y$10$zYV/S.Gq.fP8mXPJm5fPzuazzHfGz3VA1rAglVnuNIt8IwKagp7ku","51.150602","0.884621",,,,"Speedy11929"
"1931","SRL Traffic Systems Limited","SRL Traffic Systems Limited","The Bungalow","ST18 0PS","contact@ntuk.co.uk",,"$2y$10$zYV/S.Gq.fP8mXPJm5fPzuazzHfGz3VA1rAglVnuNIt8IwKagp7ku","52.825967","-2.001962",,,,"SRLTra11930"
"1932","Standard Plant Hire Limited","Standard Plant Hire Limited","Unit 3 Standard House","CR0 9UG","contact@ntuk.co.uk",,"$2y$10$zYV/S.Gq.fP8mXPJm5fPzuazzHfGz3VA1rAglVnuNIt8IwKagp7ku","51.343917","-0.003383",,,,"Standa11931"
"1933","Star Platforms Ltd","Star Platforms Ltd","Kensworth Nurseries","LU6 3QT","contact@ntuk.co.uk",,"$2y$10$zYV/S.Gq.fP8mXPJm5fPzuazzHfGz3VA1rAglVnuNIt8IwKagp7ku","51.850522","-0.477009",,,,"StarPl11932"
"1934","Sunbelt Rentals Limited","Sunbelt Rentals Limited","Birmingham Depot (302)","B11 2AP","contact@ntuk.co.uk",,"$2y$10$zYV/S.Gq.fP8mXPJm5fPzuazzHfGz3VA1rAglVnuNIt8IwKagp7ku","52.458878","-1.838142",,,,"Sunbel11933"
"1935","Sunbelt Rentals Limited","Sunbelt Rentals Limited","Unit 5","B46 2HH","contact@ntuk.co.uk",,"$2y$10$zYV/S.Gq.fP8mXPJm5fPzuazzHfGz3VA1rAglVnuNIt8IwKagp7ku","52.542369","-1.682866",,,,"Sunbel11934"
"1936","Sunbelt Rentals Limited","Sunbelt Rentals Limited","100 Spring Road","B66 1PE","contact@ntuk.co.uk",,"$2y$10$zYV/S.Gq.fP8mXPJm5fPzuazzHfGz3VA1rAglVnuNIt8IwKagp7ku","52.505385","-1.988656",,,,"Sunbel11935"
"1937","Sunbelt Rentals Limited","Sunbelt Rentals Limited","Unit 8 Portway Road Industrial Estate","B69 2PP","contact@ntuk.co.uk",,"$2y$10$zYV/S.Gq.fP8mXPJm5fPzuazzHfGz3VA1rAglVnuNIt8IwKagp7ku","52.499189","-2.025926",,,"18/1/2021 13:26:30","Sunbel11936"
"1938","Sunbelt Rentals Limited","Sunbelt Rentals Limited","Unit A","B69 3EB","contact@ntuk.co.uk",,"$2y$10$zYV/S.Gq.fP8mXPJm5fPzuazzHfGz3VA1rAglVnuNIt8IwKagp7ku","52.51038","-2.030103",,,,"Sunbel11937"
"1939","Sunbelt Rentals Limited","Sunbelt Rentals Limited","Ford Airfield Industrial Estate","BN18 0HY","contact@ntuk.co.uk",,"$2y$10$zYV/S.Gq.fP8mXPJm5fPzuazzHfGz3VA1rAglVnuNIt8IwKagp7ku","50.819169","-0.596423",,,,"Sunbel11938"
"1940","Sunbelt Rentals Limited","Sunbelt Rentals Limited","Unit 17 Millacre Road","CA2 5RT","contact@ntuk.co.uk",,"$2y$10$zYV/S.Gq.fP8mXPJm5fPzuazzHfGz3VA1rAglVnuNIt8IwKagp7ku","54.898836","-2.949598",,,,"Sunbel11939"
"1941","Sunbelt Rentals Limited","Sunbelt Rentals Limited","Bridge End Industrial Estate","CA22 2RD","contact@ntuk.co.uk",,"$2y$10$zYV/S.Gq.fP8mXPJm5fPzuazzHfGz3VA1rAglVnuNIt8IwKagp7ku","54.477267","-3.525086",,,,"Sunbel11940"
"1942","Sunbelt Rentals Limited","Sunbelt Rentals Limited","Unit 8 Bridge End Industrial Estate","CA22 2RE","contact@ntuk.co.uk",,"$2y$10$zYV/S.Gq.fP8mXPJm5fPzuazzHfGz3VA1rAglVnuNIt8IwKagp7ku","54.478925","-3.527555",,,,"Sunbel11941"
"1943","Sunbelt Rentals Limited","Sunbelt Rentals Limited","Red Lonning Industrial Estate","CA28 6SJ","contact@ntuk.co.uk",,"$2y$10$zYV/S.Gq.fP8mXPJm5fPzuazzHfGz3VA1rAglVnuNIt8IwKagp7ku","54.548125","-3.564015",,,,"Sunbel11942"
"1944","Sunbelt Rentals Limited","Sunbelt Rentals Limited","Unit B Mercers Row Industrial Estate","CB5 8JZ","contact@ntuk.co.uk",,"$2y$10$zYV/S.Gq.fP8mXPJm5fPzuazzHfGz3VA1rAglVnuNIt8IwKagp7ku","52.214258","0.150517",,,,"Sunbel11943"
"1945","Sunbelt Rentals Limited","Sunbelt Rentals Limited","East Bay Close","CF10 4BA","contact@ntuk.co.uk",,"$2y$10$zYV/S.Gq.fP8mXPJm5fPzuazzHfGz3VA1rAglVnuNIt8IwKagp7ku","51.478447","-3.164417",,,,"Sunbel11944"
"1946","Sunbelt Rentals Limited","Sunbelt Rentals Limited","Llandough Industrial Estate","CF11 8TW","contact@ntuk.co.uk",,"$2y$10$zYV/S.Gq.fP8mXPJm5fPzuazzHfGz3VA1rAglVnuNIt8IwKagp7ku","51.453424","-3.196465",,,,"Sunbel11945"
"1947","Sunbelt Rentals Limited","Sunbelt Rentals Limited","Trews Field Industrial Estate","CF31 4LH","contact@ntuk.co.uk",,"$2y$10$zYV/S.Gq.fP8mXPJm5fPzuazzHfGz3VA1rAglVnuNIt8IwKagp7ku","51.514438","-3.58578",,,,"Sunbel11946"
"1948","Sunbelt Rentals Limited","Sunbelt Rentals Limited","1 George Thomas Avenue","CF32 9SQ","contact@ntuk.co.uk",,"$2y$10$zYV/S.Gq.fP8mXPJm5fPzuazzHfGz3VA1rAglVnuNIt8IwKagp7ku","51.549932","-3.579644",,,,"Sunbel11947"
"1949","Sunbelt Rentals Limited","Sunbelt Rentals Limited","Unit 6 Heath Business Park","CO2 8GU","contact@ntuk.co.uk",,"$2y$10$zYV/S.Gq.fP8mXPJm5fPzuazzHfGz3VA1rAglVnuNIt8IwKagp7ku","51.872976","0.926414",,,,"Sunbel11948"
"1950","Sunbelt Rentals Limited","Sunbelt Rentals Limited","Broad Street Jetty","CV6 5BE","contact@ntuk.co.uk",,"$2y$10$zYV/S.Gq.fP8mXPJm5fPzuazzHfGz3VA1rAglVnuNIt8IwKagp7ku","52.426295","-1.497458",,,,"Sunbel11949"
"1951","Sunbelt Rentals Limited","Sunbelt Rentals Limited","5 Mid Craigie Road","DD4 7RH","contact@ntuk.co.uk",,"$2y$10$zYV/S.Gq.fP8mXPJm5fPzuazzHfGz3VA1rAglVnuNIt8IwKagp7ku","56.475446","-2.935568",,,,"Sunbel11950"
"1952","Sunbelt Rentals Limited","Sunbelt Rentals Limited","Mansfield Road","DE1 3RF","contact@ntuk.co.uk",,"$2y$10$zYV/S.Gq.fP8mXPJm5fPzuazzHfGz3VA1rAglVnuNIt8IwKagp7ku","52.933547","-1.471774",,,,"Sunbel11951"
"1953","Sunbelt Rentals Limited","Sunbelt Rentals Limited","Unit 11-15 Batista Road","DE13 0DW","contact@ntuk.co.uk",,"$2y$10$zYV/S.Gq.fP8mXPJm5fPzuazzHfGz3VA1rAglVnuNIt8IwKagp7ku","52.823792","-1.621996",,,,"Sunbel11952"
"1954","Sunbelt Rentals Limited","Sunbelt Rentals Limited","119 Bow Road","E3 2AN","contact@ntuk.co.uk",,"$2y$10$zYV/S.Gq.fP8mXPJm5fPzuazzHfGz3VA1rAglVnuNIt8IwKagp7ku","51.5277","-0.023927",,,,"Sunbel11953"
"1955","Sunbelt Rentals Limited","Sunbelt Rentals Limited","50 West Harbour Road","EH5 1PZ","contact@ntuk.co.uk",,"$2y$10$zYV/S.Gq.fP8mXPJm5fPzuazzHfGz3VA1rAglVnuNIt8IwKagp7ku","55.982525","-3.234301",,,,"Sunbel11954"
"1956","Sunbelt Rentals Limited","Sunbelt Rentals Limited","Fishleigh Rock","EX37 9DX","contact@ntuk.co.uk",,"$2y$10$zYV/S.Gq.fP8mXPJm5fPzuazzHfGz3VA1rAglVnuNIt8IwKagp7ku","51.003222","-4.007579",,,,"Sunbel11955"
"1957","Sunbelt Rentals Limited","Sunbelt Rentals Limited","Mushroom Road","EX5 1DR","contact@ntuk.co.uk",,"$2y$10$zYV/S.Gq.fP8mXPJm5fPzuazzHfGz3VA1rAglVnuNIt8IwKagp7ku","50.708945","-3.413053",,,,"Sunbel11956"
"1958","Sunbelt Rentals Limited","Sunbelt Rentals Limited","338 Broomloan Road","G51 2JQ","contact@ntuk.co.uk",,"$2y$10$zYV/S.Gq.fP8mXPJm5fPzuazzHfGz3VA1rAglVnuNIt8IwKagp7ku","55.855582","-4.311952",,,,"Sunbel11957"
"1959","Sunbelt Rentals Limited","Sunbelt Rentals Limited","310 Hawthorn Avenue","HU3 5JF","contact@ntuk.co.uk",,"$2y$10$zYV/S.Gq.fP8mXPJm5fPzuazzHfGz3VA1rAglVnuNIt8IwKagp7ku","53.733992","-0.379311",,,,"Sunbel11958"
"1960","Sunbelt Rentals Limited","Sunbelt Rentals Limited","Unit E Abbey Wharf","IG11 0BD","contact@ntuk.co.uk",,"$2y$10$zYV/S.Gq.fP8mXPJm5fPzuazzHfGz3VA1rAglVnuNIt8IwKagp7ku","51.526831","0.08749",,,,"Sunbel11959"
"1961","Sunbelt Rentals Limited","Sunbelt Rentals Limited","Holmquarry Road","KA1 4DA","contact@ntuk.co.uk",,"$2y$10$zYV/S.Gq.fP8mXPJm5fPzuazzHfGz3VA1rAglVnuNIt8IwKagp7ku","55.598332","-4.50157",,,,"Sunbel11960"
"1962","Sunbelt Rentals Limited","Sunbelt Rentals Limited","Unit 6 Chessington Park Industrial Estate","KT9 1ST","contact@ntuk.co.uk",,"$2y$10$zYV/S.Gq.fP8mXPJm5fPzuazzHfGz3VA1rAglVnuNIt8IwKagp7ku","51.36808","-0.286686",,,,"Sunbel11961"
"1963","Sunbelt Rentals Limited","Sunbelt Rentals Limited","Unit 10 King Edward Industrial Estate","L3 7HJ","contact@ntuk.co.uk",,"$2y$10$zYV/S.Gq.fP8mXPJm5fPzuazzHfGz3VA1rAglVnuNIt8IwKagp7ku","53.411008","-2.998632",,,,"Sunbel11962"
"1964","Sunbelt Rentals Limited","Sunbelt Rentals Limited","Dunnings Bridge Road","L30 6TF","contact@ntuk.co.uk",,"$2y$10$zYV/S.Gq.fP8mXPJm5fPzuazzHfGz3VA1rAglVnuNIt8IwKagp7ku","53.483757","-2.963374",,,,"Sunbel11963"
"1965","Sunbelt Rentals Limited","Sunbelt Rentals Limited","Leckwith Road","L30 6UF","contact@ntuk.co.uk",,"$2y$10$zYV/S.Gq.fP8mXPJm5fPzuazzHfGz3VA1rAglVnuNIt8IwKagp7ku","53.483074","-2.955507",,,,"Sunbel11964"
"1966","Sunbelt Rentals Limited","Sunbelt Rentals Limited","Corporation Road","LE4 5PW","contact@ntuk.co.uk",,"$2y$10$zYV/S.Gq.fP8mXPJm5fPzuazzHfGz3VA1rAglVnuNIt8IwKagp7ku","52.656154","-1.13244",,,,"Sunbel11965"
"1967","Sunbelt Rentals Limited","Sunbelt Rentals Limited","George Street","LN5 8LG","contact@ntuk.co.uk",,"$2y$10$zYV/S.Gq.fP8mXPJm5fPzuazzHfGz3VA1rAglVnuNIt8IwKagp7ku","53.223526","-0.524071",,,,"Sunbel11966"
"1968","Sunbelt Rentals Limited","Sunbelt Rentals Limited","Unit 3-4 Low Mills Road","LS12 4UY","contact@ntuk.co.uk",,"$2y$10$zYV/S.Gq.fP8mXPJm5fPzuazzHfGz3VA1rAglVnuNIt8IwKagp7ku","53.782723","-1.597351",,,,"Sunbel11967"
"1969","Sunbelt Rentals Limited","Sunbelt Rentals Limited","Unit 3 Cosgrove Way","LU1 1XL","contact@ntuk.co.uk",,"$2y$10$zYV/S.Gq.fP8mXPJm5fPzuazzHfGz3VA1rAglVnuNIt8IwKagp7ku","51.886947","-0.461087",,,,"Sunbel11968"
"1970","Sunbelt Rentals Limited","Sunbelt Rentals Limited","Unit B Alpha 3","M17 1DB","contact@ntuk.co.uk",,"$2y$10$zYV/S.Gq.fP8mXPJm5fPzuazzHfGz3VA1rAglVnuNIt8IwKagp7ku","53.464933","-2.312",,,,"Sunbel11969"
"1971","Sunbelt Rentals Limited","Sunbelt Rentals Limited","Burial Ground Lane","ME15 6RJ","contact@ntuk.co.uk",,"$2y$10$zYV/S.Gq.fP8mXPJm5fPzuazzHfGz3VA1rAglVnuNIt8IwKagp7ku","51.262943","0.508367",,,,"Sunbel11970"
"1972","Sunbelt Rentals Limited","Sunbelt Rentals Limited","Sir Thomas Longley Road","ME2 4DU","contact@ntuk.co.uk",,"$2y$10$zYV/S.Gq.fP8mXPJm5fPzuazzHfGz3VA1rAglVnuNIt8IwKagp7ku","51.390691","0.514128",,,,"Sunbel11971"
"1973","Sunbelt Rentals Limited","Sunbelt Rentals Limited","2 Bridgeturn Avenue","MK12 5QL","contact@ntuk.co.uk",,"$2y$10$zYV/S.Gq.fP8mXPJm5fPzuazzHfGz3VA1rAglVnuNIt8IwKagp7ku","52.066036","-0.809427",,,,"Sunbel11972"
"1974","Sunbelt Rentals Limited","Sunbelt Rentals Limited","1 Bridgeturn Avenue","MK12 5QL","contact@ntuk.co.uk",,"$2y$10$zYV/S.Gq.fP8mXPJm5fPzuazzHfGz3VA1rAglVnuNIt8IwKagp7ku","52.066036","-0.809427",,,,"Sunbel11973"
"1975","Sunbelt Rentals Limited","Sunbelt Rentals Limited","Stoneygate Lane","NE10 0LX","contact@ntuk.co.uk",,"$2y$10$zYV/S.Gq.fP8mXPJm5fPzuazzHfGz3VA1rAglVnuNIt8IwKagp7ku","54.952262","-1.561551",,,,"Sunbel11974"
"1976","Sunbelt Rentals Limited","Sunbelt Rentals Limited","Unit 6 Brunswick Ind Est","NE13 7BA","contact@ntuk.co.uk",,"$2y$10$zYV/S.Gq.fP8mXPJm5fPzuazzHfGz3VA1rAglVnuNIt8IwKagp7ku","55.046669","-1.643594",,,,"Sunbel11975"
"1977","Sunbelt Rentals Limited","Sunbelt Rentals Limited","Brunel Drive","NG24 2DE","contact@ntuk.co.uk",,"$2y$10$zYV/S.Gq.fP8mXPJm5fPzuazzHfGz3VA1rAglVnuNIt8IwKagp7ku","53.088682","-0.787791",,,,"Sunbel11976"
"1978","Sunbelt Rentals Limited","Sunbelt Rentals Limited","10 Bull Close Road","NG7 2UL","contact@ntuk.co.uk",,"$2y$10$zYV/S.Gq.fP8mXPJm5fPzuazzHfGz3VA1rAglVnuNIt8IwKagp7ku","52.929897","-1.173572",,,,"Sunbel11977"
"1979","Sunbelt Rentals Limited","Sunbelt Rentals Limited","15-17 St James Mill Road","NN5 5JW","contact@ntuk.co.uk",,"$2y$10$zYV/S.Gq.fP8mXPJm5fPzuazzHfGz3VA1rAglVnuNIt8IwKagp7ku","52.235192","-0.912933",,,,"Sunbel11978"
"1980","Sunbelt Rentals Limited","Sunbelt Rentals Limited","Unit 1 East Bank Road","NP19 4PP","contact@ntuk.co.uk",,"$2y$10$zYV/S.Gq.fP8mXPJm5fPzuazzHfGz3VA1rAglVnuNIt8IwKagp7ku","51.56645","-2.975122",,,,"Sunbel11979"
"1981","Sunbelt Rentals Limited","Sunbelt Rentals Limited","Anson Road","NR6 6ED","contact@ntuk.co.uk",,"$2y$10$zYV/S.Gq.fP8mXPJm5fPzuazzHfGz3VA1rAglVnuNIt8IwKagp7ku","52.667381","1.281278",,,,"Sunbel11980"
"1982","Sunbelt Rentals Limited","Sunbelt Rentals Limited","St Johns Road","PE21 6BE","contact@ntuk.co.uk",,"$2y$10$zYV/S.Gq.fP8mXPJm5fPzuazzHfGz3VA1rAglVnuNIt8IwKagp7ku","52.972388","-0.021239",,,,"Sunbel11981"
"1983","Sunbelt Rentals Limited","Sunbelt Rentals Limited","Unit 1 Westbridge Industrial Estate","PL19 8DE","contact@ntuk.co.uk",,"$2y$10$zYV/S.Gq.fP8mXPJm5fPzuazzHfGz3VA1rAglVnuNIt8IwKagp7ku","50.543147","-4.148777",,,,"Sunbel11982"
"1984","Sunbelt Rentals Limited","Sunbelt Rentals Limited","Speedfields Park","PO14 1TS","contact@ntuk.co.uk",,"$2y$10$zYV/S.Gq.fP8mXPJm5fPzuazzHfGz3VA1rAglVnuNIt8IwKagp7ku","50.835303","-1.184959",,,,"Sunbel11983"
"1985","Sunbelt Rentals Limited","Sunbelt Rentals Limited","Speedfields Park","PO14 1TS","contact@ntuk.co.uk",,"$2y$10$zYV/S.Gq.fP8mXPJm5fPzuazzHfGz3VA1rAglVnuNIt8IwKagp7ku","50.835303","-1.184959",,,,"Sunbel11984"
"1986","Sunbelt Rentals Limited","Sunbelt Rentals Limited","Factory Lane","PR1 9TD","contact@ntuk.co.uk",,"$2y$10$zYV/S.Gq.fP8mXPJm5fPzuazzHfGz3VA1rAglVnuNIt8IwKagp7ku","53.741639","-2.706917",,,,"Sunbel11985"
"1987","Sunbelt Rentals Limited","Sunbelt Rentals Limited","20","RG19 4PR","contact@ntuk.co.uk",,"$2y$10$zYV/S.Gq.fP8mXPJm5fPzuazzHfGz3VA1rAglVnuNIt8IwKagp7ku","51.401525","-1.253486",,,,"Sunbel11986"
"1988","Sunbelt Rentals Limited","Sunbelt Rentals Limited","Unit D3 Star Business Centre","RM13 8UP","contact@ntuk.co.uk",,"$2y$10$zYV/S.Gq.fP8mXPJm5fPzuazzHfGz3VA1rAglVnuNIt8IwKagp7ku","51.513232","0.173704",,,,"Sunbel11987"
"1989","Sunbelt Rentals Limited","Sunbelt Rentals Limited","Unit 3","RM3 8XB","contact@ntuk.co.uk",,"$2y$10$zYV/S.Gq.fP8mXPJm5fPzuazzHfGz3VA1rAglVnuNIt8IwKagp7ku","51.598184","0.217179",,,,"Sunbel11988"
"1990","Sunbelt Rentals Limited","Sunbelt Rentals Limited","King George Close","RM7 7PN","contact@ntuk.co.uk",,"$2y$10$zYV/S.Gq.fP8mXPJm5fPzuazzHfGz3VA1rAglVnuNIt8IwKagp7ku","51.586443","0.16689",,,,"Sunbel11989"
"1991","Sunbelt Rentals Limited","Sunbelt Rentals Limited","Chesterfield Trading Estate","S41 9AS","contact@ntuk.co.uk",,"$2y$10$zYV/S.Gq.fP8mXPJm5fPzuazzHfGz3VA1rAglVnuNIt8IwKagp7ku","53.27513","-1.459131",,,,"Sunbel11990"
"1992","Sunbelt Rentals Limited","Sunbelt Rentals Limited","Unit B1 Swinton Bridge Industrial Estate","S64 8BH","contact@ntuk.co.uk",,"$2y$10$zYV/S.Gq.fP8mXPJm5fPzuazzHfGz3VA1rAglVnuNIt8IwKagp7ku","53.490852","-1.303154",,,,"Sunbel11991"
"1993","Sunbelt Rentals Limited","Sunbelt Rentals Limited","Sheffield Tool Hire Express","S9 5FD","contact@ntuk.co.uk",,"$2y$10$zYV/S.Gq.fP8mXPJm5fPzuazzHfGz3VA1rAglVnuNIt8IwKagp7ku","53.394391","-1.409319",,,,"Sunbel11992"
"1994","Sunbelt Rentals Limited","Sunbelt Rentals Limited","New Cut Road","SA1 8AP","contact@ntuk.co.uk",,"$2y$10$zYV/S.Gq.fP8mXPJm5fPzuazzHfGz3VA1rAglVnuNIt8IwKagp7ku","51.62459","-3.938084",,,,"Sunbel11993"
"1995","Sunbelt Rentals Limited","Sunbelt Rentals Limited","37 Pomeroy Street","SE14 5BW","contact@ntuk.co.uk",,"$2y$10$zYV/S.Gq.fP8mXPJm5fPzuazzHfGz3VA1rAglVnuNIt8IwKagp7ku","51.476071","-0.052311",,,,"Sunbel11994"
"1996","Sunbelt Rentals Limited","Sunbelt Rentals Limited","Waterman House","SL3 0ET","contact@ntuk.co.uk",,"$2y$10$zYV/S.Gq.fP8mXPJm5fPzuazzHfGz3VA1rAglVnuNIt8IwKagp7ku","51.484601","-0.514622",,,,"Sunbel11995"
"1997","Sunbelt Rentals Limited","Sunbelt Rentals Limited","Britannia Business Park","SN3 4ND","contact@ntuk.co.uk",,"$2y$10$zYV/S.Gq.fP8mXPJm5fPzuazzHfGz3VA1rAglVnuNIt8IwKagp7ku","51.581868","-1.756195",,,,"Sunbel11996"
"1998","Sunbelt Rentals Limited","Sunbelt Rentals Limited","Plot F6 Cracknore Industrial Estate","SO40 4ZD","contact@ntuk.co.uk",,"$2y$10$zYV/S.Gq.fP8mXPJm5fPzuazzHfGz3VA1rAglVnuNIt8IwKagp7ku","50.893993","-1.435263",,,,"Sunbel11997"
"1999","Sunbelt Rentals Limited","Sunbelt Rentals Limited","Southampton Traffic Depot","SO51 0HA","contact@ntuk.co.uk",,"$2y$10$zYV/S.Gq.fP8mXPJm5fPzuazzHfGz3VA1rAglVnuNIt8IwKagp7ku","50.997679","-1.50131",,,,"Sunbel11998"
"2000","Sunbelt Rentals Limited","Sunbelt Rentals Limited","Burnt Mills Industrial Estate","SS13 1RZ","contact@ntuk.co.uk",,"$2y$10$zYV/S.Gq.fP8mXPJm5fPzuazzHfGz3VA1rAglVnuNIt8IwKagp7ku","51.586919","0.50608",,,,"Sunbel11999"
"2001","Sunbelt Rentals Limited","Sunbelt Rentals Limited","Unit 1A","ST6 2EB","contact@ntuk.co.uk",,"$2y$10$zYV/S.Gq.fP8mXPJm5fPzuazzHfGz3VA1rAglVnuNIt8IwKagp7ku","53.046623","-2.180956",,,,"Sunbel12000"
"2002","Sunbelt Rentals Limited","Sunbelt Rentals Limited","40-42 Portslade Road","SW8 3DH","contact@ntuk.co.uk",,"$2y$10$zYV/S.Gq.fP8mXPJm5fPzuazzHfGz3VA1rAglVnuNIt8IwKagp7ku","51.47118","-0.139863",,,,"Sunbel12001"
"2003","Sunbelt Rentals Limited","Sunbelt Rentals Limited","242-252 London Road","TW18 4JQ","contact@ntuk.co.uk",,"$2y$10$zYV/S.Gq.fP8mXPJm5fPzuazzHfGz3VA1rAglVnuNIt8IwKagp7ku","51.437742","-0.494114",,,,"Sunbel12002"
"2004","Sunbelt Rentals Limited","Sunbelt Rentals Limited","102 Dalton Avenue","WA3 6YE","contact@ntuk.co.uk",,"$2y$10$zYV/S.Gq.fP8mXPJm5fPzuazzHfGz3VA1rAglVnuNIt8IwKagp7ku","53.429287","-2.5264",,,,"Sunbel12003"
"2005","Sunbelt Rentals Limited","Sunbelt Rentals Limited","The Vale Industrial Estate","WD18 9QP","contact@ntuk.co.uk",,"$2y$10$zYV/S.Gq.fP8mXPJm5fPzuazzHfGz3VA1rAglVnuNIt8IwKagp7ku","51.637949","-0.440238",,,,"Sunbel12004"
"2006","Sunbelt Rentals Limited","Sunbelt Rentals Limited","Hall Lane","WS9 9AX","contact@ntuk.co.uk",,"$2y$10$zYV/S.Gq.fP8mXPJm5fPzuazzHfGz3VA1rAglVnuNIt8IwKagp7ku","52.625302","-1.936198",,,,"Sunbel12005"
"2007","Surrey Hire and Sales Limited","Surrey Hire and Sales Limited","2A Woodham Lane","KT15 3NA","contact@ntuk.co.uk",,"$2y$10$zYV/S.Gq.fP8mXPJm5fPzuazzHfGz3VA1rAglVnuNIt8IwKagp7ku","51.355799","-0.488114",,,,"Surrey12006"
"2008","Surrey Hire and Sales Limited","Surrey Hire and Sales Limited","186 Kingston Road","KT19 0SF","contact@ntuk.co.uk",,"$2y$10$zYV/S.Gq.fP8mXPJm5fPzuazzHfGz3VA1rAglVnuNIt8IwKagp7ku","51.361309","-0.253241",,,,"Surrey12007"
"2009","Sydenhams Hire Centres Ltd","Sydenhams Hire Centres Ltd","Woodcock Industrial Estate","BA12 9DX","contact@ntuk.co.uk",,"$2y$10$zYV/S.Gq.fP8mXPJm5fPzuazzHfGz3VA1rAglVnuNIt8IwKagp7ku","51.203931","-2.165959",,,,"Sydenh12008"
"2010","Sydenhams Hire Centres Ltd","Sydenhams Hire Centres Ltd","Saxon House","DT1 2PG","contact@ntuk.co.uk",,"$2y$10$zYV/S.Gq.fP8mXPJm5fPzuazzHfGz3VA1rAglVnuNIt8IwKagp7ku","50.716605","-2.450356",,,,"Sydenh12009"
"2011","Sydenhams Hire Centres Ltd","Sydenhams Hire Centres Ltd","Blandford Heights Industrial Estate","DT11 7TE","contact@ntuk.co.uk",,"$2y$10$zYV/S.Gq.fP8mXPJm5fPzuazzHfGz3VA1rAglVnuNIt8IwKagp7ku","50.869145","-2.157774",,,,"Sydenh12010"
"2012","Sydenhams Hire Centres Ltd","Sydenhams Hire Centres Ltd","Ryde Business Park","PO33 1BD","contact@ntuk.co.uk",,"$2y$10$zYV/S.Gq.fP8mXPJm5fPzuazzHfGz3VA1rAglVnuNIt8IwKagp7ku","50.717881","-1.155365",,,,"Sydenh12011"
"2013","T G Lynes Ltd","T G Lynes Ltd","115 Brancroft Way","EN3 7QE","contact@ntuk.co.uk",,"$2y$10$zYV/S.Gq.fP8mXPJm5fPzuazzHfGz3VA1rAglVnuNIt8IwKagp7ku","51.661413","-0.02199",,,,"TGLyne12012"
"2014","T.J. Plant & Lifting Services Limited","T.J. Plant & Lifting Services Limited","Unit 24B","WS10 7NB","contact@ntuk.co.uk",,"$2y$10$zYV/S.Gq.fP8mXPJm5fPzuazzHfGz3VA1rAglVnuNIt8IwKagp7ku","52.545403","-2.035598",,,,"TJPlan12013"
"2015","Tacklestore t/a SafetyLiftinGear.com","Tacklestore t/a SafetyLiftinGear.com","Unit 23 Atlantic Road","BS11 9QD","contact@ntuk.co.uk",,"$2y$10$zYV/S.Gq.fP8mXPJm5fPzuazzHfGz3VA1rAglVnuNIt8IwKagp7ku","51.498712","-2.687772",,,,"Tackle12014"
"2016","Talgarth Building Supplies Ltd","Talgarth Building Supplies Ltd","Hay Road","LD3 0AL","contact@ntuk.co.uk",,"$2y$10$zYV/S.Gq.fP8mXPJm5fPzuazzHfGz3VA1rAglVnuNIt8IwKagp7ku","51.997947","-3.231921",,,,"Talgar12015"
"2017","Temporary Foundation Hire Ltd","Temporary Foundation Hire Ltd","10 Lorraine Close","CM11 2QG","contact@ntuk.co.uk",,"$2y$10$zYV/S.Gq.fP8mXPJm5fPzuazzHfGz3VA1rAglVnuNIt8IwKagp7ku","51.609997","0.436446",,,,"Tempor12016"
"2018","Tempower Ltd.","Tempower Ltd.","Unit 4 Falconer Road","CB9 7XZ","contact@ntuk.co.uk",,"$2y$10$zYV/S.Gq.fP8mXPJm5fPzuazzHfGz3VA1rAglVnuNIt8IwKagp7ku","52.071182","0.453571",,,,"Tempow12017"
"2019","Terratruck Distribution Services (Nottingham) Limited","Terratruck Distribution Services (Nottingham) Limited","87-89 Portland Road","NG15 7SF","contact@ntuk.co.uk",,"$2y$10$zYV/S.Gq.fP8mXPJm5fPzuazzHfGz3VA1rAglVnuNIt8IwKagp7ku","53.034002","-1.196965",,,,"Terrat12018"
"2020","Terratruck Distribution Services Limited","Terratruck Distribution Services Limited","Derby Road","LE11 5BX","contact@ntuk.co.uk",,"$2y$10$zYV/S.Gq.fP8mXPJm5fPzuazzHfGz3VA1rAglVnuNIt8IwKagp7ku","52.775438","-1.213352",,,,"Terrat12019"
"2021","Terratruck Distribution Services Limited","Terratruck Distribution Services Limited","34/36 Gipsy Lane","LE4 6TD","contact@ntuk.co.uk",,"$2y$10$zYV/S.Gq.fP8mXPJm5fPzuazzHfGz3VA1rAglVnuNIt8IwKagp7ku","52.65588","-1.110078",,,,"Terrat12020"
"2022","Thames Valley Hire Services Ltd.","Thames Valley Hire Services Ltd.","Unit 8B, Swains Yard","SL0 9AQ","contact@ntuk.co.uk",,"$2y$10$zYV/S.Gq.fP8mXPJm5fPzuazzHfGz3VA1rAglVnuNIt8IwKagp7ku","51.504471","-0.50095",,,,"Thames12021"
"2023","Thames Valley Hire Services Ltd.","Thames Valley Hire Services Ltd.","193-194 High Street","TW20 9ED","contact@ntuk.co.uk",,"$2y$10$zYV/S.Gq.fP8mXPJm5fPzuazzHfGz3VA1rAglVnuNIt8IwKagp7ku","51.431583","-0.553399",,,,"Thames12022"
"2024","The Hire Supply Company (UK) Ltd.","The Hire Supply Company (UK) Ltd.","7 - 10 Eldon Road Trading Estate","NG9 6DZ","contact@ntuk.co.uk",,"$2y$10$zYV/S.Gq.fP8mXPJm5fPzuazzHfGz3VA1rAglVnuNIt8IwKagp7ku","52.904683","-1.238327",,,,"TheHir12023"
"2025","The Hireman (London) Ltd.","The Hireman (London) Ltd.","254-256 Joseph Ray Road","E11 4RA","contact@ntuk.co.uk",,"$2y$10$zYV/S.Gq.fP8mXPJm5fPzuazzHfGz3VA1rAglVnuNIt8IwKagp7ku","51.563817","0.008226",,,,"TheHir12024"
"2026","The Hireman (London) Ltd.","The Hireman (London) Ltd.","Unit 10 Towers Business Park","HA9 0LQ","contact@ntuk.co.uk",,"$2y$10$zYV/S.Gq.fP8mXPJm5fPzuazzHfGz3VA1rAglVnuNIt8IwKagp7ku","51.556389","-0.270099",,,,"TheHir12025"
"2027","The Hireman (London) Ltd.","The Hireman (London) Ltd.","150-156 Abbey Street","SE1 3NR","contact@ntuk.co.uk",,"$2y$10$zYV/S.Gq.fP8mXPJm5fPzuazzHfGz3VA1rAglVnuNIt8IwKagp7ku","51.497756","-0.074813",,,,"TheHir12026"
"2028","The Hireman (London) Ltd.","The Hireman (London) Ltd.","Black Swan House","SE1 5AN","contact@ntuk.co.uk",,"$2y$10$zYV/S.Gq.fP8mXPJm5fPzuazzHfGz3VA1rAglVnuNIt8IwKagp7ku","51.484655","-0.071087",,,,"TheHir12027"
"2029","The Platform Hire Centre","The Platform Hire Centre","Unit B4","DY2 0UY","contact@ntuk.co.uk",,"$2y$10$zYV/S.Gq.fP8mXPJm5fPzuazzHfGz3VA1rAglVnuNIt8IwKagp7ku","52.498525","-2.093582",,,,"ThePla12028"
"2030","The Preparation Group","The Preparation Group","Preparation House","LN2 4JB","contact@ntuk.co.uk",,"$2y$10$zYV/S.Gq.fP8mXPJm5fPzuazzHfGz3VA1rAglVnuNIt8IwKagp7ku","53.238813","-0.512861",,,,"ThePre12029"
"2031","The Tool Hire Centre Ltd","The Tool Hire Centre Ltd","Paices Yard","RG7 4PW","contact@ntuk.co.uk",,"$2y$10$zYV/S.Gq.fP8mXPJm5fPzuazzHfGz3VA1rAglVnuNIt8IwKagp7ku","51.370428","-1.153847",,,,"TheToo12030"
"2032","The Tool Hire Centre Ltd.","The Tool Hire Centre Ltd.","Skates Farm","RG26 3AB","contact@ntuk.co.uk",,"$2y$10$zYV/S.Gq.fP8mXPJm5fPzuazzHfGz3VA1rAglVnuNIt8IwKagp7ku","51.338588","-1.131665",,,,"TheToo12031"
"2033","Thermobile UK Ltd","Thermobile UK Ltd","Unit 12 Buckingham Close","CV10 7JT","contact@ntuk.co.uk",,"$2y$10$zYV/S.Gq.fP8mXPJm5fPzuazzHfGz3VA1rAglVnuNIt8IwKagp7ku","52.507538","-1.474668",,,,"Thermo12032"
"2034","Thomas Tool Hire Limited","Thomas Tool Hire Limited","Marsh Lane","CH5 2LR","contact@ntuk.co.uk",,"$2y$10$zYV/S.Gq.fP8mXPJm5fPzuazzHfGz3VA1rAglVnuNIt8IwKagp7ku","53.224493","-2.999754",,,,"Thomas12033"
"2035","Thomsons Gas Distribution Hire Services","Thomsons Gas Distribution Hire Services","New Craig House","ML1 1QW","contact@ntuk.co.uk",,"$2y$10$zYV/S.Gq.fP8mXPJm5fPzuazzHfGz3VA1rAglVnuNIt8IwKagp7ku","55.782886","-3.974691",,,,"Thomso12034"
"2036","Thurrock Tool Hire Ltd","Thurrock Tool Hire Ltd","540 London Road","RM20 4BH","contact@ntuk.co.uk",,"$2y$10$zYV/S.Gq.fP8mXPJm5fPzuazzHfGz3VA1rAglVnuNIt8IwKagp7ku","51.477081","0.287138",,,,"Thurro12035"
"2037","Thurston Building Supplies Ltd. t/a TBS Hire","Thurston Building Supplies Ltd. t/a TBS Hire","Great Barton","IP31 2PJ","contact@ntuk.co.uk",,"$2y$10$zYV/S.Gq.fP8mXPJm5fPzuazzHfGz3VA1rAglVnuNIt8IwKagp7ku","52.269112","0.796903",,,,"Thurst12036"
"2038","Tippers Tool Hire","Tippers Tool Hire","Coppice Trading Estate","DY11 7QY","contact@ntuk.co.uk",,"$2y$10$zYV/S.Gq.fP8mXPJm5fPzuazzHfGz3VA1rAglVnuNIt8IwKagp7ku","52.36268","-2.271806",,,,"Tipper12037"
"2039","Tiptree Hire Centre","Tiptree Hire Centre","2 New Road","CO5 0HQ","contact@ntuk.co.uk",,"$2y$10$zYV/S.Gq.fP8mXPJm5fPzuazzHfGz3VA1rAglVnuNIt8IwKagp7ku","51.810974","0.751373",,,,"Tiptre12038"
"2040","Toga Plant Hire Ltd.","Toga Plant Hire Ltd.","Unit 4 Muirhead Quay","IG11 7BG","contact@ntuk.co.uk",,"$2y$10$zYV/S.Gq.fP8mXPJm5fPzuazzHfGz3VA1rAglVnuNIt8IwKagp7ku","51.530661","0.073867",,,,"TogaPl12039"
"2041","Toga Plant Hire Ltd.","Toga Plant Hire Ltd.","Abbey Road Industrial Estate","NW10 7XF","contact@ntuk.co.uk",,"$2y$10$zYV/S.Gq.fP8mXPJm5fPzuazzHfGz3VA1rAglVnuNIt8IwKagp7ku","51.533374","-0.272889",,,,"TogaPl12040"
"2042","Tool Hire Direct Ltd T/A The Hire Network","Tool Hire Direct Ltd T/A The Hire Network","Orchard Business Centre","SG8 5HD","contact@ntuk.co.uk",,"$2y$10$zYV/S.Gq.fP8mXPJm5fPzuazzHfGz3VA1rAglVnuNIt8IwKagp7ku","52.0543","-0.037588",,,,"ToolHi12041"
"2043","Top Service","Top Service","2-3 Regents Court","B98 0SD","contact@ntuk.co.uk",,"$2y$10$zYV/S.Gq.fP8mXPJm5fPzuazzHfGz3VA1rAglVnuNIt8IwKagp7ku","52.310658","-1.883859",,,,"TopSer12042"
"2044","Total Hire and Sales","Total Hire and Sales","Somercotes Depot","DE55 4HD","contact@ntuk.co.uk",,"$2y$10$zYV/S.Gq.fP8mXPJm5fPzuazzHfGz3VA1rAglVnuNIt8IwKagp7ku","53.080553","-1.371016",,,,"TotalH12043"
"2045","Total Hire and Sales Ltd","Total Hire and Sales Ltd","Derby North","DE21 5EH","contact@ntuk.co.uk",,"$2y$10$zYV/S.Gq.fP8mXPJm5fPzuazzHfGz3VA1rAglVnuNIt8IwKagp7ku","52.967902","-1.459295",,,,"TotalH12044"
"2046","Total Hire and Sales Ltd","Total Hire and Sales Ltd","Ripley Depot","DE55 3AX","contact@ntuk.co.uk",,"$2y$10$zYV/S.Gq.fP8mXPJm5fPzuazzHfGz3VA1rAglVnuNIt8IwKagp7ku","53.096636","-1.328489",,,,"TotalH12045"
"2047","Total Hire and Sales Ltd","Total Hire and Sales Ltd","Huthwaite Depot","NG17 2NW","contact@ntuk.co.uk",,"$2y$10$zYV/S.Gq.fP8mXPJm5fPzuazzHfGz3VA1rAglVnuNIt8IwKagp7ku","53.127814","-1.291747",,,,"TotalH12046"
"2048","Total Hire and Sales Ltd.","Total Hire and Sales Ltd.","Victory House","DE24 8EL","contact@ntuk.co.uk",,"$2y$10$zYV/S.Gq.fP8mXPJm5fPzuazzHfGz3VA1rAglVnuNIt8IwKagp7ku","52.892128","-1.470702",,,,"TotalH12047"
"2049","Total Rental Solutions Ltd","Total Rental Solutions Ltd","Unit H3","DL1 4PH","contact@ntuk.co.uk",,"$2y$10$zYV/S.Gq.fP8mXPJm5fPzuazzHfGz3VA1rAglVnuNIt8IwKagp7ku","54.52193","-1.499523",,,,"TotalR12048"
"2050","Toucan Hire Services Ltd","Toucan Hire Services Ltd","Unit 13 Vinces Road","IP22 4EU","contact@ntuk.co.uk",,"$2y$10$zYV/S.Gq.fP8mXPJm5fPzuazzHfGz3VA1rAglVnuNIt8IwKagp7ku","52.374033","1.122387",,,,"Toucan12049"
"2051","Toucan Hire Services Ltd","Toucan Hire Services Ltd","8 Penfold Drive","NR18 0WZ","contact@ntuk.co.uk",,"$2y$10$zYV/S.Gq.fP8mXPJm5fPzuazzHfGz3VA1rAglVnuNIt8IwKagp7ku","52.575652","1.136481",,,,"Toucan12050"
"2052","Town & Country Crushers Ltd","Town & Country Crushers Ltd","3 Churchill Avenue","TN39 4SG","contact@ntuk.co.uk",,"$2y$10$zYV/S.Gq.fP8mXPJm5fPzuazzHfGz3VA1rAglVnuNIt8IwKagp7ku","50.844889","0.434801",,,,"TownCo12051"
"2053","Tracked Access Platforms Limited","Tracked Access Platforms Limited","Offices 1st Floor","BD4 8RH","contact@ntuk.co.uk",,"$2y$10$zYV/S.Gq.fP8mXPJm5fPzuazzHfGz3VA1rAglVnuNIt8IwKagp7ku","53.776833","-1.727132",,,,"Tracke12052"
"2054","Trade Plant & Tool Hire Limited","Trade Plant & Tool Hire Limited","Dunbeath Road","SN2 8EA","contact@ntuk.co.uk",,"$2y$10$zYV/S.Gq.fP8mXPJm5fPzuazzHfGz3VA1rAglVnuNIt8IwKagp7ku","51.574782","-1.769191",,,,"TradeP12053"
"2055","Transwaste Recycling Aggregates Limited","Transwaste Recycling Aggregates Limited","Melton Waste Park","HU14 3HH","contact@ntuk.co.uk",,"$2y$10$zYV/S.Gq.fP8mXPJm5fPzuazzHfGz3VA1rAglVnuNIt8IwKagp7ku","53.723672","-0.531274",,,,"Transw12054"
"2056","Travis Perkins","Travis Perkins","Inverurie   "," AB51 4FR","contact@ntuk.co.uk",,"$2y$10$zYV/S.Gq.fP8mXPJm5fPzuazzHfGz3VA1rAglVnuNIt8IwKagp7ku","57.293759","-2.388037",,,,"Travis12055"
"2057","Travis Perkins","Travis Perkins","St Albans  "," AL1 5HT","contact@ntuk.co.uk",,"$2y$10$zYV/S.Gq.fP8mXPJm5fPzuazzHfGz3VA1rAglVnuNIt8IwKagp7ku","51.749639","-0.315212",,,,"Travis12056"
"2058","Travis Perkins","Travis Perkins","Welwyn Garden City "," AL7 1GF","contact@ntuk.co.uk",,"$2y$10$zYV/S.Gq.fP8mXPJm5fPzuazzHfGz3VA1rAglVnuNIt8IwKagp7ku","51.803187","-0.200011",,,,"Travis12057"
"2059","Travis Perkins","Travis Perkins","Birmingham Central  "," B18 5LT","contact@ntuk.co.uk",,"$2y$10$zYV/S.Gq.fP8mXPJm5fPzuazzHfGz3VA1rAglVnuNIt8IwKagp7ku","52.496098","-1.917928",,,,"Travis12058"
"2060","Travis Perkins","Travis Perkins","Birmingham Erdington  "," B23 5QG","contact@ntuk.co.uk",,"$2y$10$zYV/S.Gq.fP8mXPJm5fPzuazzHfGz3VA1rAglVnuNIt8IwKagp7ku","52.536746","-1.842338",,,,"Travis12059"
"2061","Travis Perkins","Travis Perkins","Birmingham Bournville  "," B30 2BT","contact@ntuk.co.uk",,"$2y$10$zYV/S.Gq.fP8mXPJm5fPzuazzHfGz3VA1rAglVnuNIt8IwKagp7ku","52.425216","-1.923809",,,,"Travis12060"
"2062","Travis Perkins","Travis Perkins","Birmingham Stirchley  "," B30 2YG","contact@ntuk.co.uk",,"$2y$10$zYV/S.Gq.fP8mXPJm5fPzuazzHfGz3VA1rAglVnuNIt8IwKagp7ku","52.434004","-1.918367",,,,"Travis12061"
"2063","Travis Perkins","Travis Perkins","Bromsgrove   "," B61 0DZ","contact@ntuk.co.uk",,"$2y$10$zYV/S.Gq.fP8mXPJm5fPzuazzHfGz3VA1rAglVnuNIt8IwKagp7ku","52.343122","-2.051932",,,,"Travis12062"
"2064","Travis Perkins","Travis Perkins","Rowley Regis  "," B65 0LP","contact@ntuk.co.uk",,"$2y$10$zYV/S.Gq.fP8mXPJm5fPzuazzHfGz3VA1rAglVnuNIt8IwKagp7ku","52.47602","-2.034172",,,,"Travis12063"
"2065","Travis Perkins","Travis Perkins","Tamworth   "," B77 5BY","contact@ntuk.co.uk",,"$2y$10$zYV/S.Gq.fP8mXPJm5fPzuazzHfGz3VA1rAglVnuNIt8IwKagp7ku","52.604237","-1.672955",,,,"Travis12064"
"2066","Travis Perkins","Travis Perkins","Solihull   "," B90 4NS","contact@ntuk.co.uk",,"$2y$10$zYV/S.Gq.fP8mXPJm5fPzuazzHfGz3VA1rAglVnuNIt8IwKagp7ku","52.392625","-1.804497",,,,"Travis12065"
"2067","Travis Perkins","Travis Perkins","Redditch   "," B98 7SE","contact@ntuk.co.uk",,"$2y$10$zYV/S.Gq.fP8mXPJm5fPzuazzHfGz3VA1rAglVnuNIt8IwKagp7ku","52.289556","-1.912958",,,,"Travis12066"
"2068","Travis Perkins","Travis Perkins","Warminster   "," BA12 8SR","contact@ntuk.co.uk",,"$2y$10$zYV/S.Gq.fP8mXPJm5fPzuazzHfGz3VA1rAglVnuNIt8IwKagp7ku","51.212911","-2.191589",,,,"Travis12067"
"2069","Travis Perkins","Travis Perkins","Trowbridge   "," BA14 9AZ","contact@ntuk.co.uk",,"$2y$10$zYV/S.Gq.fP8mXPJm5fPzuazzHfGz3VA1rAglVnuNIt8IwKagp7ku","51.321006","-2.219793",,,,"Travis12068"
"2070","Travis Perkins","Travis Perkins","Camerton   "," BA2 0NY","contact@ntuk.co.uk",,"$2y$10$zYV/S.Gq.fP8mXPJm5fPzuazzHfGz3VA1rAglVnuNIt8IwKagp7ku","51.322512","-2.457517",,,,"Travis12069"
"2071","Travis Perkins","Travis Perkins","Bath   "," BA2 3EE","contact@ntuk.co.uk",,"$2y$10$zYV/S.Gq.fP8mXPJm5fPzuazzHfGz3VA1rAglVnuNIt8IwKagp7ku","51.379508","-2.369231",,,,"Travis12070"
"2072","Travis Perkins","Travis Perkins","Shepton Mallet  "," BA4 5QQ","contact@ntuk.co.uk",,"$2y$10$zYV/S.Gq.fP8mXPJm5fPzuazzHfGz3VA1rAglVnuNIt8IwKagp7ku","51.184435","-2.533409",,,,"Travis12071"
"2073","Travis Perkins","Travis Perkins","Wells   "," BA5 2AU","contact@ntuk.co.uk",,"$2y$10$zYV/S.Gq.fP8mXPJm5fPzuazzHfGz3VA1rAglVnuNIt8IwKagp7ku","51.204531","-2.652404",,,,"Travis12072"
"2074","Travis Perkins","Travis Perkins","Wincanton   "," BA9 9AP","contact@ntuk.co.uk",,"$2y$10$zYV/S.Gq.fP8mXPJm5fPzuazzHfGz3VA1rAglVnuNIt8IwKagp7ku","51.056147","-2.412809",,,,"Travis12073"
"2075","Travis Perkins","Travis Perkins","Burnley   "," BB11 5AL","contact@ntuk.co.uk",,"$2y$10$zYV/S.Gq.fP8mXPJm5fPzuazzHfGz3VA1rAglVnuNIt8IwKagp7ku","53.787382","-2.265471",,,,"Travis12074"
"2076","Travis Perkins","Travis Perkins","Blackburn   "," BB2 2DT","contact@ntuk.co.uk",,"$2y$10$zYV/S.Gq.fP8mXPJm5fPzuazzHfGz3VA1rAglVnuNIt8IwKagp7ku","53.745992","-2.488199",,,,"Travis12075"
"2077","Travis Perkins","Travis Perkins","Clitheroe   "," BB7 1QU","contact@ntuk.co.uk",,"$2y$10$zYV/S.Gq.fP8mXPJm5fPzuazzHfGz3VA1rAglVnuNIt8IwKagp7ku","53.881619","-2.371078",,,,"Travis12076"
"2078","Travis Perkins","Travis Perkins","Keighley   "," BD21 5BU","contact@ntuk.co.uk",,"$2y$10$zYV/S.Gq.fP8mXPJm5fPzuazzHfGz3VA1rAglVnuNIt8IwKagp7ku","53.853105","-1.913891",,,,"Travis12077"
"2079","Travis Perkins","Travis Perkins","Bradford Windsor Street "," BD4 7AQ","contact@ntuk.co.uk",,"$2y$10$zYV/S.Gq.fP8mXPJm5fPzuazzHfGz3VA1rAglVnuNIt8IwKagp7ku","53.787607","-1.742194",,,,"Travis12078"
"2080","Travis Perkins","Travis Perkins","Bournemouth Windham Road "," BH1 4SS","contact@ntuk.co.uk",,"$2y$10$zYV/S.Gq.fP8mXPJm5fPzuazzHfGz3VA1rAglVnuNIt8IwKagp7ku","50.728253","-1.857558",,,,"Travis12079"
"2081","Travis Perkins","Travis Perkins","Bournemouth Wallisdown Road "," BH11 8PT","contact@ntuk.co.uk",,"$2y$10$zYV/S.Gq.fP8mXPJm5fPzuazzHfGz3VA1rAglVnuNIt8IwKagp7ku","50.753038","-1.9288",,,,"Travis12080"
"2082","Travis Perkins","Travis Perkins","Poole   "," BH16 5BW","contact@ntuk.co.uk",,"$2y$10$zYV/S.Gq.fP8mXPJm5fPzuazzHfGz3VA1rAglVnuNIt8IwKagp7ku","50.730172","-2.021952",,,,"Travis12081"
"2083","Travis Perkins","Travis Perkins","Ferndown   "," BH21 7PF","contact@ntuk.co.uk",,"$2y$10$zYV/S.Gq.fP8mXPJm5fPzuazzHfGz3VA1rAglVnuNIt8IwKagp7ku","50.811555","-1.918138",,,,"Travis12082"
"2084","Travis Perkins","Travis Perkins","Christchurch   "," BH23 3RU","contact@ntuk.co.uk",,"$2y$10$zYV/S.Gq.fP8mXPJm5fPzuazzHfGz3VA1rAglVnuNIt8IwKagp7ku","50.739072","-1.742708",,,,"Travis12083"
"2085","Travis Perkins","Travis Perkins","New Milton  "," BH25 6QP","contact@ntuk.co.uk",,"$2y$10$zYV/S.Gq.fP8mXPJm5fPzuazzHfGz3VA1rAglVnuNIt8IwKagp7ku","50.747554","-1.665611",,,,"Travis12084"
"2086","Travis Perkins","Travis Perkins","Bournemouth Winton  "," BH9 2QE","contact@ntuk.co.uk",,"$2y$10$zYV/S.Gq.fP8mXPJm5fPzuazzHfGz3VA1rAglVnuNIt8IwKagp7ku","50.747565","-1.878307",,,,"Travis12085"
"2087","Travis Perkins","Travis Perkins","Bolton   "," BL1 2BB","contact@ntuk.co.uk",,"$2y$10$zYV/S.Gq.fP8mXPJm5fPzuazzHfGz3VA1rAglVnuNIt8IwKagp7ku","53.580091","-2.436185",,,,"Travis12086"
"2088","Travis Perkins","Travis Perkins","Horwich   "," BL6 6DU","contact@ntuk.co.uk",,"$2y$10$zYV/S.Gq.fP8mXPJm5fPzuazzHfGz3VA1rAglVnuNIt8IwKagp7ku","53.590932","-2.539361",,,,"Travis12087"
"2089","Travis Perkins","Travis Perkins","Worthing Clapham Common "," BN13 3UR","contact@ntuk.co.uk",,"$2y$10$zYV/S.Gq.fP8mXPJm5fPzuazzHfGz3VA1rAglVnuNIt8IwKagp7ku","50.841222","-0.45015",,,,"Travis12088"
"2090","Travis Perkins","Travis Perkins","Worthing Town Centre "," BN14 9EP","contact@ntuk.co.uk",,"$2y$10$zYV/S.Gq.fP8mXPJm5fPzuazzHfGz3VA1rAglVnuNIt8IwKagp7ku","50.829032","-0.366803",,,,"Travis12089"
"2091","Travis Perkins","Travis Perkins","Littlehampton   "," BN17 5BB","contact@ntuk.co.uk",,"$2y$10$zYV/S.Gq.fP8mXPJm5fPzuazzHfGz3VA1rAglVnuNIt8IwKagp7ku","50.807122","-0.54244",,,,"Travis12090"
"2092","Travis Perkins","Travis Perkins","Eastbourne   "," BN22 8LT","contact@ntuk.co.uk",,"$2y$10$zYV/S.Gq.fP8mXPJm5fPzuazzHfGz3VA1rAglVnuNIt8IwKagp7ku","50.776709","0.290285",,,,"Travis12091"
"2093","Travis Perkins","Travis Perkins","Hailsham   "," BN27 3JF","contact@ntuk.co.uk",,"$2y$10$zYV/S.Gq.fP8mXPJm5fPzuazzHfGz3VA1rAglVnuNIt8IwKagp7ku","50.860837","0.248733",,,,"Travis12092"
"2094","Travis Perkins","Travis Perkins","Portslade   "," BN41 1ET","contact@ntuk.co.uk",,"$2y$10$zYV/S.Gq.fP8mXPJm5fPzuazzHfGz3VA1rAglVnuNIt8IwKagp7ku","50.829459","-0.210701",,,,"Travis12093"
"2095","Travis Perkins","Travis Perkins","Newhaven   "," BN9 0HE","contact@ntuk.co.uk",,"$2y$10$zYV/S.Gq.fP8mXPJm5fPzuazzHfGz3VA1rAglVnuNIt8IwKagp7ku","50.803194","0.052232",,,,"Travis12094"
"2096","Travis Perkins","Travis Perkins","West Wickham  "," BR4 0PH","contact@ntuk.co.uk",,"$2y$10$zYV/S.Gq.fP8mXPJm5fPzuazzHfGz3VA1rAglVnuNIt8IwKagp7ku","51.377297","-0.023931",,,,"Travis12095"
"2097","Travis Perkins","Travis Perkins","Orpington   "," BR5 4AB","contact@ntuk.co.uk",,"$2y$10$zYV/S.Gq.fP8mXPJm5fPzuazzHfGz3VA1rAglVnuNIt8IwKagp7ku","51.387035","0.110672",,,,"Travis12096"
"2098","Travis Perkins","Travis Perkins","Bristol Southmead  "," BS10 5EP","contact@ntuk.co.uk",,"$2y$10$zYV/S.Gq.fP8mXPJm5fPzuazzHfGz3VA1rAglVnuNIt8IwKagp7ku","51.495378","-2.598959",,,,"Travis12097"
"2099","Travis Perkins","Travis Perkins","Bristol Fishponds  "," BS16 3JR","contact@ntuk.co.uk",,"$2y$10$zYV/S.Gq.fP8mXPJm5fPzuazzHfGz3VA1rAglVnuNIt8IwKagp7ku","51.474611","-2.535147",,,,"Travis12098"
"2100","Travis Perkins","Travis Perkins","Bristol St Philips "," BS2 0YA","contact@ntuk.co.uk",,"$2y$10$zYV/S.Gq.fP8mXPJm5fPzuazzHfGz3VA1rAglVnuNIt8IwKagp7ku","51.445836","-2.566078",,,,"Travis12099"
"2101","Travis Perkins","Travis Perkins","Portishead   "," BS20 6QG","contact@ntuk.co.uk",,"$2y$10$zYV/S.Gq.fP8mXPJm5fPzuazzHfGz3VA1rAglVnuNIt8IwKagp7ku","51.476015","-2.760937",,,,"Travis12100"
"2102","Travis Perkins","Travis Perkins","Weston Super Mare "," BS23 3UZ","contact@ntuk.co.uk",,"$2y$10$zYV/S.Gq.fP8mXPJm5fPzuazzHfGz3VA1rAglVnuNIt8IwKagp7ku","51.341498","-2.958194",,,,"Travis12101"
"2103","Travis Perkins","Travis Perkins","Cheddar   "," BS27 3EE","contact@ntuk.co.uk",,"$2y$10$zYV/S.Gq.fP8mXPJm5fPzuazzHfGz3VA1rAglVnuNIt8IwKagp7ku","51.275246","-2.783935",,,,"Travis12102"
"2104","Travis Perkins","Travis Perkins","Bristol Stoke Gifford "," BS34 8QW","contact@ntuk.co.uk",,"$2y$10$zYV/S.Gq.fP8mXPJm5fPzuazzHfGz3VA1rAglVnuNIt8IwKagp7ku","51.507917","-2.558015",,,,"Travis12103"
"2105","Travis Perkins","Travis Perkins","Winterbourne   "," BS36 1EJ","contact@ntuk.co.uk",,"$2y$10$zYV/S.Gq.fP8mXPJm5fPzuazzHfGz3VA1rAglVnuNIt8IwKagp7ku","51.518116","-2.49954",,,,"Travis12104"
"2106","Travis Perkins","Travis Perkins","Yate   "," BS37 7PR","contact@ntuk.co.uk",,"$2y$10$zYV/S.Gq.fP8mXPJm5fPzuazzHfGz3VA1rAglVnuNIt8IwKagp7ku","51.544759","-2.433787",,,,"Travis12105"
"2107","Travis Perkins","Travis Perkins","Wrington   "," BS40 5PA","contact@ntuk.co.uk",,"$2y$10$zYV/S.Gq.fP8mXPJm5fPzuazzHfGz3VA1rAglVnuNIt8IwKagp7ku","51.355781","-2.7617",,,,"Travis12106"
"2108","Travis Perkins","Travis Perkins","Nailsea   "," BS48 1JE","contact@ntuk.co.uk",,"$2y$10$zYV/S.Gq.fP8mXPJm5fPzuazzHfGz3VA1rAglVnuNIt8IwKagp7ku","51.438819","-2.752161",,,,"Travis12107"
"2109","Travis Perkins","Travis Perkins","Keswick   "," CA12 4LH","contact@ntuk.co.uk",,"$2y$10$zYV/S.Gq.fP8mXPJm5fPzuazzHfGz3VA1rAglVnuNIt8IwKagp7ku","54.604582","-3.118354",,,,"Travis12108"
"2110","Travis Perkins","Travis Perkins","Workington   "," CA14 2TQ","contact@ntuk.co.uk",,"$2y$10$zYV/S.Gq.fP8mXPJm5fPzuazzHfGz3VA1rAglVnuNIt8IwKagp7ku","54.639692","-3.560618",,,,"Travis12109"
"2111","Travis Perkins","Travis Perkins","Carlisle Currock Road "," CA2 4AX","contact@ntuk.co.uk",,"$2y$10$zYV/S.Gq.fP8mXPJm5fPzuazzHfGz3VA1rAglVnuNIt8IwKagp7ku","54.883399","-2.931886",,,,"Travis12110"
"2112","Travis Perkins","Travis Perkins","Brampton   "," CA8 1SW","contact@ntuk.co.uk",,"$2y$10$zYV/S.Gq.fP8mXPJm5fPzuazzHfGz3VA1rAglVnuNIt8IwKagp7ku","54.941279","-2.747684",,,,"Travis12111"
"2113","Travis Perkins","Travis Perkins","Cambridge Devonshire Road "," CB1 2BJ","contact@ntuk.co.uk",,"$2y$10$zYV/S.Gq.fP8mXPJm5fPzuazzHfGz3VA1rAglVnuNIt8IwKagp7ku","52.198226","0.139588",,,,"Travis12112"
"2114","Travis Perkins","Travis Perkins","Cottenham   "," CB24 8SA","contact@ntuk.co.uk",,"$2y$10$zYV/S.Gq.fP8mXPJm5fPzuazzHfGz3VA1rAglVnuNIt8IwKagp7ku","52.295089","0.130498",,,,"Travis12113"
"2115","Travis Perkins","Travis Perkins","Cambridge Kilmaine Close "," CB4 2PH","contact@ntuk.co.uk",,"$2y$10$zYV/S.Gq.fP8mXPJm5fPzuazzHfGz3VA1rAglVnuNIt8IwKagp7ku","52.232876","0.134898",,,,"Travis12114"
"2116","Travis Perkins","Travis Perkins","Newmarket   "," CB8 7AU","contact@ntuk.co.uk",,"$2y$10$zYV/S.Gq.fP8mXPJm5fPzuazzHfGz3VA1rAglVnuNIt8IwKagp7ku","52.259125","0.388231",,,,"Travis12115"
"2117","Travis Perkins","Travis Perkins","Haverhill   "," CB9 8PU","contact@ntuk.co.uk",,"$2y$10$zYV/S.Gq.fP8mXPJm5fPzuazzHfGz3VA1rAglVnuNIt8IwKagp7ku","52.073865","0.44432",,,,"Travis12116"
"2118","Travis Perkins","Travis Perkins","Cardiff South  "," CF10 4SF","contact@ntuk.co.uk",,"$2y$10$zYV/S.Gq.fP8mXPJm5fPzuazzHfGz3VA1rAglVnuNIt8IwKagp7ku","51.478892","-3.163147",,,,"Travis12117"
"2119","Travis Perkins","Travis Perkins","Cardiff Heath  "," CF14 4HY","contact@ntuk.co.uk",,"$2y$10$zYV/S.Gq.fP8mXPJm5fPzuazzHfGz3VA1rAglVnuNIt8IwKagp7ku","51.521052","-3.194676",,,,"Travis12118"
"2120","Travis Perkins","Travis Perkins","Bridgend   "," CF31 3YY","contact@ntuk.co.uk",,"$2y$10$zYV/S.Gq.fP8mXPJm5fPzuazzHfGz3VA1rAglVnuNIt8IwKagp7ku","51.496272","-3.557706",,,,"Travis12119"
"2121","Travis Perkins","Travis Perkins","Pontypridd   "," CF37 2PP","contact@ntuk.co.uk",,"$2y$10$zYV/S.Gq.fP8mXPJm5fPzuazzHfGz3VA1rAglVnuNIt8IwKagp7ku","51.609693","-3.368497",,,,"Travis12120"
"2122","Travis Perkins","Travis Perkins","Rhondda   "," CF39 0PB","contact@ntuk.co.uk",,"$2y$10$zYV/S.Gq.fP8mXPJm5fPzuazzHfGz3VA1rAglVnuNIt8IwKagp7ku","51.634068","-3.419371",,,,"Travis12121"
"2123","Travis Perkins","Travis Perkins","Aberdare   "," CF44 8EW","contact@ntuk.co.uk",,"$2y$10$zYV/S.Gq.fP8mXPJm5fPzuazzHfGz3VA1rAglVnuNIt8IwKagp7ku","51.722082","-3.450864",,,,"Travis12122"
"2124","Travis Perkins","Travis Perkins","Merthyr Tydfil  "," CF48 1BS","contact@ntuk.co.uk",,"$2y$10$zYV/S.Gq.fP8mXPJm5fPzuazzHfGz3VA1rAglVnuNIt8IwKagp7ku","51.750973","-3.38983",,,,"Travis12123"
"2125","Travis Perkins","Travis Perkins","Barry   "," CF63 4PN","contact@ntuk.co.uk",,"$2y$10$zYV/S.Gq.fP8mXPJm5fPzuazzHfGz3VA1rAglVnuNIt8IwKagp7ku","51.408948","-3.261702",,,,"Travis12124"
"2126","Travis Perkins","Travis Perkins","Penarth   "," CF64 2NS","contact@ntuk.co.uk",,"$2y$10$zYV/S.Gq.fP8mXPJm5fPzuazzHfGz3VA1rAglVnuNIt8IwKagp7ku","51.445509","-3.19043",,,,"Travis12125"
"2127","Travis Perkins","Travis Perkins","Cowbridge   "," CF71 7PB","contact@ntuk.co.uk",,"$2y$10$zYV/S.Gq.fP8mXPJm5fPzuazzHfGz3VA1rAglVnuNIt8IwKagp7ku","51.435595","-3.504509",,,,"Travis12126"
"2128","Travis Perkins","Travis Perkins","Llantrisant   "," CF72 9HG","contact@ntuk.co.uk",,"$2y$10$zYV/S.Gq.fP8mXPJm5fPzuazzHfGz3VA1rAglVnuNIt8IwKagp7ku","51.532038","-3.402801",,,,"Travis12127"
"2129","Travis Perkins","Travis Perkins","Caerphilly   "," CF83 8FW","contact@ntuk.co.uk",,"$2y$10$zYV/S.Gq.fP8mXPJm5fPzuazzHfGz3VA1rAglVnuNIt8IwKagp7ku","51.593139","-3.2079",,,,"Travis12128"
"2130","Travis Perkins","Travis Perkins","Chester   "," CH1 4NL","contact@ntuk.co.uk",,"$2y$10$zYV/S.Gq.fP8mXPJm5fPzuazzHfGz3VA1rAglVnuNIt8IwKagp7ku","53.193078","-2.916819",,,,"Travis12129"
"2131","Travis Perkins","Travis Perkins","Birkenhead   "," CH41 9BA","contact@ntuk.co.uk",,"$2y$10$zYV/S.Gq.fP8mXPJm5fPzuazzHfGz3VA1rAglVnuNIt8IwKagp7ku","53.381247","-3.013315",,,,"Travis12130"
"2132","Travis Perkins","Travis Perkins","Hoylake   "," CH47 4BA","contact@ntuk.co.uk",,"$2y$10$zYV/S.Gq.fP8mXPJm5fPzuazzHfGz3VA1rAglVnuNIt8IwKagp7ku","53.389415","-3.178177",,,,"Travis12131"
"2133","Travis Perkins","Travis Perkins","Queensferry   "," CH5 1QD","contact@ntuk.co.uk",,"$2y$10$zYV/S.Gq.fP8mXPJm5fPzuazzHfGz3VA1rAglVnuNIt8IwKagp7ku","53.209213","-3.033238",,,,"Travis12132"
"2134","Travis Perkins","Travis Perkins","Mold   "," CH7 1NZ","contact@ntuk.co.uk",,"$2y$10$zYV/S.Gq.fP8mXPJm5fPzuazzHfGz3VA1rAglVnuNIt8IwKagp7ku","53.166047","-3.142431",,,,"Travis12133"
"2135","Travis Perkins","Travis Perkins","Brentwood   "," CM15 9DH","contact@ntuk.co.uk",,"$2y$10$zYV/S.Gq.fP8mXPJm5fPzuazzHfGz3VA1rAglVnuNIt8IwKagp7ku","51.624511","0.302391",,,,"Travis12134"
"2136","Travis Perkins","Travis Perkins","Chelmsford   "," CM2 6HX","contact@ntuk.co.uk",,"$2y$10$zYV/S.Gq.fP8mXPJm5fPzuazzHfGz3VA1rAglVnuNIt8IwKagp7ku","51.733491","0.479785",,,,"Travis12135"
"2137","Travis Perkins","Travis Perkins","Harlow   "," CM20 2TG","contact@ntuk.co.uk",,"$2y$10$zYV/S.Gq.fP8mXPJm5fPzuazzHfGz3VA1rAglVnuNIt8IwKagp7ku","51.785602","0.125123",,,,"Travis12136"
"2138","Travis Perkins","Travis Perkins","Dunmow   "," CM6 1XG","contact@ntuk.co.uk",,"$2y$10$zYV/S.Gq.fP8mXPJm5fPzuazzHfGz3VA1rAglVnuNIt8IwKagp7ku","51.864847","0.373633",,,,"Travis12137"
"2139","Travis Perkins","Travis Perkins","Clacton   "," CO15 3TH","contact@ntuk.co.uk",,"$2y$10$zYV/S.Gq.fP8mXPJm5fPzuazzHfGz3VA1rAglVnuNIt8IwKagp7ku","51.800237","1.158676",,,,"Travis12138"
"2140","Travis Perkins","Travis Perkins","Colchester Hawkins Road "," CO2 8JX","contact@ntuk.co.uk",,"$2y$10$zYV/S.Gq.fP8mXPJm5fPzuazzHfGz3VA1rAglVnuNIt8IwKagp7ku","51.883281","0.928275",,,,"Travis12139"
"2141","Travis Perkins","Travis Perkins","Croydon Hampton Road "," CR0 2XG","contact@ntuk.co.uk",,"$2y$10$zYV/S.Gq.fP8mXPJm5fPzuazzHfGz3VA1rAglVnuNIt8IwKagp7ku","51.388098","-0.097327",,,,"Travis12140"
"2142","Travis Perkins","Travis Perkins","Croydon Beddington Lane "," CR0 4YZ","contact@ntuk.co.uk",,"$2y$10$zYV/S.Gq.fP8mXPJm5fPzuazzHfGz3VA1rAglVnuNIt8IwKagp7ku","51.381244","-0.133021",,,,"Travis12141"
"2143","Travis Perkins","Travis Perkins","Mitcham   "," CR4 4GL","contact@ntuk.co.uk",,"$2y$10$zYV/S.Gq.fP8mXPJm5fPzuazzHfGz3VA1rAglVnuNIt8IwKagp7ku","51.398713","-0.175567",,,,"Travis12142"
"2144","Travis Perkins","Travis Perkins","Canterbury   "," CT1 1DX","contact@ntuk.co.uk",,"$2y$10$zYV/S.Gq.fP8mXPJm5fPzuazzHfGz3VA1rAglVnuNIt8IwKagp7ku","51.291336","1.099546",,,,"Travis12143"
"2145","Travis Perkins","Travis Perkins","Dover   "," CT16 3PT","contact@ntuk.co.uk",,"$2y$10$zYV/S.Gq.fP8mXPJm5fPzuazzHfGz3VA1rAglVnuNIt8IwKagp7ku","51.153526","1.302878",,,,"Travis12144"
"2146","Travis Perkins","Travis Perkins","Folkestone   "," CT19 4RJ","contact@ntuk.co.uk",,"$2y$10$zYV/S.Gq.fP8mXPJm5fPzuazzHfGz3VA1rAglVnuNIt8IwKagp7ku","51.09277","1.149233",,,,"Travis12145"
"2147","Travis Perkins","Travis Perkins","Margate   "," CT9 4JF","contact@ntuk.co.uk",,"$2y$10$zYV/S.Gq.fP8mXPJm5fPzuazzHfGz3VA1rAglVnuNIt8IwKagp7ku","51.369093","1.388808",,,,"Travis12146"
"2148","Travis Perkins","Travis Perkins","Nuneaton   "," CV10 7HS","contact@ntuk.co.uk",,"$2y$10$zYV/S.Gq.fP8mXPJm5fPzuazzHfGz3VA1rAglVnuNIt8IwKagp7ku","52.512463","-1.486457",,,,"Travis12147"
"2149","Travis Perkins","Travis Perkins","Rugby   "," CV22 7DD","contact@ntuk.co.uk",,"$2y$10$zYV/S.Gq.fP8mXPJm5fPzuazzHfGz3VA1rAglVnuNIt8IwKagp7ku","52.373905","-1.282315",,,,"Travis12148"
"2150","Travis Perkins","Travis Perkins","Leamington Spa  "," CV34 6RH","contact@ntuk.co.uk",,"$2y$10$zYV/S.Gq.fP8mXPJm5fPzuazzHfGz3VA1rAglVnuNIt8IwKagp7ku","52.276831","-1.545949",,,,"Travis12149"
"2151","Travis Perkins","Travis Perkins","Stratford Upon Avon "," CV37 0BT","contact@ntuk.co.uk",,"$2y$10$zYV/S.Gq.fP8mXPJm5fPzuazzHfGz3VA1rAglVnuNIt8IwKagp7ku","52.199285","-1.714208",,,,"Travis12150"
"2152","Travis Perkins","Travis Perkins","Coventry   "," CV6 5NJ","contact@ntuk.co.uk",,"$2y$10$zYV/S.Gq.fP8mXPJm5fPzuazzHfGz3VA1rAglVnuNIt8IwKagp7ku","52.431573","-1.50409",,,,"Travis12151"
"2153","Travis Perkins","Travis Perkins","Crewe   "," CW1 4NN","contact@ntuk.co.uk",,"$2y$10$zYV/S.Gq.fP8mXPJm5fPzuazzHfGz3VA1rAglVnuNIt8IwKagp7ku","53.112853","-2.442226",,,,"Travis12152"
"2154","Travis Perkins","Travis Perkins","Congleton   "," CW12 4XJ","contact@ntuk.co.uk",,"$2y$10$zYV/S.Gq.fP8mXPJm5fPzuazzHfGz3VA1rAglVnuNIt8IwKagp7ku","53.171377","-2.234887",,,,"Travis12153"
"2155","Travis Perkins","Travis Perkins","Northfleet   "," DA11 9QJ","contact@ntuk.co.uk",,"$2y$10$zYV/S.Gq.fP8mXPJm5fPzuazzHfGz3VA1rAglVnuNIt8IwKagp7ku","51.438615","0.34863",,,,"Travis12154"
"2156","Travis Perkins","Travis Perkins","Sidcup   "," DA15 9AB","contact@ntuk.co.uk",,"$2y$10$zYV/S.Gq.fP8mXPJm5fPzuazzHfGz3VA1rAglVnuNIt8IwKagp7ku","51.435053","0.103446",,,,"Travis12155"
"2157","Travis Perkins","Travis Perkins","Burton On Trent "," DE14 1AE","contact@ntuk.co.uk",,"$2y$10$zYV/S.Gq.fP8mXPJm5fPzuazzHfGz3VA1rAglVnuNIt8IwKagp7ku","52.815484","-1.626876",,,,"Travis12156"
"2158","Travis Perkins","Travis Perkins","Derby   "," DE24 8NB","contact@ntuk.co.uk",,"$2y$10$zYV/S.Gq.fP8mXPJm5fPzuazzHfGz3VA1rAglVnuNIt8IwKagp7ku","52.90193","-1.453589",,,,"Travis12157"
"2159","Travis Perkins","Travis Perkins","Durham   "," DH1 2XD","contact@ntuk.co.uk",,"$2y$10$zYV/S.Gq.fP8mXPJm5fPzuazzHfGz3VA1rAglVnuNIt8IwKagp7ku","54.778353","-1.539056",,,,"Travis12158"
"2160","Travis Perkins","Travis Perkins","Bishop Auckland  "," DL14 9AX","contact@ntuk.co.uk",,"$2y$10$zYV/S.Gq.fP8mXPJm5fPzuazzHfGz3VA1rAglVnuNIt8IwKagp7ku","54.636604","-1.698374",,,,"Travis12159"
"2161","Travis Perkins","Travis Perkins","Grimsby   "," DN31 3LG","contact@ntuk.co.uk",,"$2y$10$zYV/S.Gq.fP8mXPJm5fPzuazzHfGz3VA1rAglVnuNIt8IwKagp7ku","53.575554","-0.074096",,,,"Travis12160"
"2162","Travis Perkins","Travis Perkins","Doncaster   "," DN4 8QG","contact@ntuk.co.uk",,"$2y$10$zYV/S.Gq.fP8mXPJm5fPzuazzHfGz3VA1rAglVnuNIt8IwKagp7ku","53.497622","-1.151738",,,,"Travis12161"
"2163","Travis Perkins","Travis Perkins","Dorchester   "," DT1 2PG","contact@ntuk.co.uk",,"$2y$10$zYV/S.Gq.fP8mXPJm5fPzuazzHfGz3VA1rAglVnuNIt8IwKagp7ku","50.716605","-2.450356",,,,"Travis12162"
"2164","Travis Perkins","Travis Perkins","Blandford Tanglewood  "," DT11 7XB","contact@ntuk.co.uk",,"$2y$10$zYV/S.Gq.fP8mXPJm5fPzuazzHfGz3VA1rAglVnuNIt8IwKagp7ku","50.871302","-2.158989",,,,"Travis12163"
"2165","Travis Perkins","Travis Perkins","Bridport   "," DT6 3DJ","contact@ntuk.co.uk",,"$2y$10$zYV/S.Gq.fP8mXPJm5fPzuazzHfGz3VA1rAglVnuNIt8IwKagp7ku","50.739027","-2.745921",,,,"Travis12164"
"2166","Travis Perkins","Travis Perkins","Lyme Regis  "," DT7 3LS","contact@ntuk.co.uk",,"$2y$10$zYV/S.Gq.fP8mXPJm5fPzuazzHfGz3VA1rAglVnuNIt8IwKagp7ku","50.729862","-2.946763",,,,"Travis12165"
"2167","Travis Perkins","Travis Perkins","Kidderminster   "," DY11 7RA","contact@ntuk.co.uk",,"$2y$10$zYV/S.Gq.fP8mXPJm5fPzuazzHfGz3VA1rAglVnuNIt8IwKagp7ku","52.366058","-2.243996",,,,"Travis12166"
"2168","Travis Perkins","Travis Perkins","Dudley   "," DY2 0QU","contact@ntuk.co.uk",,"$2y$10$zYV/S.Gq.fP8mXPJm5fPzuazzHfGz3VA1rAglVnuNIt8IwKagp7ku","52.492305","-2.103849",,,,"Travis12167"
"2169","Travis Perkins","Travis Perkins","Tipton   "," DY4 0EU","contact@ntuk.co.uk",,"$2y$10$zYV/S.Gq.fP8mXPJm5fPzuazzHfGz3VA1rAglVnuNIt8IwKagp7ku","52.540583","-2.040223",,,,"Travis12168"
"2170","Travis Perkins","Travis Perkins","Plaistow   "," E13 0AD","contact@ntuk.co.uk",,"$2y$10$zYV/S.Gq.fP8mXPJm5fPzuazzHfGz3VA1rAglVnuNIt8IwKagp7ku","51.531097","0.020526",,,,"Travis12169"
"2171","Travis Perkins","Travis Perkins","Walthamstow   "," E17 3LX","contact@ntuk.co.uk",,"$2y$10$zYV/S.Gq.fP8mXPJm5fPzuazzHfGz3VA1rAglVnuNIt8IwKagp7ku","51.587107","-0.003335",,,,"Travis12170"
"2172","Travis Perkins","Travis Perkins","Woodford   "," E18 1AR","contact@ntuk.co.uk",,"$2y$10$zYV/S.Gq.fP8mXPJm5fPzuazzHfGz3VA1rAglVnuNIt8IwKagp7ku","51.591596","0.026458",,,,"Travis12171"
"2173","Travis Perkins","Travis Perkins","Bethnal Green  "," E2 9QX","contact@ntuk.co.uk",,"$2y$10$zYV/S.Gq.fP8mXPJm5fPzuazzHfGz3VA1rAglVnuNIt8IwKagp7ku","51.527741","-0.056551",,,,"Travis12172"
"2174","Travis Perkins","Travis Perkins","Dalston   "," E8 1NH","contact@ntuk.co.uk",,"$2y$10$zYV/S.Gq.fP8mXPJm5fPzuazzHfGz3VA1rAglVnuNIt8IwKagp7ku","51.548388","-0.067931",,,,"Travis12173"
"2175","Travis Perkins","Travis Perkins","Edinburgh East  "," EH7 6GG","contact@ntuk.co.uk",,"$2y$10$zYV/S.Gq.fP8mXPJm5fPzuazzHfGz3VA1rAglVnuNIt8IwKagp7ku","55.954399","-3.125635",,,,"Travis12174"
"2176","Travis Perkins","Travis Perkins","Enfield   "," EN1 1TH","contact@ntuk.co.uk",,"$2y$10$zYV/S.Gq.fP8mXPJm5fPzuazzHfGz3VA1rAglVnuNIt8IwKagp7ku","51.652721","-0.052857",,,,"Travis12175"
"2177","Travis Perkins","Travis Perkins","Hoddesdon   "," EN11 0DR","contact@ntuk.co.uk",,"$2y$10$zYV/S.Gq.fP8mXPJm5fPzuazzHfGz3VA1rAglVnuNIt8IwKagp7ku","51.761981","-0.000527",,,,"Travis12176"
"2178","Travis Perkins","Travis Perkins","Potters Bar  "," EN6 2QY","contact@ntuk.co.uk",,"$2y$10$zYV/S.Gq.fP8mXPJm5fPzuazzHfGz3VA1rAglVnuNIt8IwKagp7ku","51.690342","-0.179389",,,,"Travis12177"
"2179","Travis Perkins","Travis Perkins","Cuffley   "," EN6 4RY","contact@ntuk.co.uk",,"$2y$10$zYV/S.Gq.fP8mXPJm5fPzuazzHfGz3VA1rAglVnuNIt8IwKagp7ku","51.707636","-0.108888",,,,"Travis12178"
"2180","Travis Perkins","Travis Perkins","Tiverton   "," EX16 4BU","contact@ntuk.co.uk",,"$2y$10$zYV/S.Gq.fP8mXPJm5fPzuazzHfGz3VA1rAglVnuNIt8IwKagp7ku","50.90301","-3.480972",,,,"Travis12179"
"2181","Travis Perkins","Travis Perkins","Exeter   "," EX2 7LL","contact@ntuk.co.uk",,"$2y$10$zYV/S.Gq.fP8mXPJm5fPzuazzHfGz3VA1rAglVnuNIt8IwKagp7ku","50.720754","-3.473263",,,,"Travis12180"
"2182","Travis Perkins","Travis Perkins","Okehampton   "," EX20 1BQ","contact@ntuk.co.uk",,"$2y$10$zYV/S.Gq.fP8mXPJm5fPzuazzHfGz3VA1rAglVnuNIt8IwKagp7ku","50.744872","-3.997228",,,,"Travis12181"
"2183","Travis Perkins","Travis Perkins","Barnstaple   "," EX31 2AS","contact@ntuk.co.uk",,"$2y$10$zYV/S.Gq.fP8mXPJm5fPzuazzHfGz3VA1rAglVnuNIt8IwKagp7ku","51.073319","-4.059633",,,,"Travis12182"
"2184","Travis Perkins","Travis Perkins","Braunton   "," EX33 2BT","contact@ntuk.co.uk",,"$2y$10$zYV/S.Gq.fP8mXPJm5fPzuazzHfGz3VA1rAglVnuNIt8IwKagp7ku","51.104338","-4.156778",,,,"Travis12183"
"2185","Travis Perkins","Travis Perkins","Torrington   "," EX38 8LJ","contact@ntuk.co.uk",,"$2y$10$zYV/S.Gq.fP8mXPJm5fPzuazzHfGz3VA1rAglVnuNIt8IwKagp7ku","50.913035","-4.231442",,,,"Travis12184"
"2186","Travis Perkins","Travis Perkins","Blackpool South  "," FY4 5RT","contact@ntuk.co.uk",,"$2y$10$zYV/S.Gq.fP8mXPJm5fPzuazzHfGz3VA1rAglVnuNIt8IwKagp7ku","53.789016","-2.987843",,,,"Travis12185"
"2187","Travis Perkins","Travis Perkins","Glasgow Pollokshaws Road "," G41 1PT","contact@ntuk.co.uk",,"$2y$10$zYV/S.Gq.fP8mXPJm5fPzuazzHfGz3VA1rAglVnuNIt8IwKagp7ku","55.84315","-4.261808",,,,"Travis12186"
"2188","Travis Perkins","Travis Perkins","Glasgow Muirend Avenue "," G44 3DZ","contact@ntuk.co.uk",,"$2y$10$zYV/S.Gq.fP8mXPJm5fPzuazzHfGz3VA1rAglVnuNIt8IwKagp7ku","55.812813","-4.269352",,,,"Travis12187"
"2189","Travis Perkins","Travis Perkins","East Kilbride  "," G74 5LW","contact@ntuk.co.uk",,"$2y$10$zYV/S.Gq.fP8mXPJm5fPzuazzHfGz3VA1rAglVnuNIt8IwKagp7ku","55.763855","-4.219815",,,,"Travis12188"
"2190","Travis Perkins","Travis Perkins","Cinderford   "," GL14 2YA","contact@ntuk.co.uk",,"$2y$10$zYV/S.Gq.fP8mXPJm5fPzuazzHfGz3VA1rAglVnuNIt8IwKagp7ku","51.82607","-2.511415",,,,"Travis12189"
"2191","Travis Perkins","Travis Perkins","Lydney   "," GL15 5EQ","contact@ntuk.co.uk",,"$2y$10$zYV/S.Gq.fP8mXPJm5fPzuazzHfGz3VA1rAglVnuNIt8IwKagp7ku","51.718118","-2.532676",,,,"Travis12190"
"2192","Travis Perkins","Travis Perkins","Gloucester   "," GL2 5EU","contact@ntuk.co.uk",,"$2y$10$zYV/S.Gq.fP8mXPJm5fPzuazzHfGz3VA1rAglVnuNIt8IwKagp7ku","51.844947","-2.260937",,,,"Travis12191"
"2193","Travis Perkins","Travis Perkins","Tewkesbury   "," GL20 5BD","contact@ntuk.co.uk",,"$2y$10$zYV/S.Gq.fP8mXPJm5fPzuazzHfGz3VA1rAglVnuNIt8IwKagp7ku","51.99781","-2.153167",,,,"Travis12192"
"2194","Travis Perkins","Travis Perkins","Stroud   "," GL5 3JB","contact@ntuk.co.uk",,"$2y$10$zYV/S.Gq.fP8mXPJm5fPzuazzHfGz3VA1rAglVnuNIt8IwKagp7ku","51.74405","-2.221335",,,,"Travis12193"
"2195","Travis Perkins","Travis Perkins","Cheltenham Tewkesbury Road "," GL51 9DZ","contact@ntuk.co.uk",,"$2y$10$zYV/S.Gq.fP8mXPJm5fPzuazzHfGz3VA1rAglVnuNIt8IwKagp7ku","51.911548","-2.098168",,,,"Travis12194"
"2196","Travis Perkins","Travis Perkins","Cheltenham Mead Road "," GL53 7EB","contact@ntuk.co.uk",,"$2y$10$zYV/S.Gq.fP8mXPJm5fPzuazzHfGz3VA1rAglVnuNIt8IwKagp7ku","51.883109","-2.076067",,,,"Travis12195"
"2197","Travis Perkins","Travis Perkins","Bourton On The Water"," GL54 2HQ","contact@ntuk.co.uk",,"$2y$10$zYV/S.Gq.fP8mXPJm5fPzuazzHfGz3VA1rAglVnuNIt8IwKagp7ku","51.893124","-1.752801",,,,"Travis12196"
"2198","Travis Perkins","Travis Perkins","Moreton In Marsh "," GL56 0JQ","contact@ntuk.co.uk",,"$2y$10$zYV/S.Gq.fP8mXPJm5fPzuazzHfGz3VA1rAglVnuNIt8IwKagp7ku","51.988278","-1.686573",,,,"Travis12197"
"2199","Travis Perkins","Travis Perkins","Cirencester   "," GL7 1WW","contact@ntuk.co.uk",,"$2y$10$zYV/S.Gq.fP8mXPJm5fPzuazzHfGz3VA1rAglVnuNIt8IwKagp7ku","51.704394","-1.959115",,,,"Travis12198"
"2200","Travis Perkins","Travis Perkins","Guildford   "," GU1 1EH","contact@ntuk.co.uk",,"$2y$10$zYV/S.Gq.fP8mXPJm5fPzuazzHfGz3VA1rAglVnuNIt8IwKagp7ku","51.245602","-0.579744",,,,"Travis12199"
"2201","Travis Perkins","Travis Perkins","Farnham   "," GU10 5EH","contact@ntuk.co.uk",,"$2y$10$zYV/S.Gq.fP8mXPJm5fPzuazzHfGz3VA1rAglVnuNIt8IwKagp7ku","51.206192","-0.821464",,,,"Travis12200"
"2202","Travis Perkins","Travis Perkins","Woking   "," GU21 3BA","contact@ntuk.co.uk",,"$2y$10$zYV/S.Gq.fP8mXPJm5fPzuazzHfGz3VA1rAglVnuNIt8IwKagp7ku","51.32452","-0.584986",,,,"Travis12201"
"2203","Travis Perkins","Travis Perkins","Petersfield   "," GU32 3LW","contact@ntuk.co.uk",,"$2y$10$zYV/S.Gq.fP8mXPJm5fPzuazzHfGz3VA1rAglVnuNIt8IwKagp7ku","51.004092","-0.946328",,,,"Travis12202"
"2204","Travis Perkins","Travis Perkins","Alton   "," GU34 1RY","contact@ntuk.co.uk",,"$2y$10$zYV/S.Gq.fP8mXPJm5fPzuazzHfGz3VA1rAglVnuNIt8IwKagp7ku","51.137034","-0.986757",,,,"Travis12203"
"2205","Travis Perkins","Travis Perkins","Fleet   "," GU51 3PD","contact@ntuk.co.uk",,"$2y$10$zYV/S.Gq.fP8mXPJm5fPzuazzHfGz3VA1rAglVnuNIt8IwKagp7ku","51.283362","-0.839249",,,,"Travis12204"
"2206","Travis Perkins","Travis Perkins","Harrow North  "," HA3 7RR","contact@ntuk.co.uk",,"$2y$10$zYV/S.Gq.fP8mXPJm5fPzuazzHfGz3VA1rAglVnuNIt8IwKagp7ku","51.593227","-0.332613",,,,"Travis12205"
"2207","Travis Perkins","Travis Perkins","Ruislip   "," HA4 0YF","contact@ntuk.co.uk",,"$2y$10$zYV/S.Gq.fP8mXPJm5fPzuazzHfGz3VA1rAglVnuNIt8IwKagp7ku","51.555746","-0.383909",,,,"Travis12206"
"2208","Travis Perkins","Travis Perkins","Brighouse   "," HD6 1QQ","contact@ntuk.co.uk",,"$2y$10$zYV/S.Gq.fP8mXPJm5fPzuazzHfGz3VA1rAglVnuNIt8IwKagp7ku","53.700614","-1.770353",,,,"Travis12207"
"2209","Travis Perkins","Travis Perkins","Ripon   "," HG4 1AJ","contact@ntuk.co.uk",,"$2y$10$zYV/S.Gq.fP8mXPJm5fPzuazzHfGz3VA1rAglVnuNIt8IwKagp7ku","54.128788","-1.505525",,,,"Travis12208"
"2210","Travis Perkins","Travis Perkins","Knaresborough   "," HG5 8LF","contact@ntuk.co.uk",,"$2y$10$zYV/S.Gq.fP8mXPJm5fPzuazzHfGz3VA1rAglVnuNIt8IwKagp7ku","54.004062","-1.448555",,,,"Travis12209"
"2211","Travis Perkins","Travis Perkins","Wycombe   "," HP10 0HH","contact@ntuk.co.uk",,"$2y$10$zYV/S.Gq.fP8mXPJm5fPzuazzHfGz3VA1rAglVnuNIt8IwKagp7ku","51.59376","-0.683699",,,,"Travis12210"
"2212","Travis Perkins","Travis Perkins","Aylesbury   "," HP19 8DB","contact@ntuk.co.uk",,"$2y$10$zYV/S.Gq.fP8mXPJm5fPzuazzHfGz3VA1rAglVnuNIt8IwKagp7ku","51.819612","-0.82812",,,,"Travis12211"
"2213","Travis Perkins","Travis Perkins","Hemel Hempstead  "," HP3 9HR","contact@ntuk.co.uk",,"$2y$10$zYV/S.Gq.fP8mXPJm5fPzuazzHfGz3VA1rAglVnuNIt8IwKagp7ku","51.743205","-0.471393",,,,"Travis12212"
"2214","Travis Perkins","Travis Perkins","Berkhamsted   "," HP4 2EY","contact@ntuk.co.uk",,"$2y$10$zYV/S.Gq.fP8mXPJm5fPzuazzHfGz3VA1rAglVnuNIt8IwKagp7ku","51.761227","-0.557712",,,,"Travis12213"
"2215","Travis Perkins","Travis Perkins","Amersham   "," HP6 5AF","contact@ntuk.co.uk",,"$2y$10$zYV/S.Gq.fP8mXPJm5fPzuazzHfGz3VA1rAglVnuNIt8IwKagp7ku","51.6773","-0.603263",,,,"Travis12214"
"2216","Travis Perkins","Travis Perkins","Hereford   "," HR4 0AX","contact@ntuk.co.uk",,"$2y$10$zYV/S.Gq.fP8mXPJm5fPzuazzHfGz3VA1rAglVnuNIt8IwKagp7ku","52.054595","-2.72342",,,,"Travis12215"
"2217","Travis Perkins","Travis Perkins","Bromyard   "," HR7 4NT","contact@ntuk.co.uk",,"$2y$10$zYV/S.Gq.fP8mXPJm5fPzuazzHfGz3VA1rAglVnuNIt8IwKagp7ku","52.192359","-2.497646",,,,"Travis12216"
"2218","Travis Perkins","Travis Perkins","Beverley   "," HU17 0LA","contact@ntuk.co.uk",,"$2y$10$zYV/S.Gq.fP8mXPJm5fPzuazzHfGz3VA1rAglVnuNIt8IwKagp7ku","53.845754","-0.405551",,,,"Travis12217"
"2219","Travis Perkins","Travis Perkins","Hull   "," HU9 1DN","contact@ntuk.co.uk",,"$2y$10$zYV/S.Gq.fP8mXPJm5fPzuazzHfGz3VA1rAglVnuNIt8IwKagp7ku","53.746715","-0.323999",,,,"Travis12218"
"2220","Travis Perkins","Travis Perkins","Halifax   "," HX1 5NW","contact@ntuk.co.uk",,"$2y$10$zYV/S.Gq.fP8mXPJm5fPzuazzHfGz3VA1rAglVnuNIt8IwKagp7ku","53.724107","-1.871174",,,,"Travis12219"
"2221","Travis Perkins","Travis Perkins","Ipswich   "," IP1 2BH","contact@ntuk.co.uk",,"$2y$10$zYV/S.Gq.fP8mXPJm5fPzuazzHfGz3VA1rAglVnuNIt8IwKagp7ku","52.058162","1.139413",,,,"Travis12220"
"2222","Travis Perkins","Travis Perkins","Felixstowe   "," IP11 9DQ","contact@ntuk.co.uk",,"$2y$10$zYV/S.Gq.fP8mXPJm5fPzuazzHfGz3VA1rAglVnuNIt8IwKagp7ku","51.971","1.342588",,,,"Travis12221"
"2223","Travis Perkins","Travis Perkins","Stowmarket   "," IP14 1RT","contact@ntuk.co.uk",,"$2y$10$zYV/S.Gq.fP8mXPJm5fPzuazzHfGz3VA1rAglVnuNIt8IwKagp7ku","52.185933","1.001829",,,,"Travis12222"
"2224","Travis Perkins","Travis Perkins","Brandon   "," IP27 0NZ","contact@ntuk.co.uk",,"$2y$10$zYV/S.Gq.fP8mXPJm5fPzuazzHfGz3VA1rAglVnuNIt8IwKagp7ku","52.437693","0.608503",,,,"Travis12223"
"2225","Travis Perkins","Travis Perkins","Bury St Edmunds "," IP32 6NL","contact@ntuk.co.uk",,"$2y$10$zYV/S.Gq.fP8mXPJm5fPzuazzHfGz3VA1rAglVnuNIt8IwKagp7ku","52.266841","0.700196",,,,"Travis12224"
"2226","Travis Perkins","Travis Perkins","Walton On Thames "," KT12 3PL","contact@ntuk.co.uk",,"$2y$10$zYV/S.Gq.fP8mXPJm5fPzuazzHfGz3VA1rAglVnuNIt8IwKagp7ku","51.380303","-0.386963",,,,"Travis12225"
"2227","Travis Perkins","Travis Perkins","Burgh Heath  "," KT20 6BE","contact@ntuk.co.uk",,"$2y$10$zYV/S.Gq.fP8mXPJm5fPzuazzHfGz3VA1rAglVnuNIt8IwKagp7ku","51.304532","-0.219374",,,,"Travis12226"
"2228","Travis Perkins","Travis Perkins","Leatherhead   "," KT22 7PG","contact@ntuk.co.uk",,"$2y$10$zYV/S.Gq.fP8mXPJm5fPzuazzHfGz3VA1rAglVnuNIt8IwKagp7ku","51.309155","-0.333044",,,,"Travis12227"
"2229","Travis Perkins","Travis Perkins","Tolworth   "," KT5 9BG","contact@ntuk.co.uk",,"$2y$10$zYV/S.Gq.fP8mXPJm5fPzuazzHfGz3VA1rAglVnuNIt8IwKagp7ku","51.383572","-0.285964",,,,"Travis12228"
"2230","Travis Perkins","Travis Perkins","Dunfermline   "," KY11 8QP","contact@ntuk.co.uk",,"$2y$10$zYV/S.Gq.fP8mXPJm5fPzuazzHfGz3VA1rAglVnuNIt8IwKagp7ku","56.054583","-3.446477",,,,"Travis12229"
"2231","Travis Perkins","Travis Perkins","Liverpool South Gateacre "," L25 3PE","contact@ntuk.co.uk",,"$2y$10$zYV/S.Gq.fP8mXPJm5fPzuazzHfGz3VA1rAglVnuNIt8IwKagp7ku","53.381818","-2.862989",,,,"Travis12230"
"2232","Travis Perkins","Travis Perkins","Liverpool Huyton  "," L36 6AN","contact@ntuk.co.uk",,"$2y$10$zYV/S.Gq.fP8mXPJm5fPzuazzHfGz3VA1rAglVnuNIt8IwKagp7ku","53.4074","-2.826111",,,,"Travis12231"
"2233","Travis Perkins","Travis Perkins","Liverpool Central  "," L5 9XN","contact@ntuk.co.uk",,"$2y$10$zYV/S.Gq.fP8mXPJm5fPzuazzHfGz3VA1rAglVnuNIt8IwKagp7ku","53.430948","-2.995111",,,,"Travis12232"
"2234","Travis Perkins","Travis Perkins","Ulverston   "," LA12 0DW","contact@ntuk.co.uk",,"$2y$10$zYV/S.Gq.fP8mXPJm5fPzuazzHfGz3VA1rAglVnuNIt8IwKagp7ku","54.194084","-3.074714",,,,"Travis12233"
"2235","Travis Perkins","Travis Perkins","Barrow   "," LA14 5UJ","contact@ntuk.co.uk",,"$2y$10$zYV/S.Gq.fP8mXPJm5fPzuazzHfGz3VA1rAglVnuNIt8IwKagp7ku","54.116973","-3.236969",,,,"Travis12234"
"2236","Travis Perkins","Travis Perkins","Morecambe   "," LA4 5LL","contact@ntuk.co.uk",,"$2y$10$zYV/S.Gq.fP8mXPJm5fPzuazzHfGz3VA1rAglVnuNIt8IwKagp7ku","54.070415","-2.863243",,,,"Travis12235"
"2237","Travis Perkins","Travis Perkins","Carnforth   "," LA5 9LG","contact@ntuk.co.uk",,"$2y$10$zYV/S.Gq.fP8mXPJm5fPzuazzHfGz3VA1rAglVnuNIt8IwKagp7ku","54.126568","-2.76969",,,,"Travis12236"
"2238","Travis Perkins","Travis Perkins","Milnthorpe   "," LA7 7RF","contact@ntuk.co.uk",,"$2y$10$zYV/S.Gq.fP8mXPJm5fPzuazzHfGz3VA1rAglVnuNIt8IwKagp7ku","54.228412","-2.774438",,,,"Travis12237"
"2239","Travis Perkins","Travis Perkins","Kendal   "," LA9 6RX","contact@ntuk.co.uk",,"$2y$10$zYV/S.Gq.fP8mXPJm5fPzuazzHfGz3VA1rAglVnuNIt8IwKagp7ku","54.335208","-2.741979",,,,"Travis12238"
"2240","Travis Perkins","Travis Perkins","Loughborough   "," LE11 1FH","contact@ntuk.co.uk",,"$2y$10$zYV/S.Gq.fP8mXPJm5fPzuazzHfGz3VA1rAglVnuNIt8IwKagp7ku","52.776487","-1.198138",,,,"Travis12239"
"2241","Travis Perkins","Travis Perkins","Shepshed   "," LE12 9NJ","contact@ntuk.co.uk",,"$2y$10$zYV/S.Gq.fP8mXPJm5fPzuazzHfGz3VA1rAglVnuNIt8IwKagp7ku","52.762273","-1.294311",,,,"Travis12240"
"2242","Travis Perkins","Travis Perkins","Melton Mowbray  "," LE13 0RG","contact@ntuk.co.uk",,"$2y$10$zYV/S.Gq.fP8mXPJm5fPzuazzHfGz3VA1rAglVnuNIt8IwKagp7ku","52.751712","-0.910672",,,,"Travis12241"
"2243","Travis Perkins","Travis Perkins","Oakham   "," LE15 6QW","contact@ntuk.co.uk",,"$2y$10$zYV/S.Gq.fP8mXPJm5fPzuazzHfGz3VA1rAglVnuNIt8IwKagp7ku","52.67385","-0.733384",,,,"Travis12242"
"2244","Travis Perkins","Travis Perkins","Market Harborough  "," LE16 7QE","contact@ntuk.co.uk",,"$2y$10$zYV/S.Gq.fP8mXPJm5fPzuazzHfGz3VA1rAglVnuNIt8IwKagp7ku","52.479618","-0.908039",,,,"Travis12243"
"2245","Travis Perkins","Travis Perkins","Wigston   "," LE18 2FL","contact@ntuk.co.uk",,"$2y$10$zYV/S.Gq.fP8mXPJm5fPzuazzHfGz3VA1rAglVnuNIt8IwKagp7ku","52.587288","-1.124826",,,,"Travis12244"
"2246","Travis Perkins","Travis Perkins","Leicester Ravensbridge  "," LE4 0BX","contact@ntuk.co.uk",,"$2y$10$zYV/S.Gq.fP8mXPJm5fPzuazzHfGz3VA1rAglVnuNIt8IwKagp7ku","52.646002","-1.144583",,,,"Travis12245"
"2247","Travis Perkins","Travis Perkins","Leicester Thurmaston  "," LE4 8PH","contact@ntuk.co.uk",,"$2y$10$zYV/S.Gq.fP8mXPJm5fPzuazzHfGz3VA1rAglVnuNIt8IwKagp7ku","52.682502","-1.097392",,,,"Travis12246"
"2248","Travis Perkins","Travis Perkins","Coalville   "," LE67 3NQ","contact@ntuk.co.uk",,"$2y$10$zYV/S.Gq.fP8mXPJm5fPzuazzHfGz3VA1rAglVnuNIt8IwKagp7ku","52.726294","-1.387718",,,,"Travis12247"
"2249","Travis Perkins","Travis Perkins","Wrexham   "," LL13 8EE","contact@ntuk.co.uk",,"$2y$10$zYV/S.Gq.fP8mXPJm5fPzuazzHfGz3VA1rAglVnuNIt8IwKagp7ku","53.043242","-2.984546",,,,"Travis12248"
"2250","Travis Perkins","Travis Perkins","Ruabon   "," LL14 6RA","contact@ntuk.co.uk",,"$2y$10$zYV/S.Gq.fP8mXPJm5fPzuazzHfGz3VA1rAglVnuNIt8IwKagp7ku","53.000213","-3.042068",,,,"Travis12249"
"2251","Travis Perkins","Travis Perkins","Denbigh   "," LL16 5TA","contact@ntuk.co.uk",,"$2y$10$zYV/S.Gq.fP8mXPJm5fPzuazzHfGz3VA1rAglVnuNIt8IwKagp7ku","53.193235","-3.41429",,,,"Travis12250"
"2252","Travis Perkins","Travis Perkins","Bala   "," LL23 7NL","contact@ntuk.co.uk",,"$2y$10$zYV/S.Gq.fP8mXPJm5fPzuazzHfGz3VA1rAglVnuNIt8IwKagp7ku","52.910113","-3.591588",,,,"Travis12251"
"2253","Travis Perkins","Travis Perkins","Porthmadog   "," LL49 9NY","contact@ntuk.co.uk",,"$2y$10$zYV/S.Gq.fP8mXPJm5fPzuazzHfGz3VA1rAglVnuNIt8IwKagp7ku","52.927998","-4.135716",,,,"Travis12252"
"2254","Travis Perkins","Travis Perkins","Caernarfon   "," LL55 2YD","contact@ntuk.co.uk",,"$2y$10$zYV/S.Gq.fP8mXPJm5fPzuazzHfGz3VA1rAglVnuNIt8IwKagp7ku","53.137092","-4.271485",,,,"Travis12253"
"2255","Travis Perkins","Travis Perkins","Lincoln   "," LN1 1DU","contact@ntuk.co.uk",,"$2y$10$zYV/S.Gq.fP8mXPJm5fPzuazzHfGz3VA1rAglVnuNIt8IwKagp7ku","53.240332","-0.555231",,,,"Travis12254"
"2256","Travis Perkins","Travis Perkins","Market Rasen  "," LN8 3EW","contact@ntuk.co.uk",,"$2y$10$zYV/S.Gq.fP8mXPJm5fPzuazzHfGz3VA1rAglVnuNIt8IwKagp7ku","53.387604","-0.333552",,,,"Travis12255"
"2257","Travis Perkins","Travis Perkins","Leeds Coal Road "," LS14 2AQ","contact@ntuk.co.uk",,"$2y$10$zYV/S.Gq.fP8mXPJm5fPzuazzHfGz3VA1rAglVnuNIt8IwKagp7ku","53.827547","-1.456086",,,,"Travis12256"
"2258","Travis Perkins","Travis Perkins","Luton   "," LU1 1SR","contact@ntuk.co.uk",,"$2y$10$zYV/S.Gq.fP8mXPJm5fPzuazzHfGz3VA1rAglVnuNIt8IwKagp7ku","51.883503","-0.435836",,,,"Travis12257"
"2259","Travis Perkins","Travis Perkins","Leighton Buzzard  "," LU7 4SE","contact@ntuk.co.uk",,"$2y$10$zYV/S.Gq.fP8mXPJm5fPzuazzHfGz3VA1rAglVnuNIt8IwKagp7ku","51.911472","-0.658438",,,,"Travis12258"
"2260","Travis Perkins","Travis Perkins","Sharston   "," M22 4RF","contact@ntuk.co.uk",,"$2y$10$zYV/S.Gq.fP8mXPJm5fPzuazzHfGz3VA1rAglVnuNIt8IwKagp7ku","53.398264","-2.255581",,,,"Travis12259"
"2261","Travis Perkins","Travis Perkins","Radcliffe   "," M26 4FP","contact@ntuk.co.uk",,"$2y$10$zYV/S.Gq.fP8mXPJm5fPzuazzHfGz3VA1rAglVnuNIt8IwKagp7ku","53.578456","-2.357149",,,,"Travis12260"
"2262","Travis Perkins","Travis Perkins","Eccles   "," M30 0QN","contact@ntuk.co.uk",,"$2y$10$zYV/S.Gq.fP8mXPJm5fPzuazzHfGz3VA1rAglVnuNIt8IwKagp7ku","53.481544","-2.357027",,,,"Travis12261"
"2263","Travis Perkins","Travis Perkins","Sale   "," M33 7JX","contact@ntuk.co.uk",,"$2y$10$zYV/S.Gq.fP8mXPJm5fPzuazzHfGz3VA1rAglVnuNIt8IwKagp7ku","53.432488","-2.320914",,,,"Travis12262"
"2264","Travis Perkins","Travis Perkins","Manchester Central  "," M40 5AX","contact@ntuk.co.uk",,"$2y$10$zYV/S.Gq.fP8mXPJm5fPzuazzHfGz3VA1rAglVnuNIt8IwKagp7ku","53.499696","-2.201077",,,,"Travis12263"
"2265","Travis Perkins","Travis Perkins","Urmston   "," M41 9AB","contact@ntuk.co.uk",,"$2y$10$zYV/S.Gq.fP8mXPJm5fPzuazzHfGz3VA1rAglVnuNIt8IwKagp7ku","53.448219","-2.35223",,,,"Travis12264"
"2266","Travis Perkins","Travis Perkins","Salford   "," M6 6BR","contact@ntuk.co.uk",,"$2y$10$zYV/S.Gq.fP8mXPJm5fPzuazzHfGz3VA1rAglVnuNIt8IwKagp7ku","53.490584","-2.276408",,,,"Travis12265"
"2267","Travis Perkins","Travis Perkins","Aylesford   "," ME20 7AG","contact@ntuk.co.uk",,"$2y$10$zYV/S.Gq.fP8mXPJm5fPzuazzHfGz3VA1rAglVnuNIt8IwKagp7ku","51.299394","0.498275",,,,"Travis12266"
"2268","Travis Perkins","Travis Perkins","Milton Keynes South "," MK1 1AX","contact@ntuk.co.uk",,"$2y$10$zYV/S.Gq.fP8mXPJm5fPzuazzHfGz3VA1rAglVnuNIt8IwKagp7ku","52.006438","-0.737275",,,,"Travis12267"
"2269","Travis Perkins","Travis Perkins","Milton Keynes North "," MK12 5NA","contact@ntuk.co.uk",,"$2y$10$zYV/S.Gq.fP8mXPJm5fPzuazzHfGz3VA1rAglVnuNIt8IwKagp7ku","52.065903","-0.816695",,,,"Travis12268"
"2270","Travis Perkins","Travis Perkins","Buckingham   "," MK18 1TG","contact@ntuk.co.uk",,"$2y$10$zYV/S.Gq.fP8mXPJm5fPzuazzHfGz3VA1rAglVnuNIt8IwKagp7ku","51.988783","-0.991287",,,,"Travis12269"
"2271","Travis Perkins","Travis Perkins","Bedford   "," MK42 0AW","contact@ntuk.co.uk",,"$2y$10$zYV/S.Gq.fP8mXPJm5fPzuazzHfGz3VA1rAglVnuNIt8IwKagp7ku","52.122395","-0.425456",,,,"Travis12270"
"2272","Travis Perkins","Travis Perkins","Palmers Green  "," N13 4EU","contact@ntuk.co.uk",,"$2y$10$zYV/S.Gq.fP8mXPJm5fPzuazzHfGz3VA1rAglVnuNIt8IwKagp7ku","51.616605","-0.111634",,,,"Travis12271"
"2273","Travis Perkins","Travis Perkins","Tottenham   "," N17 0QJ","contact@ntuk.co.uk",,"$2y$10$zYV/S.Gq.fP8mXPJm5fPzuazzHfGz3VA1rAglVnuNIt8IwKagp7ku","51.605397","-0.047113",,,,"Travis12272"
"2274","Travis Perkins","Travis Perkins","Alexandra Palace  "," N22 7SN","contact@ntuk.co.uk",,"$2y$10$zYV/S.Gq.fP8mXPJm5fPzuazzHfGz3VA1rAglVnuNIt8IwKagp7ku","51.599441","-0.12075",,,,"Travis12273"
"2275","Travis Perkins","Travis Perkins","Newcastle Upon Tyne "," NE12 9SZ","contact@ntuk.co.uk",,"$2y$10$zYV/S.Gq.fP8mXPJm5fPzuazzHfGz3VA1rAglVnuNIt8IwKagp7ku","55.020491","-1.543462",,,,"Travis12274"
"2276","Travis Perkins","Travis Perkins","Burnopfield   "," NE16 6EA","contact@ntuk.co.uk",,"$2y$10$zYV/S.Gq.fP8mXPJm5fPzuazzHfGz3VA1rAglVnuNIt8IwKagp7ku","54.899113","-1.730348",,,,"Travis12275"
"2277","Travis Perkins","Travis Perkins","Blyth   "," NE24 5TG","contact@ntuk.co.uk",,"$2y$10$zYV/S.Gq.fP8mXPJm5fPzuazzHfGz3VA1rAglVnuNIt8IwKagp7ku","55.134302","-1.529774",,,,"Travis12276"
"2278","Travis Perkins","Travis Perkins","Long Eaton  "," NG10 1PR","contact@ntuk.co.uk",,"$2y$10$zYV/S.Gq.fP8mXPJm5fPzuazzHfGz3VA1rAglVnuNIt8IwKagp7ku","52.886854","-1.267976",,,,"Travis12277"
"2279","Travis Perkins","Travis Perkins","Eastwood   "," NG16 3RZ","contact@ntuk.co.uk",,"$2y$10$zYV/S.Gq.fP8mXPJm5fPzuazzHfGz3VA1rAglVnuNIt8IwKagp7ku","53.0205","-1.322694",,,,"Travis12278"
"2280","Travis Perkins","Travis Perkins","Mansfield   "," NG18 5GJ","contact@ntuk.co.uk",,"$2y$10$zYV/S.Gq.fP8mXPJm5fPzuazzHfGz3VA1rAglVnuNIt8IwKagp7ku","53.131792","-1.217802",,,,"Travis12279"
"2281","Travis Perkins","Travis Perkins","Nottingham   "," NG2 1LN","contact@ntuk.co.uk",,"$2y$10$zYV/S.Gq.fP8mXPJm5fPzuazzHfGz3VA1rAglVnuNIt8IwKagp7ku","52.93682","-1.164632",,,,"Travis12280"
"2282","Travis Perkins","Travis Perkins","Newark   "," NG24 2DE","contact@ntuk.co.uk",,"$2y$10$zYV/S.Gq.fP8mXPJm5fPzuazzHfGz3VA1rAglVnuNIt8IwKagp7ku","53.088682","-0.787791",,,,"Travis12281"
"2283","Travis Perkins","Travis Perkins","Bulwell   "," NG6 8EP","contact@ntuk.co.uk",,"$2y$10$zYV/S.Gq.fP8mXPJm5fPzuazzHfGz3VA1rAglVnuNIt8IwKagp7ku","53.010419","-1.189757",,,,"Travis12282"
"2284","Travis Perkins","Travis Perkins","Rushden   "," NN10 0PB","contact@ntuk.co.uk",,"$2y$10$zYV/S.Gq.fP8mXPJm5fPzuazzHfGz3VA1rAglVnuNIt8IwKagp7ku","52.29355","-0.598713",,,,"Travis12283"
"2285","Travis Perkins","Travis Perkins","Daventry   "," NN11 4SD","contact@ntuk.co.uk",,"$2y$10$zYV/S.Gq.fP8mXPJm5fPzuazzHfGz3VA1rAglVnuNIt8IwKagp7ku","52.246678","-1.15401",,,,"Travis12284"
"2286","Travis Perkins","Travis Perkins","Brackley   "," NN13 7XY","contact@ntuk.co.uk",,"$2y$10$zYV/S.Gq.fP8mXPJm5fPzuazzHfGz3VA1rAglVnuNIt8IwKagp7ku","52.023718","-1.147933",,,,"Travis12285"
"2287","Travis Perkins","Travis Perkins","Kettering   "," NN16 8UN","contact@ntuk.co.uk",,"$2y$10$zYV/S.Gq.fP8mXPJm5fPzuazzHfGz3VA1rAglVnuNIt8IwKagp7ku","52.408102","-0.741862",,,,"Travis12286"
"2288","Travis Perkins","Travis Perkins","Northampton Kettering Road "," NN3 6HB","contact@ntuk.co.uk",,"$2y$10$zYV/S.Gq.fP8mXPJm5fPzuazzHfGz3VA1rAglVnuNIt8IwKagp7ku","52.271361","-0.854775",,,,"Travis12287"
"2289","Travis Perkins","Travis Perkins","Northampton Harvey Reeves Road"," NN5 5JR","contact@ntuk.co.uk",,"$2y$10$zYV/S.Gq.fP8mXPJm5fPzuazzHfGz3VA1rAglVnuNIt8IwKagp7ku","52.234319","-0.915781",,,,"Travis12288"
"2290","Travis Perkins","Travis Perkins","Wellingborough   "," NN8 4EY","contact@ntuk.co.uk",,"$2y$10$zYV/S.Gq.fP8mXPJm5fPzuazzHfGz3VA1rAglVnuNIt8IwKagp7ku","52.318684","-0.678686",,,,"Travis12289"
"2291","Travis Perkins","Travis Perkins","Abercarn   "," NP11 5EY","contact@ntuk.co.uk",,"$2y$10$zYV/S.Gq.fP8mXPJm5fPzuazzHfGz3VA1rAglVnuNIt8IwKagp7ku","51.647759","-3.138239",,,,"Travis12290"
"2292","Travis Perkins","Travis Perkins","Newport Gwent  "," NP20 2DR","contact@ntuk.co.uk",,"$2y$10$zYV/S.Gq.fP8mXPJm5fPzuazzHfGz3VA1rAglVnuNIt8IwKagp7ku","51.577834","-2.986867",,,,"Travis12291"
"2293","Travis Perkins","Travis Perkins","Ebbw Vale  "," NP23 6PL","contact@ntuk.co.uk",,"$2y$10$zYV/S.Gq.fP8mXPJm5fPzuazzHfGz3VA1rAglVnuNIt8IwKagp7ku","51.78741","-3.226335",,,,"Travis12292"
"2294","Travis Perkins","Travis Perkins","Monmouth   "," NP25 5JA","contact@ntuk.co.uk",,"$2y$10$zYV/S.Gq.fP8mXPJm5fPzuazzHfGz3VA1rAglVnuNIt8IwKagp7ku","51.807196","-2.729749",,,,"Travis12293"
"2295","Travis Perkins","Travis Perkins","Pontypool   "," NP4 0TW","contact@ntuk.co.uk",,"$2y$10$zYV/S.Gq.fP8mXPJm5fPzuazzHfGz3VA1rAglVnuNIt8IwKagp7ku","51.691572","-3.014976",,,,"Travis12294"
"2296","Travis Perkins","Travis Perkins","Cwmbran   "," NP44 2YP","contact@ntuk.co.uk",,"$2y$10$zYV/S.Gq.fP8mXPJm5fPzuazzHfGz3VA1rAglVnuNIt8IwKagp7ku","51.660577","-3.015078",,,,"Travis12295"
"2297","Travis Perkins","Travis Perkins","Abergavenny   "," NP7 5LT","contact@ntuk.co.uk",,"$2y$10$zYV/S.Gq.fP8mXPJm5fPzuazzHfGz3VA1rAglVnuNIt8IwKagp7ku","51.823424","-3.013672",,,,"Travis12296"
"2298","Travis Perkins","Travis Perkins","Norwich   "," NR1 2EN","contact@ntuk.co.uk",,"$2y$10$zYV/S.Gq.fP8mXPJm5fPzuazzHfGz3VA1rAglVnuNIt8IwKagp7ku","52.612984","1.308529",,,,"Travis12297"
"2299","Travis Perkins","Travis Perkins","Dereham   "," NR20 3TG","contact@ntuk.co.uk",,"$2y$10$zYV/S.Gq.fP8mXPJm5fPzuazzHfGz3VA1rAglVnuNIt8IwKagp7ku","52.67425","0.951552",,,,"Travis12298"
"2300","Travis Perkins","Travis Perkins","Fakenham   "," NR21 8SX","contact@ntuk.co.uk",,"$2y$10$zYV/S.Gq.fP8mXPJm5fPzuazzHfGz3VA1rAglVnuNIt8IwKagp7ku","52.840126","0.869576",,,,"Travis12299"
"2301","Travis Perkins","Travis Perkins","Cromer   "," NR27 9JR","contact@ntuk.co.uk",,"$2y$10$zYV/S.Gq.fP8mXPJm5fPzuazzHfGz3VA1rAglVnuNIt8IwKagp7ku","52.927664","1.284708",,,,"Travis12300"
"2302","Travis Perkins","Travis Perkins","North Walsham  "," NR28 0NB","contact@ntuk.co.uk",,"$2y$10$zYV/S.Gq.fP8mXPJm5fPzuazzHfGz3VA1rAglVnuNIt8IwKagp7ku","52.82757","1.367052",,,,"Travis12301"
"2303","Travis Perkins","Travis Perkins","Norwich North  "," NR3 3TP","contact@ntuk.co.uk",,"$2y$10$zYV/S.Gq.fP8mXPJm5fPzuazzHfGz3VA1rAglVnuNIt8IwKagp7ku","52.655038","1.284642",,,,"Travis12302"
"2304","Travis Perkins","Travis Perkins","Great Yarmouth Boundary Road"," NR31 0LW","contact@ntuk.co.uk",,"$2y$10$zYV/S.Gq.fP8mXPJm5fPzuazzHfGz3VA1rAglVnuNIt8IwKagp7ku","52.593084","1.719061",,,,"Travis12303"
"2305","Travis Perkins","Travis Perkins","Lowestoft   "," NR33 7NG","contact@ntuk.co.uk",,"$2y$10$zYV/S.Gq.fP8mXPJm5fPzuazzHfGz3VA1rAglVnuNIt8IwKagp7ku","52.444765","1.722881",,,,"Travis12304"
"2306","Travis Perkins","Travis Perkins","Beccles   "," NR34 9BH","contact@ntuk.co.uk",,"$2y$10$zYV/S.Gq.fP8mXPJm5fPzuazzHfGz3VA1rAglVnuNIt8IwKagp7ku","52.464042","1.565979",,,,"Travis12305"
"2307","Travis Perkins","Travis Perkins","St Pancras  "," NW1 0PT","contact@ntuk.co.uk",,"$2y$10$zYV/S.Gq.fP8mXPJm5fPzuazzHfGz3VA1rAglVnuNIt8IwKagp7ku","51.5382","-0.133512",,,,"Travis12306"
"2308","Travis Perkins","Travis Perkins","Queens Park  "," NW10 3NB","contact@ntuk.co.uk",,"$2y$10$zYV/S.Gq.fP8mXPJm5fPzuazzHfGz3VA1rAglVnuNIt8IwKagp7ku","51.531503","-0.216919",,,,"Travis12307"
"2309","Travis Perkins","Travis Perkins","Kensal Green  "," NW10 5NY","contact@ntuk.co.uk",,"$2y$10$zYV/S.Gq.fP8mXPJm5fPzuazzHfGz3VA1rAglVnuNIt8IwKagp7ku","51.530446","-0.229114",,,,"Travis12308"
"2310","Travis Perkins","Travis Perkins","Staples Corner  "," NW2 7JD","contact@ntuk.co.uk",,"$2y$10$zYV/S.Gq.fP8mXPJm5fPzuazzHfGz3VA1rAglVnuNIt8IwKagp7ku","51.569275","-0.232064",,,,"Travis12309"
"2311","Travis Perkins","Travis Perkins","Hendon   "," NW9 5QY","contact@ntuk.co.uk",,"$2y$10$zYV/S.Gq.fP8mXPJm5fPzuazzHfGz3VA1rAglVnuNIt8IwKagp7ku","51.601982","-0.239357",,,,"Travis12310"
"2312","Travis Perkins","Travis Perkins","Oldham   "," OL1 3QA","contact@ntuk.co.uk",,"$2y$10$zYV/S.Gq.fP8mXPJm5fPzuazzHfGz3VA1rAglVnuNIt8IwKagp7ku","53.544709","-2.102686",,,,"Travis12311"
"2313","Travis Perkins","Travis Perkins","Heywood   "," OL10 1NG","contact@ntuk.co.uk",,"$2y$10$zYV/S.Gq.fP8mXPJm5fPzuazzHfGz3VA1rAglVnuNIt8IwKagp7ku","53.591942","-2.207136",,,,"Travis12312"
"2314","Travis Perkins","Travis Perkins","Rochdale   "," OL16 1SS","contact@ntuk.co.uk",,"$2y$10$zYV/S.Gq.fP8mXPJm5fPzuazzHfGz3VA1rAglVnuNIt8IwKagp7ku","53.614415","-2.152163",,,,"Travis12313"
"2315","Travis Perkins","Travis Perkins","Ashton Under Lyne "," OL7 9AX","contact@ntuk.co.uk",,"$2y$10$zYV/S.Gq.fP8mXPJm5fPzuazzHfGz3VA1rAglVnuNIt8IwKagp7ku","53.497737","-2.101351",,,,"Travis12314"
"2316","Travis Perkins","Travis Perkins","Didcot   "," OX11 8AG","contact@ntuk.co.uk",,"$2y$10$zYV/S.Gq.fP8mXPJm5fPzuazzHfGz3VA1rAglVnuNIt8IwKagp7ku","51.607514","-1.233998",,,,"Travis12315"
"2317","Travis Perkins","Travis Perkins","Banbury   "," OX16 3UU","contact@ntuk.co.uk",,"$2y$10$zYV/S.Gq.fP8mXPJm5fPzuazzHfGz3VA1rAglVnuNIt8IwKagp7ku","52.074617","-1.319747",,,,"Travis12316"
"2318","Travis Perkins","Travis Perkins","Oxford West Way "," OX2 0QD","contact@ntuk.co.uk",,"$2y$10$zYV/S.Gq.fP8mXPJm5fPzuazzHfGz3VA1rAglVnuNIt8IwKagp7ku","51.752111","-1.295397",,,,"Travis12317"
"2319","Travis Perkins","Travis Perkins","Bicester   "," OX26 4XZ","contact@ntuk.co.uk",,"$2y$10$zYV/S.Gq.fP8mXPJm5fPzuazzHfGz3VA1rAglVnuNIt8IwKagp7ku","51.902709","-1.138218",,,,"Travis12318"
"2320","Travis Perkins","Travis Perkins","Oxford Sandy Lane "," OX4 6JU","contact@ntuk.co.uk",,"$2y$10$zYV/S.Gq.fP8mXPJm5fPzuazzHfGz3VA1rAglVnuNIt8IwKagp7ku","51.722958","-1.212707",,,,"Travis12319"
"2321","Travis Perkins","Travis Perkins","Chipping Norton  "," OX7 5HX","contact@ntuk.co.uk",,"$2y$10$zYV/S.Gq.fP8mXPJm5fPzuazzHfGz3VA1rAglVnuNIt8IwKagp7ku","51.939527","-1.554306",,,,"Travis12320"
"2322","Travis Perkins","Travis Perkins","Peterborough Padholme Road "," PE1 5XL","contact@ntuk.co.uk",,"$2y$10$zYV/S.Gq.fP8mXPJm5fPzuazzHfGz3VA1rAglVnuNIt8IwKagp7ku","52.577075","-0.214717",,,,"Travis12321"
"2323","Travis Perkins","Travis Perkins","Bourne   "," PE10 9LA","contact@ntuk.co.uk",,"$2y$10$zYV/S.Gq.fP8mXPJm5fPzuazzHfGz3VA1rAglVnuNIt8IwKagp7ku","52.765935","-0.362352",,,,"Travis12322"
"2324","Travis Perkins","Travis Perkins","Wisbech   "," PE13 2HH","contact@ntuk.co.uk",,"$2y$10$zYV/S.Gq.fP8mXPJm5fPzuazzHfGz3VA1rAglVnuNIt8IwKagp7ku","52.657537","0.152532",,,,"Travis12323"
"2325","Travis Perkins","Travis Perkins","Chatteris   "," PE16 6RD","contact@ntuk.co.uk",,"$2y$10$zYV/S.Gq.fP8mXPJm5fPzuazzHfGz3VA1rAglVnuNIt8IwKagp7ku","52.461059","0.045382",,,,"Travis12324"
"2326","Travis Perkins","Travis Perkins","Boston   "," PE21 8TJ","contact@ntuk.co.uk",,"$2y$10$zYV/S.Gq.fP8mXPJm5fPzuazzHfGz3VA1rAglVnuNIt8IwKagp7ku","52.971746","-0.025319",,,,"Travis12325"
"2327","Travis Perkins","Travis Perkins","Huntingdon   "," PE29 7DA","contact@ntuk.co.uk",,"$2y$10$zYV/S.Gq.fP8mXPJm5fPzuazzHfGz3VA1rAglVnuNIt8IwKagp7ku","52.340332","-0.187144",,,,"Travis12326"
"2328","Travis Perkins","Travis Perkins","Peterborough Ivatt Way "," PE3 7PA","contact@ntuk.co.uk",,"$2y$10$zYV/S.Gq.fP8mXPJm5fPzuazzHfGz3VA1rAglVnuNIt8IwKagp7ku","52.592739","-0.265679",,,,"Travis12327"
"2329","Travis Perkins","Travis Perkins","Kings Lynn  "," PE30 4NG","contact@ntuk.co.uk",,"$2y$10$zYV/S.Gq.fP8mXPJm5fPzuazzHfGz3VA1rAglVnuNIt8IwKagp7ku","52.734487","0.407206",,,,"Travis12328"
"2330","Travis Perkins","Travis Perkins","Stamford   "," PE9 1XS","contact@ntuk.co.uk",,"$2y$10$zYV/S.Gq.fP8mXPJm5fPzuazzHfGz3VA1rAglVnuNIt8IwKagp7ku","52.663322","-0.46621",,,,"Travis12329"
"2331","Travis Perkins","Travis Perkins","Perth   "," PH1 3AA","contact@ntuk.co.uk",,"$2y$10$zYV/S.Gq.fP8mXPJm5fPzuazzHfGz3VA1rAglVnuNIt8IwKagp7ku","56.411537","-3.455036",,,,"Travis12330"
"2332","Travis Perkins","Travis Perkins","Saltash   "," PL12 6LF","contact@ntuk.co.uk",,"$2y$10$zYV/S.Gq.fP8mXPJm5fPzuazzHfGz3VA1rAglVnuNIt8IwKagp7ku","50.417803","-4.233755",,,,"Travis12331"
"2333","Travis Perkins","Travis Perkins","Callington   "," PL17 7HH","contact@ntuk.co.uk",,"$2y$10$zYV/S.Gq.fP8mXPJm5fPzuazzHfGz3VA1rAglVnuNIt8IwKagp7ku","50.498008","-4.320496",,,,"Travis12332"
"2334","Travis Perkins","Travis Perkins","Wadebridge   "," PL27 6HB","contact@ntuk.co.uk",,"$2y$10$zYV/S.Gq.fP8mXPJm5fPzuazzHfGz3VA1rAglVnuNIt8IwKagp7ku","50.520121","-4.823237",,,,"Travis12333"
"2335","Travis Perkins","Travis Perkins","Bodmin   "," PL31 1DQ","contact@ntuk.co.uk",,"$2y$10$zYV/S.Gq.fP8mXPJm5fPzuazzHfGz3VA1rAglVnuNIt8IwKagp7ku","50.458513","-4.708672",,,,"Travis12334"
"2336","Travis Perkins","Travis Perkins","Plymouth Sutton Road "," PL4 0HQ","contact@ntuk.co.uk",,"$2y$10$zYV/S.Gq.fP8mXPJm5fPzuazzHfGz3VA1rAglVnuNIt8IwKagp7ku","50.370064","-4.128598",,,,"Travis12335"
"2337","Travis Perkins","Travis Perkins","Fareham   "," PO13 0FW","contact@ntuk.co.uk",,"$2y$10$zYV/S.Gq.fP8mXPJm5fPzuazzHfGz3VA1rAglVnuNIt8IwKagp7ku","50.836984","-1.17719",,,,"Travis12336"
"2338","Travis Perkins","Travis Perkins","Bognor Regis  "," PO22 9SE","contact@ntuk.co.uk",,"$2y$10$zYV/S.Gq.fP8mXPJm5fPzuazzHfGz3VA1rAglVnuNIt8IwKagp7ku","50.802909","-0.664576",,,,"Travis12337"
"2339","Travis Perkins","Travis Perkins","Portsmouth   "," PO3 5QH","contact@ntuk.co.uk",,"$2y$10$zYV/S.Gq.fP8mXPJm5fPzuazzHfGz3VA1rAglVnuNIt8IwKagp7ku","50.821026","-1.053137",,,,"Travis12338"
"2340","Travis Perkins","Travis Perkins","Preston   "," PR2 2SH","contact@ntuk.co.uk",,"$2y$10$zYV/S.Gq.fP8mXPJm5fPzuazzHfGz3VA1rAglVnuNIt8IwKagp7ku","53.765286","-2.720618",,,,"Travis12339"
"2341","Travis Perkins","Travis Perkins","Kirkham   "," PR4 3RB","contact@ntuk.co.uk",,"$2y$10$zYV/S.Gq.fP8mXPJm5fPzuazzHfGz3VA1rAglVnuNIt8IwKagp7ku","53.776933","-2.871122",,,,"Travis12340"
"2342","Travis Perkins","Travis Perkins","Bracknell   "," RG12 1BX","contact@ntuk.co.uk",,"$2y$10$zYV/S.Gq.fP8mXPJm5fPzuazzHfGz3VA1rAglVnuNIt8IwKagp7ku","51.416645","-0.762133",,,,"Travis12341"
"2343","Travis Perkins","Travis Perkins","Newbury   "," RG14 5RU","contact@ntuk.co.uk",,"$2y$10$zYV/S.Gq.fP8mXPJm5fPzuazzHfGz3VA1rAglVnuNIt8IwKagp7ku","51.400208","-1.311582",,,,"Travis12342"
"2344","Travis Perkins","Travis Perkins","Reading Acre Road "," RG2 0SU","contact@ntuk.co.uk",,"$2y$10$zYV/S.Gq.fP8mXPJm5fPzuazzHfGz3VA1rAglVnuNIt8IwKagp7ku","51.424479","-0.976819",,,,"Travis12343"
"2345","Travis Perkins","Travis Perkins","Basingstoke   "," RG24 8FW","contact@ntuk.co.uk",,"$2y$10$zYV/S.Gq.fP8mXPJm5fPzuazzHfGz3VA1rAglVnuNIt8IwKagp7ku","51.277142","-1.064724",,,,"Travis12344"
"2346","Travis Perkins","Travis Perkins","Crowthorne   "," RG45 6RG","contact@ntuk.co.uk",,"$2y$10$zYV/S.Gq.fP8mXPJm5fPzuazzHfGz3VA1rAglVnuNIt8IwKagp7ku","51.371828","-0.792262",,,,"Travis12345"
"2347","Travis Perkins","Travis Perkins","Reading Woodley  "," RG5 4QP","contact@ntuk.co.uk",,"$2y$10$zYV/S.Gq.fP8mXPJm5fPzuazzHfGz3VA1rAglVnuNIt8IwKagp7ku","51.455483","-0.895541",,,,"Travis12346"
"2348","Travis Perkins","Travis Perkins","Redhill   "," RH1 2JJ","contact@ntuk.co.uk",,"$2y$10$zYV/S.Gq.fP8mXPJm5fPzuazzHfGz3VA1rAglVnuNIt8IwKagp7ku","51.249778","-0.16539",,,,"Travis12347"
"2349","Travis Perkins","Travis Perkins","Crawley   "," RH12 4SE","contact@ntuk.co.uk",,"$2y$10$zYV/S.Gq.fP8mXPJm5fPzuazzHfGz3VA1rAglVnuNIt8IwKagp7ku","51.095122","-0.247152",,,,"Travis12348"
"2350","Travis Perkins","Travis Perkins","Burgess Hill  "," RH15 9NF","contact@ntuk.co.uk",,"$2y$10$zYV/S.Gq.fP8mXPJm5fPzuazzHfGz3VA1rAglVnuNIt8IwKagp7ku","50.954642","-0.142494",,,,"Travis12349"
"2351","Travis Perkins","Travis Perkins","East Grinstead"," RH19 1XZ","contact@ntuk.co.uk",,"$2y$10$zYV/S.Gq.fP8mXPJm5fPzuazzHfGz3VA1rAglVnuNIt8IwKagp7ku","51.135932","-0.03827",,,,"Travis12350"
"2352","Travis Perkins","Travis Perkins","Pulborough   "," RH20 1AQ","contact@ntuk.co.uk",,"$2y$10$zYV/S.Gq.fP8mXPJm5fPzuazzHfGz3VA1rAglVnuNIt8IwKagp7ku","50.957933","-0.514461",,,,"Travis12351"
"2353","Travis Perkins","Travis Perkins","Rainham   "," RM13 8ST","contact@ntuk.co.uk",,"$2y$10$zYV/S.Gq.fP8mXPJm5fPzuazzHfGz3VA1rAglVnuNIt8IwKagp7ku","51.526304","0.192276",,,,"Travis12352"
"2354","Travis Perkins","Travis Perkins","Grays   "," RM17 5XS","contact@ntuk.co.uk",,"$2y$10$zYV/S.Gq.fP8mXPJm5fPzuazzHfGz3VA1rAglVnuNIt8IwKagp7ku","51.478452","0.318056",,,,"Travis12353"
"2355","Travis Perkins","Travis Perkins","Dagenham   "," RM8 1RX","contact@ntuk.co.uk",,"$2y$10$zYV/S.Gq.fP8mXPJm5fPzuazzHfGz3VA1rAglVnuNIt8IwKagp7ku","51.566519","0.136766",,,,"Travis12354"
"2356","Travis Perkins","Travis Perkins","Sheffield Central  "," S2 4DS","contact@ntuk.co.uk",,"$2y$10$zYV/S.Gq.fP8mXPJm5fPzuazzHfGz3VA1rAglVnuNIt8IwKagp7ku","53.365929","-1.467691",,,,"Travis12355"
"2357","Travis Perkins","Travis Perkins","Sheffield Crystal Peaks "," S20 3PJ","contact@ntuk.co.uk",,"$2y$10$zYV/S.Gq.fP8mXPJm5fPzuazzHfGz3VA1rAglVnuNIt8IwKagp7ku","53.328487","-1.334375",,,,"Travis12356"
"2358","Travis Perkins","Travis Perkins","Chesterfield Boythorpe Road "," S40 2NF","contact@ntuk.co.uk",,"$2y$10$zYV/S.Gq.fP8mXPJm5fPzuazzHfGz3VA1rAglVnuNIt8IwKagp7ku","53.233428","-1.437035",,,,"Travis12357"
"2359","Travis Perkins","Travis Perkins","Rotherham   "," S60 2XL","contact@ntuk.co.uk",,"$2y$10$zYV/S.Gq.fP8mXPJm5fPzuazzHfGz3VA1rAglVnuNIt8IwKagp7ku","53.406193","-1.358599",,,,"Travis12358"
"2360","Travis Perkins","Travis Perkins","Mexborough   "," S64 9QP","contact@ntuk.co.uk",,"$2y$10$zYV/S.Gq.fP8mXPJm5fPzuazzHfGz3VA1rAglVnuNIt8IwKagp7ku","53.494026","-1.298655",,,,"Travis12359"
"2361","Travis Perkins","Travis Perkins","Barnsley   "," S71 1HN","contact@ntuk.co.uk",,"$2y$10$zYV/S.Gq.fP8mXPJm5fPzuazzHfGz3VA1rAglVnuNIt8IwKagp7ku","53.552892","-1.459945",,,,"Travis12360"
"2362","Travis Perkins","Travis Perkins","Worksop   "," S81 7AQ","contact@ntuk.co.uk",,"$2y$10$zYV/S.Gq.fP8mXPJm5fPzuazzHfGz3VA1rAglVnuNIt8IwKagp7ku","53.311958","-1.122041",,,,"Travis12361"
"2363","Travis Perkins","Travis Perkins","Sheffield Coleford Road "," S9 5NN","contact@ntuk.co.uk",,"$2y$10$zYV/S.Gq.fP8mXPJm5fPzuazzHfGz3VA1rAglVnuNIt8IwKagp7ku","53.390577","-1.403192",,,,"Travis12362"
"2364","Travis Perkins","Travis Perkins","Neath   "," SA11 1SB","contact@ntuk.co.uk",,"$2y$10$zYV/S.Gq.fP8mXPJm5fPzuazzHfGz3VA1rAglVnuNIt8IwKagp7ku","51.662619","-3.80788",,,,"Travis12363"
"2365","Travis Perkins","Travis Perkins","Llanelli   "," SA14 9RA","contact@ntuk.co.uk",,"$2y$10$zYV/S.Gq.fP8mXPJm5fPzuazzHfGz3VA1rAglVnuNIt8IwKagp7ku","51.673581","-4.143442",,,,"Travis12364"
"2366","Travis Perkins","Travis Perkins","Kidwelly   "," SA17 4TF","contact@ntuk.co.uk",,"$2y$10$zYV/S.Gq.fP8mXPJm5fPzuazzHfGz3VA1rAglVnuNIt8IwKagp7ku","51.731157","-4.306902",,,,"Travis12365"
"2367","Travis Perkins","Travis Perkins","Gorseinon   "," SA4 9WF","contact@ntuk.co.uk",,"$2y$10$zYV/S.Gq.fP8mXPJm5fPzuazzHfGz3VA1rAglVnuNIt8IwKagp7ku","51.664759","-4.018636",,,,"Travis12366"
"2368","Travis Perkins","Travis Perkins","Swansea Carmarthen Road "," SA5 8JF","contact@ntuk.co.uk",,"$2y$10$zYV/S.Gq.fP8mXPJm5fPzuazzHfGz3VA1rAglVnuNIt8IwKagp7ku","51.635841","-3.971483",,,,"Travis12367"
"2369","Travis Perkins","Travis Perkins","Haverfordwest   "," SA61 1JA","contact@ntuk.co.uk",,"$2y$10$zYV/S.Gq.fP8mXPJm5fPzuazzHfGz3VA1rAglVnuNIt8IwKagp7ku","51.797978","-4.984485",,,,"Travis12368"
"2370","Travis Perkins","Travis Perkins","Fishguard   "," SA65 9RE","contact@ntuk.co.uk",,"$2y$10$zYV/S.Gq.fP8mXPJm5fPzuazzHfGz3VA1rAglVnuNIt8IwKagp7ku","51.974095","-5.006697",,,,"Travis12369"
"2371","Travis Perkins","Travis Perkins","Milford Haven  "," SA73 2RR","contact@ntuk.co.uk",,"$2y$10$zYV/S.Gq.fP8mXPJm5fPzuazzHfGz3VA1rAglVnuNIt8IwKagp7ku","51.723849","-5.032253",,,,"Travis12370"
"2372","Travis Perkins","Travis Perkins","Lee Green  "," SE12 0HR","contact@ntuk.co.uk",,"$2y$10$zYV/S.Gq.fP8mXPJm5fPzuazzHfGz3VA1rAglVnuNIt8IwKagp7ku","51.449228","0.009008",,,,"Travis12371"
"2373","Travis Perkins","Travis Perkins","Forest Hill  "," SE23 1HF","contact@ntuk.co.uk",,"$2y$10$zYV/S.Gq.fP8mXPJm5fPzuazzHfGz3VA1rAglVnuNIt8IwKagp7ku","51.442526","-0.049465",,,,"Travis12372"
"2374","Travis Perkins","Travis Perkins","Norwood   "," SE27 9JS","contact@ntuk.co.uk",,"$2y$10$zYV/S.Gq.fP8mXPJm5fPzuazzHfGz3VA1rAglVnuNIt8IwKagp7ku","51.430697","-0.101787",,,,"Travis12373"
"2375","Travis Perkins","Travis Perkins","Catford   "," SE6 2JN","contact@ntuk.co.uk",,"$2y$10$zYV/S.Gq.fP8mXPJm5fPzuazzHfGz3VA1rAglVnuNIt8IwKagp7ku","51.443774","-0.018774",,,,"Travis12374"
"2376","Travis Perkins","Travis Perkins","Woolwich   "," SE7 8LH","contact@ntuk.co.uk",,"$2y$10$zYV/S.Gq.fP8mXPJm5fPzuazzHfGz3VA1rAglVnuNIt8IwKagp7ku","51.490528","0.034779",,,,"Travis12375"
"2377","Travis Perkins","Travis Perkins","Biggleswade   "," SG18 8UB","contact@ntuk.co.uk",,"$2y$10$zYV/S.Gq.fP8mXPJm5fPzuazzHfGz3VA1rAglVnuNIt8IwKagp7ku","52.074168","-0.240685",,,,"Travis12376"
"2378","Travis Perkins","Travis Perkins","Hitchin   "," SG4 0SE","contact@ntuk.co.uk",,"$2y$10$zYV/S.Gq.fP8mXPJm5fPzuazzHfGz3VA1rAglVnuNIt8IwKagp7ku","51.963569","-0.268454",,,,"Travis12377"
"2379","Travis Perkins","Travis Perkins","Macclesfield   "," SK10 1LT","contact@ntuk.co.uk",,"$2y$10$zYV/S.Gq.fP8mXPJm5fPzuazzHfGz3VA1rAglVnuNIt8IwKagp7ku","53.261773","-2.116232",,,,"Travis12378"
"2380","Travis Perkins","Travis Perkins","Hyde   "," SK14 1BN","contact@ntuk.co.uk",,"$2y$10$zYV/S.Gq.fP8mXPJm5fPzuazzHfGz3VA1rAglVnuNIt8IwKagp7ku","53.452574","-2.084935",,,,"Travis12379"
"2381","Travis Perkins","Travis Perkins","Stockport Whitehill  "," SK4 1NY","contact@ntuk.co.uk",,"$2y$10$zYV/S.Gq.fP8mXPJm5fPzuazzHfGz3VA1rAglVnuNIt8IwKagp7ku","53.425131","-2.163931",,,,"Travis12380"
"2382","Travis Perkins","Travis Perkins","Marple   "," SK6 6AB","contact@ntuk.co.uk",,"$2y$10$zYV/S.Gq.fP8mXPJm5fPzuazzHfGz3VA1rAglVnuNIt8IwKagp7ku","53.394934","-2.064955",,,,"Travis12381"
"2383","Travis Perkins","Travis Perkins","Wilmslow   "," SK9 1PY","contact@ntuk.co.uk",,"$2y$10$zYV/S.Gq.fP8mXPJm5fPzuazzHfGz3VA1rAglVnuNIt8IwKagp7ku","53.319848","-2.238044",,,,"Travis12382"
"2384","Travis Perkins","Travis Perkins","Slough   "," SL1 4NJ","contact@ntuk.co.uk",,"$2y$10$zYV/S.Gq.fP8mXPJm5fPzuazzHfGz3VA1rAglVnuNIt8IwKagp7ku","51.522338","-0.631158",,,,"Travis12383"
"2385","Travis Perkins","Travis Perkins","Maidenhead   "," SL6 4EE","contact@ntuk.co.uk",,"$2y$10$zYV/S.Gq.fP8mXPJm5fPzuazzHfGz3VA1rAglVnuNIt8IwKagp7ku","51.517645","-0.731164",,,,"Travis12384"
"2386","Travis Perkins","Travis Perkins","Sutton   "," SM3 9QN","contact@ntuk.co.uk",,"$2y$10$zYV/S.Gq.fP8mXPJm5fPzuazzHfGz3VA1rAglVnuNIt8IwKagp7ku","51.376085","-0.208064",,,,"Travis12385"
"2387","Travis Perkins","Travis Perkins","Wallington   "," SM6 8QF","contact@ntuk.co.uk",,"$2y$10$zYV/S.Gq.fP8mXPJm5fPzuazzHfGz3VA1rAglVnuNIt8IwKagp7ku","51.360296","-0.149228",,,,"Travis12386"
"2388","Travis Perkins","Travis Perkins","Melksham   "," SN12 6TS","contact@ntuk.co.uk",,"$2y$10$zYV/S.Gq.fP8mXPJm5fPzuazzHfGz3VA1rAglVnuNIt8IwKagp7ku","51.354959","-2.129297",,,,"Travis12387"
"2389","Travis Perkins","Travis Perkins","Gastard   "," SN13 9QS","contact@ntuk.co.uk",,"$2y$10$zYV/S.Gq.fP8mXPJm5fPzuazzHfGz3VA1rAglVnuNIt8IwKagp7ku","51.414753","-2.165342",,,,"Travis12388"
"2390","Travis Perkins","Travis Perkins","Chippenham   "," SN14 0BU","contact@ntuk.co.uk",,"$2y$10$zYV/S.Gq.fP8mXPJm5fPzuazzHfGz3VA1rAglVnuNIt8IwKagp7ku","51.458199","-2.130654",,,,"Travis12389"
"2391","Travis Perkins","Travis Perkins","Swindon Dunbeath Road "," SN2 8EA","contact@ntuk.co.uk",,"$2y$10$zYV/S.Gq.fP8mXPJm5fPzuazzHfGz3VA1rAglVnuNIt8IwKagp7ku","51.574782","-1.769191",,,,"Travis12390"
"2392","Travis Perkins","Travis Perkins","Swindon West  "," SN5 8WQ","contact@ntuk.co.uk",,"$2y$10$zYV/S.Gq.fP8mXPJm5fPzuazzHfGz3VA1rAglVnuNIt8IwKagp7ku","51.55285","-1.808488",,,,"Travis12391"
"2393","Travis Perkins","Travis Perkins","Marlborough   "," SN8 4BY","contact@ntuk.co.uk",,"$2y$10$zYV/S.Gq.fP8mXPJm5fPzuazzHfGz3VA1rAglVnuNIt8IwKagp7ku","51.417993","-1.729169",,,,"Travis12392"
"2394","Travis Perkins","Travis Perkins","Southampton   "," SO14 5GB","contact@ntuk.co.uk",,"$2y$10$zYV/S.Gq.fP8mXPJm5fPzuazzHfGz3VA1rAglVnuNIt8IwKagp7ku","50.900948","-1.391294",,,,"Travis12393"
"2395","Travis Perkins","Travis Perkins","Lymington   "," SO41 8JU","contact@ntuk.co.uk",,"$2y$10$zYV/S.Gq.fP8mXPJm5fPzuazzHfGz3VA1rAglVnuNIt8IwKagp7ku","50.772079","-1.54861",,,,"Travis12394"
"2396","Travis Perkins","Travis Perkins","Hythe & Fawley "," SO45 3NN","contact@ntuk.co.uk",,"$2y$10$zYV/S.Gq.fP8mXPJm5fPzuazzHfGz3VA1rAglVnuNIt8IwKagp7ku","50.841439","-1.391926",,,,"Travis12395"
"2397","Travis Perkins","Travis Perkins","Eastleigh   "," SO50 4NU","contact@ntuk.co.uk",,"$2y$10$zYV/S.Gq.fP8mXPJm5fPzuazzHfGz3VA1rAglVnuNIt8IwKagp7ku","50.974844","-1.361928",,,,"Travis12396"
"2398","Travis Perkins","Travis Perkins","Romsey   "," SO51 0HR","contact@ntuk.co.uk",,"$2y$10$zYV/S.Gq.fP8mXPJm5fPzuazzHfGz3VA1rAglVnuNIt8IwKagp7ku","50.994652","-1.495699",,,,"Travis12397"
"2399","Travis Perkins","Travis Perkins","Andover   "," SP10 3JJ","contact@ntuk.co.uk",,"$2y$10$zYV/S.Gq.fP8mXPJm5fPzuazzHfGz3VA1rAglVnuNIt8IwKagp7ku","51.213134","-1.487577",,,,"Travis12398"
"2400","Travis Perkins","Travis Perkins","Salisbury   "," SP2 7QA","contact@ntuk.co.uk",,"$2y$10$zYV/S.Gq.fP8mXPJm5fPzuazzHfGz3VA1rAglVnuNIt8IwKagp7ku","51.069828","-1.817736",,,,"Travis12399"
"2401","Travis Perkins","Travis Perkins","Shaftesbury   "," SP7 9HD","contact@ntuk.co.uk",,"$2y$10$zYV/S.Gq.fP8mXPJm5fPzuazzHfGz3VA1rAglVnuNIt8IwKagp7ku","51.016834","-2.188855",,,,"Travis12400"
"2402","Travis Perkins","Travis Perkins","Wickford   "," SS11 8DD","contact@ntuk.co.uk",,"$2y$10$zYV/S.Gq.fP8mXPJm5fPzuazzHfGz3VA1rAglVnuNIt8IwKagp7ku","51.606983","0.538296",,,,"Travis12401"
"2403","Travis Perkins","Travis Perkins","Southend   "," SS2 5DD","contact@ntuk.co.uk",,"$2y$10$zYV/S.Gq.fP8mXPJm5fPzuazzHfGz3VA1rAglVnuNIt8IwKagp7ku","51.545247","0.71331",,,,"Travis12402"
"2404","Travis Perkins","Travis Perkins","Leek   "," ST13 5QG","contact@ntuk.co.uk",,"$2y$10$zYV/S.Gq.fP8mXPJm5fPzuazzHfGz3VA1rAglVnuNIt8IwKagp7ku","53.098857","-2.032576",,,,"Travis12403"
"2405","Travis Perkins","Travis Perkins","Uttoxeter   "," ST14 7BA","contact@ntuk.co.uk",,"$2y$10$zYV/S.Gq.fP8mXPJm5fPzuazzHfGz3VA1rAglVnuNIt8IwKagp7ku","52.908026","-1.872741",,,,"Travis12404"
"2406","Travis Perkins","Travis Perkins","Stafford   "," ST16 3LY","contact@ntuk.co.uk",,"$2y$10$zYV/S.Gq.fP8mXPJm5fPzuazzHfGz3VA1rAglVnuNIt8IwKagp7ku","52.814718","-2.115582",,,,"Travis12405"
"2407","Travis Perkins","Travis Perkins","Newcastle Under Lyme "," ST4 6DH","contact@ntuk.co.uk",,"$2y$10$zYV/S.Gq.fP8mXPJm5fPzuazzHfGz3VA1rAglVnuNIt8IwKagp7ku","53.012398","-2.215033",,,,"Travis12406"
"2408","Travis Perkins","Travis Perkins","Stoke   "," ST6 4HG","contact@ntuk.co.uk",,"$2y$10$zYV/S.Gq.fP8mXPJm5fPzuazzHfGz3VA1rAglVnuNIt8IwKagp7ku","53.05518","-2.203311",,,,"Travis12407"
"2409","Travis Perkins","Travis Perkins","Battersea Lombard Road "," SW11 3RW","contact@ntuk.co.uk",,"$2y$10$zYV/S.Gq.fP8mXPJm5fPzuazzHfGz3VA1rAglVnuNIt8IwKagp7ku","51.471227","-0.176606",,,,"Travis12408"
"2410","Travis Perkins","Travis Perkins","Balham Weir Road "," SW12 0NA","contact@ntuk.co.uk",,"$2y$10$zYV/S.Gq.fP8mXPJm5fPzuazzHfGz3VA1rAglVnuNIt8IwKagp7ku","51.44553","-0.143049",,,,"Travis12409"
"2411","Travis Perkins","Travis Perkins","Wimbledon   "," SW19 8UG","contact@ntuk.co.uk",,"$2y$10$zYV/S.Gq.fP8mXPJm5fPzuazzHfGz3VA1rAglVnuNIt8IwKagp7ku","51.43545","-0.191426",,,,"Travis12410"
"2412","Travis Perkins","Travis Perkins","Vauxhall   "," SW8 1JY","contact@ntuk.co.uk",,"$2y$10$zYV/S.Gq.fP8mXPJm5fPzuazzHfGz3VA1rAglVnuNIt8IwKagp7ku","51.482061","-0.122944",,,,"Travis12411"
"2413","Travis Perkins","Travis Perkins","Shrewsbury   "," SY1 3TG","contact@ntuk.co.uk",,"$2y$10$zYV/S.Gq.fP8mXPJm5fPzuazzHfGz3VA1rAglVnuNIt8IwKagp7ku","52.741378","-2.728078",,,,"Travis12412"
"2414","Travis Perkins","Travis Perkins","Oswestry   "," SY10 8HA","contact@ntuk.co.uk",,"$2y$10$zYV/S.Gq.fP8mXPJm5fPzuazzHfGz3VA1rAglVnuNIt8IwKagp7ku","52.848618","-3.043363",,,,"Travis12413"
"2415","Travis Perkins","Travis Perkins","Whitchurch   "," SY13 1PN","contact@ntuk.co.uk",,"$2y$10$zYV/S.Gq.fP8mXPJm5fPzuazzHfGz3VA1rAglVnuNIt8IwKagp7ku","52.970576","-2.673182",,,,"Travis12414"
"2416","Travis Perkins","Travis Perkins","Machynlleth   "," SY20 8EG","contact@ntuk.co.uk",,"$2y$10$zYV/S.Gq.fP8mXPJm5fPzuazzHfGz3VA1rAglVnuNIt8IwKagp7ku","52.59004","-3.843417",,,,"Travis12415"
"2417","Travis Perkins","Travis Perkins","Aberystwyth   "," SY23 3HJ","contact@ntuk.co.uk",,"$2y$10$zYV/S.Gq.fP8mXPJm5fPzuazzHfGz3VA1rAglVnuNIt8IwKagp7ku","52.401189","-4.040465",,,,"Travis12416"
"2418","Travis Perkins","Travis Perkins","Ludlow   "," SY8 1FH","contact@ntuk.co.uk",,"$2y$10$zYV/S.Gq.fP8mXPJm5fPzuazzHfGz3VA1rAglVnuNIt8IwKagp7ku","52.370194","-2.698809",,,,"Travis12417"
"2419","Travis Perkins","Travis Perkins","Taunton   "," TA1 3EZ","contact@ntuk.co.uk",,"$2y$10$zYV/S.Gq.fP8mXPJm5fPzuazzHfGz3VA1rAglVnuNIt8IwKagp7ku","51.016296","-3.090272",,,,"Travis12418"
"2420","Travis Perkins","Travis Perkins","Dulverton   "," TA22 9AT","contact@ntuk.co.uk",,"$2y$10$zYV/S.Gq.fP8mXPJm5fPzuazzHfGz3VA1rAglVnuNIt8IwKagp7ku","51.018859","-3.533079",,,,"Travis12419"
"2421","Travis Perkins","Travis Perkins","Minehead   "," TA24 5BJ","contact@ntuk.co.uk",,"$2y$10$zYV/S.Gq.fP8mXPJm5fPzuazzHfGz3VA1rAglVnuNIt8IwKagp7ku","51.203699","-3.467623",,,,"Travis12420"
"2422","Travis Perkins","Travis Perkins","Bridgwater   "," TA6 4BH","contact@ntuk.co.uk",,"$2y$10$zYV/S.Gq.fP8mXPJm5fPzuazzHfGz3VA1rAglVnuNIt8IwKagp7ku","51.139172","-2.996137",,,,"Travis12421"
"2423","Travis Perkins","Travis Perkins","Newport Shropshire  "," TF10 7EH","contact@ntuk.co.uk",,"$2y$10$zYV/S.Gq.fP8mXPJm5fPzuazzHfGz3VA1rAglVnuNIt8IwKagp7ku","52.765803","-2.376913",,,,"Travis12422"
"2424","Travis Perkins","Travis Perkins","Market Drayton  "," TF9 3SN","contact@ntuk.co.uk",,"$2y$10$zYV/S.Gq.fP8mXPJm5fPzuazzHfGz3VA1rAglVnuNIt8IwKagp7ku","52.910478","-2.48816",,,,"Travis12423"
"2425","Travis Perkins","Travis Perkins","Sevenoaks   "," TN14 5EF","contact@ntuk.co.uk",,"$2y$10$zYV/S.Gq.fP8mXPJm5fPzuazzHfGz3VA1rAglVnuNIt8IwKagp7ku","51.290749","0.192769",,,,"Travis12424"
"2426","Travis Perkins","Travis Perkins","Tunbridge Wells  "," TN2 3EY","contact@ntuk.co.uk",,"$2y$10$zYV/S.Gq.fP8mXPJm5fPzuazzHfGz3VA1rAglVnuNIt8IwKagp7ku","51.154729","0.286919",,,,"Travis12425"
"2427","Travis Perkins","Travis Perkins","Uckfield   "," TN22 1QL","contact@ntuk.co.uk",,"$2y$10$zYV/S.Gq.fP8mXPJm5fPzuazzHfGz3VA1rAglVnuNIt8IwKagp7ku","50.969222","0.089395",,,,"Travis12426"
"2428","Travis Perkins","Travis Perkins","Ashford   "," TN23 7RP","contact@ntuk.co.uk",,"$2y$10$zYV/S.Gq.fP8mXPJm5fPzuazzHfGz3VA1rAglVnuNIt8IwKagp7ku","51.14155","0.871631",,,,"Travis12427"
"2429","Travis Perkins","Travis Perkins","Hastings   "," TN38 0RP","contact@ntuk.co.uk",,"$2y$10$zYV/S.Gq.fP8mXPJm5fPzuazzHfGz3VA1rAglVnuNIt8IwKagp7ku","50.862402","0.555815",,,,"Travis12428"
"2430","Travis Perkins","Travis Perkins","Crowborough   "," TN6 2JR","contact@ntuk.co.uk",,"$2y$10$zYV/S.Gq.fP8mXPJm5fPzuazzHfGz3VA1rAglVnuNIt8IwKagp7ku","51.044679","0.183738",,,,"Travis12429"
"2431","Travis Perkins","Travis Perkins","Tonbridge   "," TN9 1PL","contact@ntuk.co.uk",,"$2y$10$zYV/S.Gq.fP8mXPJm5fPzuazzHfGz3VA1rAglVnuNIt8IwKagp7ku","51.197304","0.284188",,,,"Travis12430"
"2432","Travis Perkins","Travis Perkins","Teignmouth   "," TQ14 9AE","contact@ntuk.co.uk",,"$2y$10$zYV/S.Gq.fP8mXPJm5fPzuazzHfGz3VA1rAglVnuNIt8IwKagp7ku","50.547046","-3.514674",,,,"Travis12431"
"2433","Travis Perkins","Travis Perkins","Torquay   "," TQ2 8ES","contact@ntuk.co.uk",,"$2y$10$zYV/S.Gq.fP8mXPJm5fPzuazzHfGz3VA1rAglVnuNIt8IwKagp7ku","50.489559","-3.53594",,,,"Travis12432"
"2434","Travis Perkins","Travis Perkins","Totnes   "," TQ9 5JG","contact@ntuk.co.uk",,"$2y$10$zYV/S.Gq.fP8mXPJm5fPzuazzHfGz3VA1rAglVnuNIt8IwKagp7ku","50.434332","-3.687638",,,,"Travis12433"
"2435","Travis Perkins","Travis Perkins","Truro   "," TR1 3LP","contact@ntuk.co.uk",,"$2y$10$zYV/S.Gq.fP8mXPJm5fPzuazzHfGz3VA1rAglVnuNIt8IwKagp7ku","50.265858","-5.097894",,,,"Travis12434"
"2436","Travis Perkins","Travis Perkins","Penryn   "," TR10 8AJ","contact@ntuk.co.uk",,"$2y$10$zYV/S.Gq.fP8mXPJm5fPzuazzHfGz3VA1rAglVnuNIt8IwKagp7ku","50.170444","-5.100427",,,,"Travis12435"
"2437","Travis Perkins","Travis Perkins","Helston   "," TR12 6BL","contact@ntuk.co.uk",,"$2y$10$zYV/S.Gq.fP8mXPJm5fPzuazzHfGz3VA1rAglVnuNIt8IwKagp7ku","50.076776","-5.23583",,,,"Travis12436"
"2438","Travis Perkins","Travis Perkins","Penzance   "," TR20 8HX","contact@ntuk.co.uk",,"$2y$10$zYV/S.Gq.fP8mXPJm5fPzuazzHfGz3VA1rAglVnuNIt8IwKagp7ku","50.129733","-5.50528",,,,"Travis12437"
"2439","Travis Perkins","Travis Perkins","Newquay   "," TR7 2SX","contact@ntuk.co.uk",,"$2y$10$zYV/S.Gq.fP8mXPJm5fPzuazzHfGz3VA1rAglVnuNIt8IwKagp7ku","50.404813","-5.061982",,,,"Travis12438"
"2440","Travis Perkins","Travis Perkins","Hartlepool   "," TS25 1JZ","contact@ntuk.co.uk",,"$2y$10$zYV/S.Gq.fP8mXPJm5fPzuazzHfGz3VA1rAglVnuNIt8IwKagp7ku","54.666391","-1.215821",,,,"Travis12439"
"2441","Travis Perkins","Travis Perkins","Middlesbrough   "," TS3 8TE","contact@ntuk.co.uk",,"$2y$10$zYV/S.Gq.fP8mXPJm5fPzuazzHfGz3VA1rAglVnuNIt8IwKagp7ku","54.571915","-1.190581",,,,"Travis12440"
"2442","Travis Perkins","Travis Perkins","Sunbury Scotts  "," TW16 5AD","contact@ntuk.co.uk",,"$2y$10$zYV/S.Gq.fP8mXPJm5fPzuazzHfGz3VA1rAglVnuNIt8IwKagp7ku","51.418515","-0.411534",,,,"Travis12441"
"2443","Travis Perkins","Travis Perkins","Staines   "," TW18 3BP","contact@ntuk.co.uk",,"$2y$10$zYV/S.Gq.fP8mXPJm5fPzuazzHfGz3VA1rAglVnuNIt8IwKagp7ku","51.434063","-0.530115",,,,"Travis12442"
"2444","Travis Perkins","Travis Perkins","Twickenham   "," TW7 6DS","contact@ntuk.co.uk",,"$2y$10$zYV/S.Gq.fP8mXPJm5fPzuazzHfGz3VA1rAglVnuNIt8IwKagp7ku","51.467324","-0.333707",,,,"Travis12443"
"2445","Travis Perkins","Travis Perkins","Richmond   "," TW9 2LH","contact@ntuk.co.uk",,"$2y$10$zYV/S.Gq.fP8mXPJm5fPzuazzHfGz3VA1rAglVnuNIt8IwKagp7ku","51.466641","-0.289375",,,,"Travis12444"
"2446","Travis Perkins","Travis Perkins","Heathrow   "," UB3 1ST","contact@ntuk.co.uk",,"$2y$10$zYV/S.Gq.fP8mXPJm5fPzuazzHfGz3VA1rAglVnuNIt8IwKagp7ku","51.506249","-0.433341",,,,"Travis12445"
"2447","Travis Perkins","Travis Perkins","Paddington   "," W2 6NA","contact@ntuk.co.uk",,"$2y$10$zYV/S.Gq.fP8mXPJm5fPzuazzHfGz3VA1rAglVnuNIt8IwKagp7ku","51.519602","-0.17861",,,,"Travis12446"
"2448","Travis Perkins","Travis Perkins","Ealing   "," W5 4PA","contact@ntuk.co.uk",,"$2y$10$zYV/S.Gq.fP8mXPJm5fPzuazzHfGz3VA1rAglVnuNIt8IwKagp7ku","51.498816","-0.302405",,,,"Travis12447"
"2449","Travis Perkins","Travis Perkins","Warrington   "," WA1 2DT","contact@ntuk.co.uk",,"$2y$10$zYV/S.Gq.fP8mXPJm5fPzuazzHfGz3VA1rAglVnuNIt8IwKagp7ku","53.38952","-2.582686",,,,"Travis12448"
"2450","Travis Perkins","Travis Perkins","Altrincham   "," WA15 9QX","contact@ntuk.co.uk",,"$2y$10$zYV/S.Gq.fP8mXPJm5fPzuazzHfGz3VA1rAglVnuNIt8IwKagp7ku","53.385814","-2.345325",,,,"Travis12449"
"2451","Travis Perkins","Travis Perkins","Knutsford   "," WA16 8EU","contact@ntuk.co.uk",,"$2y$10$zYV/S.Gq.fP8mXPJm5fPzuazzHfGz3VA1rAglVnuNIt8IwKagp7ku","53.306993","-2.363282",,,,"Travis12450"
"2452","Travis Perkins","Travis Perkins","St Helens  "," WA9 1AN","contact@ntuk.co.uk",,"$2y$10$zYV/S.Gq.fP8mXPJm5fPzuazzHfGz3VA1rAglVnuNIt8IwKagp7ku","53.451458","-2.722973",,,,"Travis12451"
"2453","Travis Perkins","Travis Perkins","Rickmansworth Valley Park "," WD18 9TL","contact@ntuk.co.uk",,"$2y$10$zYV/S.Gq.fP8mXPJm5fPzuazzHfGz3VA1rAglVnuNIt8IwKagp7ku","51.639607","-0.437739",,,,"Travis12452"
"2454","Travis Perkins","Travis Perkins","Watford   "," WD25 8HL","contact@ntuk.co.uk",,"$2y$10$zYV/S.Gq.fP8mXPJm5fPzuazzHfGz3VA1rAglVnuNIt8IwKagp7ku","51.667022","-0.367545",,,,"Travis12453"
"2455","Travis Perkins","Travis Perkins","Borehamwood   "," WD6 1LT","contact@ntuk.co.uk",,"$2y$10$zYV/S.Gq.fP8mXPJm5fPzuazzHfGz3VA1rAglVnuNIt8IwKagp7ku","51.658107","-0.258363",,,,"Travis12454"
"2456","Travis Perkins","Travis Perkins","Pontefract   "," WF8 4PR","contact@ntuk.co.uk",,"$2y$10$zYV/S.Gq.fP8mXPJm5fPzuazzHfGz3VA1rAglVnuNIt8IwKagp7ku","53.697266","-1.319303",,,,"Travis12455"
"2457","Travis Perkins","Travis Perkins","Wigan   "," WN3 4DZ","contact@ntuk.co.uk",,"$2y$10$zYV/S.Gq.fP8mXPJm5fPzuazzHfGz3VA1rAglVnuNIt8IwKagp7ku","53.542599","-2.633288",,,,"Travis12456"
"2458","Travis Perkins","Travis Perkins","Ashton In Makerfield "," WN4 9DS","contact@ntuk.co.uk",,"$2y$10$zYV/S.Gq.fP8mXPJm5fPzuazzHfGz3VA1rAglVnuNIt8IwKagp7ku","53.485827","-2.631718",,,,"Travis12457"
"2459","Travis Perkins","Travis Perkins","Leigh   "," WN7 1BY","contact@ntuk.co.uk",,"$2y$10$zYV/S.Gq.fP8mXPJm5fPzuazzHfGz3VA1rAglVnuNIt8IwKagp7ku","53.496757","-2.513654",,,,"Travis12458"
"2460","Travis Perkins","Travis Perkins","Pershore   "," WR10 1PF","contact@ntuk.co.uk",,"$2y$10$zYV/S.Gq.fP8mXPJm5fPzuazzHfGz3VA1rAglVnuNIt8IwKagp7ku","52.122371","-2.073714",,,,"Travis12459"
"2461","Travis Perkins","Travis Perkins","Evesham   "," WR11 1GS","contact@ntuk.co.uk",,"$2y$10$zYV/S.Gq.fP8mXPJm5fPzuazzHfGz3VA1rAglVnuNIt8IwKagp7ku","52.073233","-1.933541",,,,"Travis12460"
"2462","Travis Perkins","Travis Perkins","Malvern   "," WR14 1TQ","contact@ntuk.co.uk",,"$2y$10$zYV/S.Gq.fP8mXPJm5fPzuazzHfGz3VA1rAglVnuNIt8IwKagp7ku","52.128238","-2.321985",,,,"Travis12461"
"2463","Travis Perkins","Travis Perkins","Worcester   "," WR4 9GN","contact@ntuk.co.uk",,"$2y$10$zYV/S.Gq.fP8mXPJm5fPzuazzHfGz3VA1rAglVnuNIt8IwKagp7ku","52.197579","-2.206846",,,,"Travis12462"
"2464","Travis Perkins","Travis Perkins","Droitwich"," WR9 9AY","contact@ntuk.co.uk",,"$2y$10$zYV/S.Gq.fP8mXPJm5fPzuazzHfGz3VA1rAglVnuNIt8IwKagp7ku","52.272036","-2.154948",,,,"Travis12463"
"2465","Travis Perkins","Travis Perkins","Cannock   "," WS11 7LR","contact@ntuk.co.uk",,"$2y$10$zYV/S.Gq.fP8mXPJm5fPzuazzHfGz3VA1rAglVnuNIt8IwKagp7ku","52.696076","-2.010951",,,,"Travis12464"
"2466","Travis Perkins","Travis Perkins","Lichfield   "," WS14 9BJ","contact@ntuk.co.uk",,"$2y$10$zYV/S.Gq.fP8mXPJm5fPzuazzHfGz3VA1rAglVnuNIt8IwKagp7ku","52.672881","-1.831556",,,,"Travis12465"
"2467","Travis Perkins","Travis Perkins","Walsall   "," WS4 1PH","contact@ntuk.co.uk",,"$2y$10$zYV/S.Gq.fP8mXPJm5fPzuazzHfGz3VA1rAglVnuNIt8IwKagp7ku","52.611306","-1.958311",,,,"Travis12466"
"2468","Travis Perkins","Travis Perkins","Wolverhampton   "," WV13 3LR","contact@ntuk.co.uk",,"$2y$10$zYV/S.Gq.fP8mXPJm5fPzuazzHfGz3VA1rAglVnuNIt8IwKagp7ku","52.584758","-2.078358",,,,"Travis12467"
"2469","Travis Perkins","Travis Perkins","Scarborough   "," YO11 3UT","contact@ntuk.co.uk",,"$2y$10$zYV/S.Gq.fP8mXPJm5fPzuazzHfGz3VA1rAglVnuNIt8IwKagp7ku","54.23691","-0.414139",,,,"Travis12468"
"2470","Travis Perkins","Travis Perkins","York Clifton Moor "," YO30 4XE","contact@ntuk.co.uk",,"$2y$10$zYV/S.Gq.fP8mXPJm5fPzuazzHfGz3VA1rAglVnuNIt8IwKagp7ku","53.987038","-1.097614",,,,"Travis12469"
"2471","Travis Perkins","Travis Perkins","York Foss Islands "," YO31 7UY","contact@ntuk.co.uk",,"$2y$10$zYV/S.Gq.fP8mXPJm5fPzuazzHfGz3VA1rAglVnuNIt8IwKagp7ku","53.958681","-1.071708",,,,"Travis12470"
"2472","Trax Solutions Ltd","Trax Solutions Ltd","207 Park Road","CF42 6LD","contact@ntuk.co.uk",,"$2y$10$zYV/S.Gq.fP8mXPJm5fPzuazzHfGz3VA1rAglVnuNIt8IwKagp7ku","51.65187","-3.522141",,,,"TraxSo12471"
"2473","Treaty Plant Hire Ltd","Treaty Plant Hire Ltd","Unit 1 Roxboro Enterprise Centre","V94 HY75","contact@ntuk.co.uk",,"$2y$10$zYV/S.Gq.fP8mXPJm5fPzuazzHfGz3VA1rAglVnuNIt8IwKagp7ku","52.6481232","-8.6202569",,,"9/1/2021 13:07:48","Treaty12472"
"2474","Trelawny Surface Preparation Technology","Trelawny Surface Preparation Technology","Trelawny House","CV31 1XT","contact@ntuk.co.uk",,"$2y$10$zYV/S.Gq.fP8mXPJm5fPzuazzHfGz3VA1rAglVnuNIt8IwKagp7ku","52.278071","-1.520667",,,,"Trelaw12473"
"2475","Trime (UK) Ltd","Trime (UK) Ltd","B3 Spitfire Close","PE29 6XY","contact@ntuk.co.uk",,"$2y$10$zYV/S.Gq.fP8mXPJm5fPzuazzHfGz3VA1rAglVnuNIt8IwKagp7ku","52.344849","-0.197309",,,,"TrimeU12474"
"2476","Trowbridge Power Tools","Trowbridge Power Tools","Canal Road Industrial Estate","BA14 8RL","contact@ntuk.co.uk",,"$2y$10$zYV/S.Gq.fP8mXPJm5fPzuazzHfGz3VA1rAglVnuNIt8IwKagp7ku","51.332588","-2.204849",,,,"Trowbr12475"
"2477","Tube Lines Limited","Tube Lines Limited","Lillie Bridge Depot","W14 9LP","contact@ntuk.co.uk",,"$2y$10$zYV/S.Gq.fP8mXPJm5fPzuazzHfGz3VA1rAglVnuNIt8IwKagp7ku","51.490485","-0.204345",,,,"TubeLi12476"
"2478","Turner Hire & Sales Limited","Turner Hire & Sales Limited","426 432 London Road","S2 4ND","contact@ntuk.co.uk",,"$2y$10$zYV/S.Gq.fP8mXPJm5fPzuazzHfGz3VA1rAglVnuNIt8IwKagp7ku","53.364378","-1.472639",,,,"Turner12477"
"2479","Turner Hire & Sales Limited","Turner Hire & Sales Limited","Fitzwilliam House","S60 1LU","contact@ntuk.co.uk",,"$2y$10$zYV/S.Gq.fP8mXPJm5fPzuazzHfGz3VA1rAglVnuNIt8IwKagp7ku","53.433782","-1.362579",,,,"Turner12478"
"2480","Turner Hire & Sales Limited","Turner Hire & Sales Limited","Station Road","S63 7DG","contact@ntuk.co.uk",,"$2y$10$zYV/S.Gq.fP8mXPJm5fPzuazzHfGz3VA1rAglVnuNIt8IwKagp7ku","53.506952","-1.336528",,,,"Turner12479"
"2481","Turner Hire & Sales Limited","Turner Hire & Sales Limited","460 Gateford Road","S81 7BP","contact@ntuk.co.uk",,"$2y$10$zYV/S.Gq.fP8mXPJm5fPzuazzHfGz3VA1rAglVnuNIt8IwKagp7ku","53.320613","-1.131607",,,,"Turner12480"
"2482","Turner Tool Hire Ltd.","Turner Tool Hire Ltd.","Northern Road","CO10 2XD","contact@ntuk.co.uk",,"$2y$10$zYV/S.Gq.fP8mXPJm5fPzuazzHfGz3VA1rAglVnuNIt8IwKagp7ku","52.041395","0.748532",,,,"Turner12481"
"2483","Turners Fabrications","Turners Fabrications","3-7 Foss Way","DL9 4RR","contact@ntuk.co.uk",,"$2y$10$zYV/S.Gq.fP8mXPJm5fPzuazzHfGz3VA1rAglVnuNIt8IwKagp7ku","54.3799227","-1.6819827",,,"9/1/2021 13:07:49","Turner12482"
"2484","TVE Hire & Sales","TVE Hire & Sales","Unit 16, W & G Industrial Estate","OX12 9TF","contact@ntuk.co.uk",,"$2y$10$zYV/S.Gq.fP8mXPJm5fPzuazzHfGz3VA1rAglVnuNIt8IwKagp7ku","51.597611","-1.463543",,,,"TVEHir12483"
"2485","TVE Hire & Sales","TVE Hire & Sales","Unit C, Barton Mill","OX14 3NJ","contact@ntuk.co.uk",,"$2y$10$zYV/S.Gq.fP8mXPJm5fPzuazzHfGz3VA1rAglVnuNIt8IwKagp7ku","51.672612","-1.273695",,,,"TVEHir12484"
"2486","Tylers Tool Hire Ltd","Tylers Tool Hire Ltd","The Camp","AL9 7TN","contact@ntuk.co.uk",,"$2y$10$zYV/S.Gq.fP8mXPJm5fPzuazzHfGz3VA1rAglVnuNIt8IwKagp7ku","51.725735","-0.232381",,,,"Tylers12485"
"2487","U Hire NI Limited","U Hire NI Limited","15 Jubilee Road","BT23 4YH","contact@ntuk.co.uk",,"$2y$10$zYV/S.Gq.fP8mXPJm5fPzuazzHfGz3VA1rAglVnuNIt8IwKagp7ku","54.584016","-5.703722",,,"9/1/2021 13:07:49","UHireN12486"
"2488","U-Hire (Equipment & Sales) Ltd","U-Hire (Equipment & Sales) Ltd","Merchant Buildings","NP23 6PL","contact@ntuk.co.uk",,"$2y$10$zYV/S.Gq.fP8mXPJm5fPzuazzHfGz3VA1rAglVnuNIt8IwKagp7ku","51.78741","-3.226335",,,,"UHireE12487"
"2489","Unique Clean & Facilities Ltd","Unique Clean & Facilities Ltd","Unit 7","BB8 8DQ","contact@ntuk.co.uk",,"$2y$10$zYV/S.Gq.fP8mXPJm5fPzuazzHfGz3VA1rAglVnuNIt8IwKagp7ku","53.852345","-2.184904",,,,"Unique12488"
"2490","Universal Access & Power Plant Ltd","Universal Access & Power Plant Ltd","14 Pony Road","OX4 2RD","contact@ntuk.co.uk",,"$2y$10$zYV/S.Gq.fP8mXPJm5fPzuazzHfGz3VA1rAglVnuNIt8IwKagp7ku","51.738634","-1.194796",,,,"Univer12489"
"2491","Universal Supplies (UK) Ltd. t/a Trent Hire Centre","Universal Supplies (UK) Ltd. t/a Trent Hire Centre","Unit 7, London Road Business Park","DN22 6HG","contact@ntuk.co.uk",,"$2y$10$zYV/S.Gq.fP8mXPJm5fPzuazzHfGz3VA1rAglVnuNIt8IwKagp7ku","53.316122","-0.938643",,,,"Univer12490"
"2492","Universal Tool Hire & Supplies","Universal Tool Hire & Supplies","12a 14-16 White Hays South","BA13 4JT","contact@ntuk.co.uk",,"$2y$10$zYV/S.Gq.fP8mXPJm5fPzuazzHfGz3VA1rAglVnuNIt8IwKagp7ku","51.276077","-2.203565",,,,"Univer12491"
"2493","ViC Group (UK Hire)","ViC Group (UK Hire)","1 Pioneer Way","LN6 3DH","contact@ntuk.co.uk",,"$2y$10$zYV/S.Gq.fP8mXPJm5fPzuazzHfGz3VA1rAglVnuNIt8IwKagp7ku","53.200294","-0.590667",,,,"ViCGro12492"
"2494","Vincent Hire Ltd","Vincent Hire Ltd","Unit 2 Hazel Road","GU34 5EY","contact@ntuk.co.uk",,"$2y$10$zYV/S.Gq.fP8mXPJm5fPzuazzHfGz3VA1rAglVnuNIt8IwKagp7ku","51.11186","-1.041807",,,,"Vincen12493"
"2495","Vinchip Ltd","Vinchip Ltd","74-76","GU11 1SS","contact@ntuk.co.uk",,"$2y$10$zYV/S.Gq.fP8mXPJm5fPzuazzHfGz3VA1rAglVnuNIt8IwKagp7ku","51.248365","-0.75955",,,,"Vinchi12494"
"2496","W T Hire Strabane Ltd","W T Hire Strabane Ltd","91 Melmount Road","BT82 9PX","contact@ntuk.co.uk",,"$2y$10$zYV/S.Gq.fP8mXPJm5fPzuazzHfGz3VA1rAglVnuNIt8IwKagp7ku","54.8016123","-7.4720245",,,"9/1/2021 13:08:03","WTHire12495"
"2497","Walter Tipper Limited","Walter Tipper Limited","Speedwell Road","B25 8HA","contact@ntuk.co.uk",,"$2y$10$zYV/S.Gq.fP8mXPJm5fPzuazzHfGz3VA1rAglVnuNIt8IwKagp7ku","52.462222","-1.83105",,,,"Walter12496"
"2498","Walter Tipper Limited","Walter Tipper Limited","100 Cato Street","B7 4TS","contact@ntuk.co.uk",,"$2y$10$zYV/S.Gq.fP8mXPJm5fPzuazzHfGz3VA1rAglVnuNIt8IwKagp7ku","52.490023","-1.869854",,,,"Walter12497"
"2499","Walter Tipper Limited","Walter Tipper Limited","4 Brent Road","B77 5DJ","contact@ntuk.co.uk",,"$2y$10$zYV/S.Gq.fP8mXPJm5fPzuazzHfGz3VA1rAglVnuNIt8IwKagp7ku","52.608516","-1.673041",,,,"Walter12498"
"2500","Walter Tipper Limited","Walter Tipper Limited","Dovefields","ST14 8HR","contact@ntuk.co.uk",,"$2y$10$zYV/S.Gq.fP8mXPJm5fPzuazzHfGz3VA1rAglVnuNIt8IwKagp7ku","52.901166","-1.855992",,,,"Walter12499"
"2501","Walter Tipper Ltd","Walter Tipper Ltd","Europa Way","WS14 9TZ","contact@ntuk.co.uk",,"$2y$10$zYV/S.Gq.fP8mXPJm5fPzuazzHfGz3VA1rAglVnuNIt8IwKagp7ku","52.684955","-1.797545",,,,"Walter12500"
"2502","Watford Plant Hire Ltd","Watford Plant Hire Ltd","Iona","WD25 0NJ","contact@ntuk.co.uk",,"$2y$10$zYV/S.Gq.fP8mXPJm5fPzuazzHfGz3VA1rAglVnuNIt8IwKagp7ku","51.692226","-0.388992",,,,"Watfor12501"
"2503","Watkins Hire Ltd","Watkins Hire Ltd","Units 24-28","FK2 7PE","contact@ntuk.co.uk",,"$2y$10$zYV/S.Gq.fP8mXPJm5fPzuazzHfGz3VA1rAglVnuNIt8IwKagp7ku","56.009598","-3.78848",,,,"Watkin12502"
"2504","Watkins Hire Ltd","Watkins Hire Ltd","Ward Industrial Estate","GL15 5EL","contact@ntuk.co.uk",,"$2y$10$zYV/S.Gq.fP8mXPJm5fPzuazzHfGz3VA1rAglVnuNIt8IwKagp7ku","51.712429","-2.536025",,,,"Watkin12503"
"2505","Watkins Hire Ltd","Watkins Hire Ltd","Unit 1 Gardiners Place","WN8 9SP","contact@ntuk.co.uk",,"$2y$10$zYV/S.Gq.fP8mXPJm5fPzuazzHfGz3VA1rAglVnuNIt8IwKagp7ku","53.544883","-2.795645",,,,"Watkin12504"
"2506","Watkins Hire Ltd","Watkins Hire Ltd","Quay Side Drive","WS2 9LA","contact@ntuk.co.uk",,"$2y$10$zYV/S.Gq.fP8mXPJm5fPzuazzHfGz3VA1rAglVnuNIt8IwKagp7ku","52.577529","-1.998393",,,,"Watkin12505"
"2507","Wauldby Associates Limited","Wauldby Associates Limited","c/o Old Heritage Garden Centre","HU14 3HH","contact@ntuk.co.uk",,"$2y$10$zYV/S.Gq.fP8mXPJm5fPzuazzHfGz3VA1rAglVnuNIt8IwKagp7ku","53.723672","-0.531274",,,,"Wauldb12506"
"2508","WB Power Services Ltd","WB Power Services Ltd","Heanorgate Road","DE75 7RJ","contact@ntuk.co.uk",,"$2y$10$zYV/S.Gq.fP8mXPJm5fPzuazzHfGz3VA1rAglVnuNIt8IwKagp7ku","53.00959","-1.365639",,,,"WBPowe12507"
"2509","We Hire Ltd","We Hire Ltd","Enterprise House","NP19 7BH","contact@ntuk.co.uk",,"$2y$10$zYV/S.Gq.fP8mXPJm5fPzuazzHfGz3VA1rAglVnuNIt8IwKagp7ku","51.596459","-2.986535",,,,"WeHire12508"
"2510","Webster Power Products Ltd","Webster Power Products Ltd","397 Coltness Road","ML2 7EZ","contact@ntuk.co.uk",,"$2y$10$zYV/S.Gq.fP8mXPJm5fPzuazzHfGz3VA1rAglVnuNIt8IwKagp7ku","55.790029","-3.9146",,,,"Webste12509"
"2511","Wekan Hire Ltd","Wekan Hire Ltd","1 Kelham Street Industrial Estate","DN1 3QZ","contact@ntuk.co.uk",,"$2y$10$zYV/S.Gq.fP8mXPJm5fPzuazzHfGz3VA1rAglVnuNIt8IwKagp7ku","53.513326","-1.138018",,,,"WekanH12510"
"2512","Welder Equipment Services Ltd","Welder Equipment Services Ltd","Brewdale Road","TS3 6LJ","contact@ntuk.co.uk",,"$2y$10$zYV/S.Gq.fP8mXPJm5fPzuazzHfGz3VA1rAglVnuNIt8IwKagp7ku","54.573125","-1.206351",,,,"Welder12511"
"2513","Werner UK Sales & Distribution Ltd","Werner UK Sales & Distribution Ltd","The Causeway","CM9 4LJ","contact@ntuk.co.uk",,"$2y$10$zYV/S.Gq.fP8mXPJm5fPzuazzHfGz3VA1rAglVnuNIt8IwKagp7ku","51.737736","0.682373",,,,"Werner12512"
"2514","West Tool Ltd","West Tool Ltd","113 Staplehill Road","BS16 5AD","contact@ntuk.co.uk",,"$2y$10$zYV/S.Gq.fP8mXPJm5fPzuazzHfGz3VA1rAglVnuNIt8IwKagp7ku","51.481738","-2.517835",,,,"WestTo12513"
"2515","WH Surface Preparation UK Limited","WH Surface Preparation UK Limited","Units 1-4 Park Road Industrial Estate","NP11 6PU","contact@ntuk.co.uk",,"$2y$10$zYV/S.Gq.fP8mXPJm5fPzuazzHfGz3VA1rAglVnuNIt8IwKagp7ku","51.607794","-3.097253",,,,"WHSurf12514"
"2516","Whitebridge Hire Services","Whitebridge Hire Services","Unit 1 Semley Industrial Estate","SP7 9AN","contact@ntuk.co.uk",,"$2y$10$zYV/S.Gq.fP8mXPJm5fPzuazzHfGz3VA1rAglVnuNIt8IwKagp7ku","51.040567","-2.181791",,,,"Whiteb12515"
"2517","Whitstable Plant Hire","Whitstable Plant Hire","Unit 1","CT5 1JP","contact@ntuk.co.uk",,"$2y$10$zYV/S.Gq.fP8mXPJm5fPzuazzHfGz3VA1rAglVnuNIt8IwKagp7ku","51.35748","1.029222",,,,"Whitst12516"
"2519","Wilkinson Star Ltd c/o Mosa Welding Products","Wilkinson Star Ltd c/o Mosa Welding Products","Shield Drive","M28 2WD","contact@ntuk.co.uk",,"$2y$10$zYV/S.Gq.fP8mXPJm5fPzuazzHfGz3VA1rAglVnuNIt8IwKagp7ku","53.512595","-2.361375",,,,"Wilkin12518"
"2520","Will Hire","Will Hire","Alpha Works","DY9 7BU","contact@ntuk.co.uk",,"$2y$10$zYV/S.Gq.fP8mXPJm5fPzuazzHfGz3VA1rAglVnuNIt8IwKagp7ku","52.457539","-2.12437",,,,"WillHi12519"
"2521","Winsford Tool Hire","Winsford Tool Hire","192 High Street","CW7 2AY","contact@ntuk.co.uk",,"$2y$10$zYV/S.Gq.fP8mXPJm5fPzuazzHfGz3VA1rAglVnuNIt8IwKagp7ku","53.192771","-2.524919",,,,"Winsfo12520"
"2522","Worlifts Ltd","Worlifts Ltd","Guild House","B61 0QU","contact@ntuk.co.uk",,"$2y$10$zYV/S.Gq.fP8mXPJm5fPzuazzHfGz3VA1rAglVnuNIt8IwKagp7ku","52.382933","-2.064893",,,,"Worlif12521"
"2523","Wrexham Tool Hire","Wrexham Tool Hire","Unit 5 Plas Acton Industrial Estate","LL11 2UB","contact@ntuk.co.uk",,"$2y$10$zYV/S.Gq.fP8mXPJm5fPzuazzHfGz3VA1rAglVnuNIt8IwKagp7ku","53.071734","-2.998017",,,,"Wrexha12522"
"2524","Wright-Hire (Equipment Hire Service) Ltd","Wright-Hire (Equipment Hire Service) Ltd","Shepley Lane Industrial Estate","SK6 7JW","contact@ntuk.co.uk",,"$2y$10$zYV/S.Gq.fP8mXPJm5fPzuazzHfGz3VA1rAglVnuNIt8IwKagp7ku","53.383824","-2.066096",,,,"Wright12523"
"2525","WT Scaffolding Ltd","WT Scaffolding Ltd","Unit 2 Scarne Mill Industrial Estate","PL15 9GL","contact@ntuk.co.uk",,"$2y$10$zYV/S.Gq.fP8mXPJm5fPzuazzHfGz3VA1rAglVnuNIt8IwKagp7ku","50.624151","-4.356932",,,,"WTScaf12524"
"2526","Yardlynk Ltd","Yardlynk Ltd","20-22 Wenlock Road","N1 7GU","contact@ntuk.co.uk",,"$2y$10$zYV/S.Gq.fP8mXPJm5fPzuazzHfGz3VA1rAglVnuNIt8IwKagp7ku","51.530783","-0.093417",,,,"Yardly12525"
"2527","YHC Hire Services Ltd","YHC Hire Services Ltd","Unit 5 Wessex Court","BA9 9RQ","contact@ntuk.co.uk",,"$2y$10$zYV/S.Gq.fP8mXPJm5fPzuazzHfGz3VA1rAglVnuNIt8IwKagp7ku","51.052022","-2.419634",,,,"YHCHir12526"
"2528","YHC Hire Services Ltd","YHC Hire Services Ltd","Searle Crescent","BS23 3XP","contact@ntuk.co.uk",,"$2y$10$zYV/S.Gq.fP8mXPJm5fPzuazzHfGz3VA1rAglVnuNIt8IwKagp7ku","51.340924","-2.960177",,,,"YHCHir12527"
"2529","YHC Hire Services Ltd","YHC Hire Services Ltd","62 Beeching Close","TA20 1BB","contact@ntuk.co.uk",,"$2y$10$zYV/S.Gq.fP8mXPJm5fPzuazzHfGz3VA1rAglVnuNIt8IwKagp7ku","50.882431","-2.951558",,,,"YHCHir12528"
"2530","Your Equipment Solutions","Your Equipment Solutions","CastleLaurie Estate","FK2 7XF","contact@ntuk.co.uk",,"$2y$10$zYV/S.Gq.fP8mXPJm5fPzuazzHfGz3VA1rAglVnuNIt8IwKagp7ku","56.012569","-3.780677",,,,"YourEq12529"
