"Deal ID","Deal Name","Category","Sub Category","Supplier Name","Supplier Product Code","EAN No.","MPN","Product Name","Supplier Category","Supplier Subcategory","Long description","Web product name","ETIM Class No","Colour","Material","Finish","Attribute 1 Title","Attribute 1","Attribute 2 Title","Attribute 2","Attribute 3 Title","Attribute 3","Attribute 4 Title","Attribute 4","Attribute 5 Title","Attribute 5","Feature 1","Feature 2","Feature 3","Feature 4","Feature 5","Environmental text","Keywords","Alternative products","Linked products","Marketing Completeness","Image Url"
46111,"Precast Concrete Pipes & Manholes","3. Civils & Landscaping","Concrete Pipe and Rings","FP McCann Ltd","PRE RING 1200X0750S4",,"1395","P10 Man Ring 1200x0750mm SR4  ","Concrete Drainage","n/a",,"Precast Concrete Manhole Ring","n/a","Grey","Precast Concrete","Concrete","Chemical Resistance","DC4","Low Carbon","More environmentally friendly than a traditional system, almost 40% less carbon emitted during the concrete casting process","Safety","Significant reduction in health and safety risks associated with using precast concrete","Cost Effective","Greater cost savings associated with using precast concrete over a traditional system","N/A","N/A","Quick and easy installation","No concrete backfill required, in accordance with ‘Sewers for Adoption’ 7th edition","N/A","N/A","N/A","More environmentally friendly than a traditional system, almost 40% less carbon emitted during the concrete casting process","Concrete, Drainage, Precast",,,75,
46111,"Precast Concrete Pipes & Manholes","3. Civils & Landscaping","Concrete Pipe and Rings","FP McCann Ltd","PRE S/WAY 1200X500S4",,"1484","P10 Soakaway 1200x0500 SR4    ","Concrete Drainage","n/a",,"Precast Concrete Soakaway 1200","n/a","Grey","Precast Concrete","Concrete","Chemical Resistance","DC4","Low Carbon","More environmentally friendly than a traditional system, almost 40% less carbon emitted during the concrete casting process","Safety","Significant reduction in health and safety risks associated with using precast concrete","Cost Effective","Greater cost savings associated with using precast concrete over a traditional system","N/A","N/A","Quick and easy installation","No concrete backfill required, in accordance with ‘Sewers for Adoption’ 7th edition","N/A","N/A","N/A","More environmentally friendly than a traditional system, almost 40% less carbon emitted during the concrete casting process","Concrete, Drainage, Precast",,,75,"MCCANN-CR-1200X500-2-RUNGDOUBLE-STEP-SOAKAWAY.jpg"
46111,"Precast Concrete Pipes & Manholes","3. Civils & Landscaping","Concrete Pipe and Rings","FP McCann Ltd","PRE S/WAY 1200X0750 ",,"1481","P10 Soakaway 1200x0750 SR4    ","Concrete Drainage","n/a",,"Precast Concrete Soakaway 1200","n/a","Grey","Precast Concrete","Concrete","Chemical Resistance","DC4","Low Carbon","More environmentally friendly than a traditional system, almost 40% less carbon emitted during the concrete casting process","Safety","Significant reduction in health and safety risks associated with using precast concrete","Cost Effective","Greater cost savings associated with using precast concrete over a traditional system","N/A","N/A","Quick and easy installation","No concrete backfill required, in accordance with ‘Sewers for Adoption’ 7th edition","N/A","N/A","N/A","More environmentally friendly than a traditional system, almost 40% less carbon emitted during the concrete casting process","Concrete, Drainage, Precast",,,75,"MCCANN-CR-1200X750-3-RUNGDOUBLE-STEP-SOAKAWAY.jpg"
46111,"Precast Concrete Pipes & Manholes","3. Civils & Landscaping","Concrete Pipe and Rings","FP McCann Ltd","PRE S/WAY1200X1000S4",,"1501","P10 Soakaway 1200x1000 SR4    ","Concrete Drainage","n/a",,"Precast Concrete Soakaway 1200","n/a","Grey","Precast Concrete","Concrete","Chemical Resistance","DC4","Low Carbon","More environmentally friendly than a traditional system, almost 40% less carbon emitted during the concrete casting process","Safety","Significant reduction in health and safety risks associated with using precast concrete","Cost Effective","Greater cost savings associated with using precast concrete over a traditional system","N/A","N/A","Quick and easy installation","No concrete backfill required, in accordance with ‘Sewers for Adoption’ 7th edition","N/A","N/A","N/A","More environmentally friendly than a traditional system, almost 40% less carbon emitted during the concrete casting process","Concrete, Drainage, Precast",,,75,"MCCANN-CR-1200X1000-4-RUNGDOUBLE-STEP-SOAKAWAY.jpg"
46111,"Precast Concrete Pipes & Manholes","3. Civils & Landscaping","Concrete Pipe and Rings","FP McCann Ltd","PRE RING 1200X250 DS",,"2808","P10 Man Ring 1200x0250mm SR4 D/STEP","Concrete Drainage","n/a",,"Precast Concrete Manhole Ring","n/a","Grey","Precast Concrete","Concrete","Chemical Resistance","DC4","Low Carbon","More environmentally friendly than a traditional system, almost 40% less carbon emitted during the concrete casting process","Safety","Significant reduction in health and safety risks associated with using precast concrete","Cost Effective","Greater cost savings associated with using precast concrete over a traditional system","N/A","N/A","Quick and easy installation","No concrete backfill required, in accordance with ‘Sewers for Adoption’ 7th edition","N/A","N/A","N/A","More environmentally friendly than a traditional system, almost 40% less carbon emitted during the concrete casting process","Concrete, Drainage, Precast",,,75,"MCCANN-CR-1200X250MM-1-RUNGDOUBLE-STEP.jpg"
46111,"Precast Concrete Pipes & Manholes","3. Civils & Landscaping","Concrete Pipe and Rings","FP McCann Ltd","PRE RING 1200X500 DS",,"2811","P10 Man Ring 1200x0500mm SR4 D/STEP","Concrete Drainage","n/a",,"Precast Concrete Manhole Ring","n/a","Grey","Precast Concrete","Concrete","Chemical Resistance","DC4","Low Carbon","More environmentally friendly than a traditional system, almost 40% less carbon emitted during the concrete casting process","Safety","Significant reduction in health and safety risks associated with using precast concrete","Cost Effective","Greater cost savings associated with using precast concrete over a traditional system","N/A","N/A","Quick and easy installation","No concrete backfill required, in accordance with ‘Sewers for Adoption’ 7th edition","N/A","N/A","N/A","More environmentally friendly than a traditional system, almost 40% less carbon emitted during the concrete casting process","Concrete, Drainage, Precast",,,75,"MCCANN-CR-1200X500-2-RUNGDOUBLE-STEP.jpg"
46111,"Precast Concrete Pipes & Manholes","3. Civils & Landscaping","Concrete Pipe and Rings","FP McCann Ltd","PRE RING 1200X750 DS",,"2814","P10 Man Ring 1200x0750mm SR4 D/STEP","Concrete Drainage","n/a",,"Precast Concrete Manhole Ring","n/a","Grey","Precast Concrete","Concrete","Chemical Resistance","DC4","Low Carbon","More environmentally friendly than a traditional system, almost 40% less carbon emitted during the concrete casting process","Safety","Significant reduction in health and safety risks associated with using precast concrete","Cost Effective","Greater cost savings associated with using precast concrete over a traditional system","N/A","N/A","Quick and easy installation","No concrete backfill required, in accordance with ‘Sewers for Adoption’ 7th edition","N/A","N/A","N/A","More environmentally friendly than a traditional system, almost 40% less carbon emitted during the concrete casting process","Concrete, Drainage, Precast",,,75,"MCCANN-CR-1200X750-3-RUNGDOUBLE-STEP.jpg"
46111,"Precast Concrete Pipes & Manholes","3. Civils & Landscaping","Concrete Pipe and Rings","FP McCann Ltd","PRE RING 1200X1000DS",,"2804","P10 Man Ring 1200x1000mm SR4 D/STEP","Concrete Drainage","n/a",,"Precast Concrete Manhole Ring","n/a","Grey","Precast Concrete","Concrete","Chemical Resistance","DC4","Low Carbon","More environmentally friendly than a traditional system, almost 40% less carbon emitted during the concrete casting process","Safety","Significant reduction in health and safety risks associated with using precast concrete","Cost Effective","Greater cost savings associated with using precast concrete over a traditional system","N/A","N/A","Quick and easy installation","No concrete backfill required, in accordance with ‘Sewers for Adoption’ 7th edition","N/A","N/A","N/A","More environmentally friendly than a traditional system, almost 40% less carbon emitted during the concrete casting process","Concrete, Drainage, Precast",,,75,"MCCANN-CR-1200X1000-4-RUNGDOUBLE-STEP.jpg"
46111,"Precast Concrete Pipes & Manholes","3. Civils & Landscaping","Concrete Pipe and Rings","FP McCann Ltd","PRE SOAK 1200X500 DS",,"2890","P10 Soakaway 1200x0500mm SR4 D/STEP","Concrete Drainage","n/a",,"Precast Concrete Soakaway 1200","n/a","Grey","Precast Concrete","Concrete","Chemical Resistance","DC4","Low Carbon","More environmentally friendly than a traditional system, almost 40% less carbon emitted during the concrete casting process","Safety","Significant reduction in health and safety risks associated with using precast concrete","Cost Effective","Greater cost savings associated with using precast concrete over a traditional system","N/A","N/A","Quick and easy installation","No concrete backfill required, in accordance with ‘Sewers for Adoption’ 7th edition","N/A","N/A","N/A","More environmentally friendly than a traditional system, almost 40% less carbon emitted during the concrete casting process","Concrete, Drainage, Precast",,,75,
46111,"Precast Concrete Pipes & Manholes","3. Civils & Landscaping","Concrete Pipe and Rings","FP McCann Ltd","PRE SOAK 1200X750 DS",,"2892","P10 Soakaway 1200x0750mm SR4 D/STEP","Concrete Drainage","n/a",,"Precast Concrete Soakaway 1200","n/a","Grey","Precast Concrete","Concrete","Chemical Resistance","DC4","Low Carbon","More environmentally friendly than a traditional system, almost 40% less carbon emitted during the concrete casting process","Safety","Significant reduction in health and safety risks associated with using precast concrete","Cost Effective","Greater cost savings associated with using precast concrete over a traditional system","N/A","N/A","Quick and easy installation","No concrete backfill required, in accordance with ‘Sewers for Adoption’ 7th edition","N/A","N/A","N/A","More environmentally friendly than a traditional system, almost 40% less carbon emitted during the concrete casting process","Concrete, Drainage, Precast",,,75,
46111,"Precast Concrete Pipes & Manholes","3. Civils & Landscaping","Concrete Pipe and Rings","FP McCann Ltd","PRE SOAK 1200X1000DS",,"2888","P10 Soakaway 1200x1000mm SR4 D/STEP","Concrete Drainage","n/a",,"Precast Concrete Soakaway 1200","n/a","Grey","Precast Concrete","Concrete","Chemical Resistance","DC4","Low Carbon","More environmentally friendly than a traditional system, almost 40% less carbon emitted during the concrete casting process","Safety","Significant reduction in health and safety risks associated with using precast concrete","Cost Effective","Greater cost savings associated with using precast concrete over a traditional system","N/A","N/A","Quick and easy installation","No concrete backfill required, in accordance with ‘Sewers for Adoption’ 7th edition","N/A","N/A","N/A","More environmentally friendly than a traditional system, almost 40% less carbon emitted during the concrete casting process","Concrete, Drainage, Precast",,,75,
46111,"Precast Concrete Pipes & Manholes","3. Civils & Landscaping","Concrete Pipe and Rings","FP McCann Ltd","PRE RING 1800X1000S4",,"1434","P15 Man Ring 1800x1000mm SR4  ","Concrete Drainage","n/a",,"Precast Concrete Manhole Ring","n/a","Grey","Precast Concrete","Concrete","Chemical Resistance","DC4","Low Carbon","More environmentally friendly than a traditional system, almost 40% less carbon emitted during the concrete casting process","Safety","Significant reduction in health and safety risks associated with using precast concrete","Cost Effective","Greater cost savings associated with using precast concrete over a traditional system","N/A","N/A","Quick and easy installation","No concrete backfill required, in accordance with ‘Sewers for Adoption’ 7th edition","N/A","N/A","N/A","More environmentally friendly than a traditional system, almost 40% less carbon emitted during the concrete casting process","Concrete, Drainage, Precast",,,75,
46111,"Precast Concrete Pipes & Manholes","3. Civils & Landscaping","Concrete Pipe and Rings","FP McCann Ltd","PRE RING 1800X0500S4",,"1428","P15 Man Ring 1800x0500mm SR4  ","Concrete Drainage","n/a",,"Precast Concrete Manhole Ring","n/a","Grey","Precast Concrete","Concrete","Chemical Resistance","DC4","Low Carbon","More environmentally friendly than a traditional system, almost 40% less carbon emitted during the concrete casting process","Safety","Significant reduction in health and safety risks associated with using precast concrete","Cost Effective","Greater cost savings associated with using precast concrete over a traditional system","N/A","N/A","Quick and easy installation","No concrete backfill required, in accordance with ‘Sewers for Adoption’ 7th edition","N/A","N/A","N/A","More environmentally friendly than a traditional system, almost 40% less carbon emitted during the concrete casting process","Concrete, Drainage, Precast",,,75,
46111,"Precast Concrete Pipes & Manholes","3. Civils & Landscaping","Concrete Pipe and Rings","FP McCann Ltd","PRE RING 1800X0750S4",,"1431","P15 Man Ring 1800x0750mm SR4  ","Concrete Drainage","n/a",,"Precast Concrete Manhole Ring","n/a","Grey","Precast Concrete","Concrete","Chemical Resistance","DC4","Low Carbon","More environmentally friendly than a traditional system, almost 40% less carbon emitted during the concrete casting process","Safety","Significant reduction in health and safety risks associated with using precast concrete","Cost Effective","Greater cost savings associated with using precast concrete over a traditional system","N/A","N/A","Quick and easy installation","No concrete backfill required, in accordance with ‘Sewers for Adoption’ 7th edition","N/A","N/A","N/A","More environmentally friendly than a traditional system, almost 40% less carbon emitted during the concrete casting process","Concrete, Drainage, Precast",,,75,
46111,"Precast Concrete Pipes & Manholes","3. Civils & Landscaping","Concrete Pipe and Rings","FP McCann Ltd","PRE S/WAY1800X0500S4",,"2863","P10 Soakaway 1800x0500 SR4","Concrete Drainage","n/a",,"Precast Concrete Soakaway 1800","n/a","Grey","Precast Concrete","Concrete","Chemical Resistance","DC4","Low Carbon","More environmentally friendly than a traditional system, almost 40% less carbon emitted during the concrete casting process","Safety","Significant reduction in health and safety risks associated with using precast concrete","Cost Effective","Greater cost savings associated with using precast concrete over a traditional system","N/A","N/A","Quick and easy installation","No concrete backfill required, in accordance with ‘Sewers for Adoption’ 7th edition","N/A","N/A","N/A","More environmentally friendly than a traditional system, almost 40% less carbon emitted during the concrete casting process","Concrete, Drainage, Precast",,,75,"MCCANN-CR-1800X500-2-RUNGDOUBLE-STEP-SOAKAWAY.jpg"
46111,"Precast Concrete Pipes & Manholes","3. Civils & Landscaping","Concrete Pipe and Rings","FP McCann Ltd","PRE S/WAY1800X0750S4",,"2864","P10 Soakaway 1800x0750 SR4","Concrete Drainage","n/a",,"Precast Concrete Soakaway 1800","n/a","Grey","Precast Concrete","Concrete","Chemical Resistance","DC4","Low Carbon","More environmentally friendly than a traditional system, almost 40% less carbon emitted during the concrete casting process","Safety","Significant reduction in health and safety risks associated with using precast concrete","Cost Effective","Greater cost savings associated with using precast concrete over a traditional system","N/A","N/A","Quick and easy installation","No concrete backfill required, in accordance with ‘Sewers for Adoption’ 7th edition","N/A","N/A","N/A","More environmentally friendly than a traditional system, almost 40% less carbon emitted during the concrete casting process","Concrete, Drainage, Precast",,,75,"MCCANN-CR-1800X750-3-RUNGDOUBLE-STEP-SOAKAWAY.jpg"
46111,"Precast Concrete Pipes & Manholes","3. Civils & Landscaping","Concrete Pipe and Rings","FP McCann Ltd","PRE S/WAY1800X1000S4",,"1505","P15 Soakaway 1800x1000 SR4    ","Concrete Drainage","n/a",,"Precast Concrete Soakaway 1800","n/a","Grey","Precast Concrete","Concrete","Chemical Resistance","DC4","Low Carbon","More environmentally friendly than a traditional system, almost 40% less carbon emitted during the concrete casting process","Safety","Significant reduction in health and safety risks associated with using precast concrete","Cost Effective","Greater cost savings associated with using precast concrete over a traditional system","N/A","N/A","Quick and easy installation","No concrete backfill required, in accordance with ‘Sewers for Adoption’ 7th edition","N/A","N/A","N/A","More environmentally friendly than a traditional system, almost 40% less carbon emitted during the concrete casting process","Concrete, Drainage, Precast",,,75,"MCCANN-CR-1800X1000-4-RUNGDOUBLE-STEP-SOAKAWAY.jpg"
46111,"Precast Concrete Pipes & Manholes","3. Civils & Landscaping","Concrete Pipe and Rings","FP McCann Ltd","PRE RING 1800X500 DS",,"2831","P15 Man Ring 1800x0500mm SR4 D/STEP","Concrete Drainage","n/a",,"Precast Concrete Manhole Ring","n/a","Grey","Precast Concrete","Concrete","Chemical Resistance","DC4","Low Carbon","More environmentally friendly than a traditional system, almost 40% less carbon emitted during the concrete casting process","Safety","Significant reduction in health and safety risks associated with using precast concrete","Cost Effective","Greater cost savings associated with using precast concrete over a traditional system","N/A","N/A","Quick and easy installation","No concrete backfill required, in accordance with ‘Sewers for Adoption’ 7th edition","N/A","N/A","N/A","More environmentally friendly than a traditional system, almost 40% less carbon emitted during the concrete casting process","Concrete, Drainage, Precast",,,75,"MCCANN-CR-1800X500-2-RUNGDOUBLE-STEP.jpg"
46111,"Precast Concrete Pipes & Manholes","3. Civils & Landscaping","Concrete Pipe and Rings","FP McCann Ltd","PRE RING 1800X750 DS",,"2833","P15 Man Ring 1800x0750mm SR4 D/STEP","Concrete Drainage","n/a",,"Precast Concrete Manhole Ring","n/a","Grey","Precast Concrete","Concrete","Chemical Resistance","DC4","Low Carbon","More environmentally friendly than a traditional system, almost 40% less carbon emitted during the concrete casting process","Safety","Significant reduction in health and safety risks associated with using precast concrete","Cost Effective","Greater cost savings associated with using precast concrete over a traditional system","N/A","N/A","Quick and easy installation","No concrete backfill required, in accordance with ‘Sewers for Adoption’ 7th edition","N/A","N/A","N/A","More environmentally friendly than a traditional system, almost 40% less carbon emitted during the concrete casting process","Concrete, Drainage, Precast",,,75,"MCCANN-CR-1800X750-3-RUNGDOUBLE-STEP.jpg"
46111,"Precast Concrete Pipes & Manholes","3. Civils & Landscaping","Concrete Pipe and Rings","FP McCann Ltd","PRE RING 1800X1000DS",,"2829","P15 Man Ring 1800x1000mm SR4 D/STEP","Concrete Drainage","n/a",,"Precast Concrete Manhole Ring","n/a","Grey","Precast Concrete","Concrete","Chemical Resistance","DC4","Low Carbon","More environmentally friendly than a traditional system, almost 40% less carbon emitted during the concrete casting process","Safety","Significant reduction in health and safety risks associated with using precast concrete","Cost Effective","Greater cost savings associated with using precast concrete over a traditional system","N/A","N/A","Quick and easy installation","No concrete backfill required, in accordance with ‘Sewers for Adoption’ 7th edition","N/A","N/A","N/A","More environmentally friendly than a traditional system, almost 40% less carbon emitted during the concrete casting process","Concrete, Drainage, Precast",,,75,"MCCANN-CR-1800X1000-4-RUNGDOUBLE-STEP.jpg"
46111,"Precast Concrete Pipes & Manholes","3. Civils & Landscaping","Concrete Pipe and Rings","FP McCann Ltd","PRE SOAK 1800X500 DS",,"2908","P10 Soakaway 1800x0500 SR4 D/STEP","Concrete Drainage","n/a",,"Precast Concrete Soakaway 1800","n/a","Grey","Precast Concrete","Concrete","Chemical Resistance","DC4","Low Carbon","More environmentally friendly than a traditional system, almost 40% less carbon emitted during the concrete casting process","Safety","Significant reduction in health and safety risks associated with using precast concrete","Cost Effective","Greater cost savings associated with using precast concrete over a traditional system","N/A","N/A","Quick and easy installation","No concrete backfill required, in accordance with ‘Sewers for Adoption’ 7th edition","N/A","N/A","N/A","More environmentally friendly than a traditional system, almost 40% less carbon emitted during the concrete casting process","Concrete, Drainage, Precast",,,75,
46111,"Precast Concrete Pipes & Manholes","3. Civils & Landscaping","Concrete Pipe and Rings","FP McCann Ltd","PRE SOAK 1800X750 DS",,"2910","P10 Soakaway 1800x0750 SR4 D/STEP","Concrete Drainage","n/a",,"Precast Concrete Soakaway 1800","n/a","Grey","Precast Concrete","Concrete","Chemical Resistance","DC4","Low Carbon","More environmentally friendly than a traditional system, almost 40% less carbon emitted during the concrete casting process","Safety","Significant reduction in health and safety risks associated with using precast concrete","Cost Effective","Greater cost savings associated with using precast concrete over a traditional system","N/A","N/A","Quick and easy installation","No concrete backfill required, in accordance with ‘Sewers for Adoption’ 7th edition","N/A","N/A","N/A","More environmentally friendly than a traditional system, almost 40% less carbon emitted during the concrete casting process","Concrete, Drainage, Precast",,,75,
46111,"Precast Concrete Pipes & Manholes","3. Civils & Landscaping","Concrete Pipe and Rings","FP McCann Ltd","PRE SOAK 1800X1000DS",,"2906","P10 Soakaway 1800x1000 SR4 D/STEP","Concrete Drainage","n/a",,"Precast Concrete Soakaway 1800","n/a","Grey","Precast Concrete","Concrete","Chemical Resistance","DC4","Low Carbon","More environmentally friendly than a traditional system, almost 40% less carbon emitted during the concrete casting process","Safety","Significant reduction in health and safety risks associated with using precast concrete","Cost Effective","Greater cost savings associated with using precast concrete over a traditional system","N/A","N/A","Quick and easy installation","No concrete backfill required, in accordance with ‘Sewers for Adoption’ 7th edition","N/A","N/A","N/A","More environmentally friendly than a traditional system, almost 40% less carbon emitted during the concrete casting process","Concrete, Drainage, Precast",,,75,
46111,"Precast Concrete Pipes & Manholes","3. Civils & Landscaping","Concrete Pipe and Rings","FP McCann Ltd","PRE 0900 SLABX600SR4",,"2658","P20 0900 C/Slab 600 Sq op SR4","Concrete Drainage","n/a",,"Precast Concrete Cover Slab","n/a","Grey","Precast Concrete","Concrete","Chemical Resistance","DC4","Low Carbon","More environmentally friendly than a traditional system, almost 40% less carbon emitted during the concrete casting process","Safety","Significant reduction in health and safety risks associated with using precast concrete","Cost Effective","Greater cost savings associated with using precast concrete over a traditional system","N/A","N/A","Quick and easy installation","No concrete backfill required, in accordance with ‘Sewers for Adoption’ 7th edition","N/A","N/A","N/A","More environmentally friendly than a traditional system, almost 40% less carbon emitted during the concrete casting process","Concrete, Drainage, Precast",,,75,"MCCANN-C-SL-900-600X600-CENTRAL-KMD.jpg"
46111,"Precast Concrete Pipes & Manholes","3. Civils & Landscaping","Concrete Pipe and Rings","FP McCann Ltd","PRE 0900 SLAB675SR4",,"2657","P20 0900 C/Slab 675 Sq op SR4","Concrete Drainage","n/a",,"Precast Concrete Cover Slab","n/a","Grey","Precast Concrete","Concrete","Chemical Resistance","DC4","Low Carbon","More environmentally friendly than a traditional system, almost 40% less carbon emitted during the concrete casting process","Safety","Significant reduction in health and safety risks associated with using precast concrete","Cost Effective","Greater cost savings associated with using precast concrete over a traditional system","N/A","N/A","Quick and easy installation","No concrete backfill required, in accordance with ‘Sewers for Adoption’ 7th edition","N/A","N/A","N/A","More environmentally friendly than a traditional system, almost 40% less carbon emitted during the concrete casting process","Concrete, Drainage, Precast",,,75,"MCCANN-C-SL-900-675X675.jpg"
46111,"Precast Concrete Pipes & Manholes","3. Civils & Landscaping","Concrete Pipe and Rings","FP McCann Ltd","PRE 1050 SLABX600SR4",,"1953","P20 1050 C/Slab 600 Sq op SR4 ","Concrete Drainage","n/a",,"Precast Concrete Cover Slab","n/a","Grey","Precast Concrete","Concrete","Chemical Resistance","DC4","Low Carbon","More environmentally friendly than a traditional system, almost 40% less carbon emitted during the concrete casting process","Safety","Significant reduction in health and safety risks associated with using precast concrete","Cost Effective","Greater cost savings associated with using precast concrete over a traditional system","N/A","N/A","Quick and easy installation","No concrete backfill required, in accordance with ‘Sewers for Adoption’ 7th edition","N/A","N/A","N/A","More environmentally friendly than a traditional system, almost 40% less carbon emitted during the concrete casting process","Concrete, Drainage, Precast",,,75,"MCCANN-C-SL-1050-600X600-ECC-KMD.jpg"
46111,"Precast Concrete Pipes & Manholes","3. Civils & Landscaping","Concrete Pipe and Rings","FP McCann Ltd","PRE 1050 SLAB675SR4 ",,"1949","P20 1050 C/Slab 675 Sq op SR4 ","Concrete Drainage","n/a",,"Precast Concrete Cover Slab","n/a","Grey","Precast Concrete","Concrete","Chemical Resistance","DC4","Low Carbon","More environmentally friendly than a traditional system, almost 40% less carbon emitted during the concrete casting process","Safety","Significant reduction in health and safety risks associated with using precast concrete","Cost Effective","Greater cost savings associated with using precast concrete over a traditional system","N/A","N/A","Quick and easy installation","No concrete backfill required, in accordance with ‘Sewers for Adoption’ 7th edition","N/A","N/A","N/A","More environmentally friendly than a traditional system, almost 40% less carbon emitted during the concrete casting process","Concrete, Drainage, Precast",,,75,"MCCANN-C-SL-1050-675X675-OPENING-KSB105.jpg"
46111,"Precast Concrete Pipes & Manholes","3. Civils & Landscaping","Concrete Pipe and Rings","FP McCann Ltd","PRE 1200 SLABX600SR4",,"1991","P20 1200 C/Slab 600 Sq op SR4","Concrete Drainage","n/a",,"Precast Concrete Cover Slab","n/a","Grey","Precast Concrete","Concrete","Chemical Resistance","DC4","Low Carbon","More environmentally friendly than a traditional system, almost 40% less carbon emitted during the concrete casting process","Safety","Significant reduction in health and safety risks associated with using precast concrete","Cost Effective","Greater cost savings associated with using precast concrete over a traditional system","N/A","N/A","Quick and easy installation","No concrete backfill required, in accordance with ‘Sewers for Adoption’ 7th edition","N/A","N/A","N/A","More environmentally friendly than a traditional system, almost 40% less carbon emitted during the concrete casting process","Concrete, Drainage, Precast",,,75,"MCCANN-C-SL-1200-600X600-OPENING-KSC120.jpg"
46111,"Precast Concrete Pipes & Manholes","3. Civils & Landscaping","Concrete Pipe and Rings","FP McCann Ltd","PRE 1200 SLABX675SR4",,"1997","P20 1200 C/Slab 675 Sq op SR4 ","Concrete Drainage","n/a",,"Precast Concrete Cover Slab","n/a","Grey","Precast Concrete","Concrete","Chemical Resistance","DC4","Low Carbon","More environmentally friendly than a traditional system, almost 40% less carbon emitted during the concrete casting process","Safety","Significant reduction in health and safety risks associated with using precast concrete","Cost Effective","Greater cost savings associated with using precast concrete over a traditional system","N/A","N/A","Quick and easy installation","No concrete backfill required, in accordance with ‘Sewers for Adoption’ 7th edition","N/A","N/A","N/A","More environmentally friendly than a traditional system, almost 40% less carbon emitted during the concrete casting process","Concrete, Drainage, Precast",,,75,"MCCANN-C-SL-1200-675x675-OPENING.jpg"
46111,"Precast Concrete Pipes & Manholes","3. Civils & Landscaping","Concrete Pipe and Rings","FP McCann Ltd","PRE 1350 SLABX600SR4",,"2022","P20 1350 C/Slab 600 Sq op SR4 ","Concrete Drainage","n/a",,"Precast Concrete Cover Slab","n/a","Grey","Precast Concrete","Concrete","Chemical Resistance","DC4","Low Carbon","More environmentally friendly than a traditional system, almost 40% less carbon emitted during the concrete casting process","Safety","Significant reduction in health and safety risks associated with using precast concrete","Cost Effective","Greater cost savings associated with using precast concrete over a traditional system","N/A","N/A","Quick and easy installation","No concrete backfill required, in accordance with ‘Sewers for Adoption’ 7th edition","N/A","N/A","N/A","More environmentally friendly than a traditional system, almost 40% less carbon emitted during the concrete casting process","Concrete, Drainage, Precast",,,75,"MCCANN-C-SL-1350-600x600.jpg"
46111,"Precast Concrete Pipes & Manholes","3. Civils & Landscaping","Concrete Pipe and Rings","FP McCann Ltd","PRE 1350 SLABX675SR4",,"2025","P20 1350 C/Slab 675 Sq op SR4 ","Concrete Drainage","n/a",,"Precast Concrete Cover Slab","n/a","Grey","Precast Concrete","Concrete","Chemical Resistance","DC4","Low Carbon","More environmentally friendly than a traditional system, almost 40% less carbon emitted during the concrete casting process","Safety","Significant reduction in health and safety risks associated with using precast concrete","Cost Effective","Greater cost savings associated with using precast concrete over a traditional system","N/A","N/A","Quick and easy installation","No concrete backfill required, in accordance with ‘Sewers for Adoption’ 7th edition","N/A","N/A","N/A","More environmentally friendly than a traditional system, almost 40% less carbon emitted during the concrete casting process","Concrete, Drainage, Precast",,,75,"MCCANN-C-SL-1350-675x675-OPENING.jpg"
46111,"Precast Concrete Pipes & Manholes","3. Civils & Landscaping","Concrete Pipe and Rings","FP McCann Ltd","PRE 1500 SLABX600SR4",,"2053","P20 1500 C/Slab 600 Sq op SR4 ","Concrete Drainage","n/a",,"Precast Concrete Cover Slab","n/a","Grey","Precast Concrete","Concrete","Chemical Resistance","DC4","Low Carbon","More environmentally friendly than a traditional system, almost 40% less carbon emitted during the concrete casting process","Safety","Significant reduction in health and safety risks associated with using precast concrete","Cost Effective","Greater cost savings associated with using precast concrete over a traditional system","N/A","N/A","Quick and easy installation","No concrete backfill required, in accordance with ‘Sewers for Adoption’ 7th edition","N/A","N/A","N/A","More environmentally friendly than a traditional system, almost 40% less carbon emitted during the concrete casting process","Concrete, Drainage, Precast",,,75,"MCCANN-C-SL-1500-600X600-OPENING-KSC150.jpg"
46111,"Precast Concrete Pipes & Manholes","3. Civils & Landscaping","Concrete Pipe and Rings","FP McCann Ltd","PRE 1500 SLABX675S4 ",,"2056","P20 1500 C/Slab 675 Sq op SR4 ","Concrete Drainage","n/a",,"Precast Concrete Cover Slab","n/a","Grey","Precast Concrete","Concrete","Chemical Resistance","DC4","Low Carbon","More environmentally friendly than a traditional system, almost 40% less carbon emitted during the concrete casting process","Safety","Significant reduction in health and safety risks associated with using precast concrete","Cost Effective","Greater cost savings associated with using precast concrete over a traditional system","N/A","N/A","Quick and easy installation","No concrete backfill required, in accordance with ‘Sewers for Adoption’ 7th edition","N/A","N/A","N/A","More environmentally friendly than a traditional system, almost 40% less carbon emitted during the concrete casting process","Concrete, Drainage, Precast",,,75,"MCCANN-C-SL-1500-675X675.jpg"
46111,"Precast Concrete Pipes & Manholes","3. Civils & Landscaping","Concrete Pipe and Rings","FP McCann Ltd","PRE 1800 SLABX600SR4",,"2108","P25 1800 C/Slab 600 sq op SR4 ","Concrete Drainage","n/a",,"Precast Concrete Cover Slab","n/a","Grey","Precast Concrete","Concrete","Chemical Resistance","DC4","Low Carbon","More environmentally friendly than a traditional system, almost 40% less carbon emitted during the concrete casting process","Safety","Significant reduction in health and safety risks associated with using precast concrete","Cost Effective","Greater cost savings associated with using precast concrete over a traditional system","N/A","N/A","Quick and easy installation","No concrete backfill required, in accordance with ‘Sewers for Adoption’ 7th edition","N/A","N/A","N/A","More environmentally friendly than a traditional system, almost 40% less carbon emitted during the concrete casting process","Concrete, Drainage, Precast",,,75,"MCCANN-C-SL-1800-600X600-OPENING-NO-KM.jpg"
46111,"Precast Concrete Pipes & Manholes","3. Civils & Landscaping","Concrete Pipe and Rings","FP McCann Ltd","PRE 1800 SLABX675SR4",,"2111","P25 1800 C/Slab 675 sq op SR4 ","Concrete Drainage","n/a",,"Precast Concrete Cover Slab","n/a","Grey","Precast Concrete","Concrete","Chemical Resistance","DC4","Low Carbon","More environmentally friendly than a traditional system, almost 40% less carbon emitted during the concrete casting process","Safety","Significant reduction in health and safety risks associated with using precast concrete","Cost Effective","Greater cost savings associated with using precast concrete over a traditional system","N/A","N/A","Quick and easy installation","No concrete backfill required, in accordance with ‘Sewers for Adoption’ 7th edition","N/A","N/A","N/A","More environmentally friendly than a traditional system, almost 40% less carbon emitted during the concrete casting process","Concrete, Drainage, Precast",,,75,"MCCANN-C-SL-1800-675X675.jpg"
46111,"Precast Concrete Pipes & Manholes","3. Civils & Landscaping","Concrete Pipe and Rings","FP McCann Ltd","PRE 1200 SLAB75/6SR4",,"1985","P20 1200 C/Slab 750x600 op SR4","Concrete Drainage","n/a",,"Precast Concrete Cover Slab","n/a","Grey","Precast Concrete","Concrete","Chemical Resistance","DC4","Low Carbon","More environmentally friendly than a traditional system, almost 40% less carbon emitted during the concrete casting process","Safety","Significant reduction in health and safety risks associated with using precast concrete","Cost Effective","Greater cost savings associated with using precast concrete over a traditional system","N/A","N/A","Quick and easy installation","No concrete backfill required, in accordance with ‘Sewers for Adoption’ 7th edition","N/A","N/A","N/A","More environmentally friendly than a traditional system, almost 40% less carbon emitted during the concrete casting process","Concrete, Drainage, Precast",,,75,"MCCANN-C-SL-1200-750X600.jpg"
46111,"Precast Concrete Pipes & Manholes","3. Civils & Landscaping","Concrete Pipe and Rings","FP McCann Ltd","PRE 1200/0900RD SLS4",,"2690","P20 1200 Reducer Slab 0900 op SR4","Concrete Drainage","n/a",,"Precast Concrete Cover Slab","n/a","Grey","Precast Concrete","Concrete","Chemical Resistance","DC4","Low Carbon","More environmentally friendly than a traditional system, almost 40% less carbon emitted during the concrete casting process","Safety","Significant reduction in health and safety risks associated with using precast concrete","Cost Effective","Greater cost savings associated with using precast concrete over a traditional system","N/A","N/A","Quick and easy installation","No concrete backfill required, in accordance with ‘Sewers for Adoption’ 7th edition","N/A","N/A","N/A","More environmentally friendly than a traditional system, almost 40% less carbon emitted during the concrete casting process","Concrete, Drainage, Precast",,,75,
46111,"Precast Concrete Pipes & Manholes","3. Civils & Landscaping","Concrete Pipe and Rings","FP McCann Ltd","PRE 1350 SLAB75/6SR4",,"2017","P20 1350 C/Slab 750x600 op SR4","Concrete Drainage","n/a",,"Precast Concrete Cover Slab","n/a","Grey","Precast Concrete","Concrete","Chemical Resistance","DC4","Low Carbon","More environmentally friendly than a traditional system, almost 40% less carbon emitted during the concrete casting process","Safety","Significant reduction in health and safety risks associated with using precast concrete","Cost Effective","Greater cost savings associated with using precast concrete over a traditional system","N/A","N/A","Quick and easy installation","No concrete backfill required, in accordance with ‘Sewers for Adoption’ 7th edition","N/A","N/A","N/A","More environmentally friendly than a traditional system, almost 40% less carbon emitted during the concrete casting process","Concrete, Drainage, Precast",,,75,
46111,"Precast Concrete Pipes & Manholes","3. Civils & Landscaping","Concrete Pipe and Rings","FP McCann Ltd","PRE 1500 SLAB75/6SR4",,"2046","P20 1500 C/Slab 750x600 op SR4","Concrete Drainage","n/a",,"Precast Concrete Cover Slab","n/a","Grey","Precast Concrete","Concrete","Chemical Resistance","DC4","Low Carbon","More environmentally friendly than a traditional system, almost 40% less carbon emitted during the concrete casting process","Safety","Significant reduction in health and safety risks associated with using precast concrete","Cost Effective","Greater cost savings associated with using precast concrete over a traditional system","N/A","N/A","Quick and easy installation","No concrete backfill required, in accordance with ‘Sewers for Adoption’ 7th edition","N/A","N/A","N/A","More environmentally friendly than a traditional system, almost 40% less carbon emitted during the concrete casting process","Concrete, Drainage, Precast",,,75,"MCCANN-C-SL-1500-750X600.jpg"
46111,"Precast Concrete Pipes & Manholes","3. Civils & Landscaping","Concrete Pipe and Rings","FP McCann Ltd","PRE 1800 SLAB75/6SR4",,"2089","P25 1800 C/Slab 750x600 op SR4","Concrete Drainage","n/a",,"Precast Concrete Cover Slab","n/a","Grey","Precast Concrete","Concrete","Chemical Resistance","DC4","Low Carbon","More environmentally friendly than a traditional system, almost 40% less carbon emitted during the concrete casting process","Safety","Significant reduction in health and safety risks associated with using precast concrete","Cost Effective","Greater cost savings associated with using precast concrete over a traditional system","N/A","N/A","Quick and easy installation","No concrete backfill required, in accordance with ‘Sewers for Adoption’ 7th edition","N/A","N/A","N/A","More environmentally friendly than a traditional system, almost 40% less carbon emitted during the concrete casting process","Concrete, Drainage, Precast",,,75,"MCCANN-C-SL-1800-750X600.jpg"
46111,"Precast Concrete Pipes & Manholes","3. Civils & Landscaping","Concrete Pipe and Rings","FP McCann Ltd","PRE 1200 RCS 75/60 L",,"2681","P65 1200 Rec Cover Slab 750x600 L/D SR4","Concrete Drainage","n/a",,"Precast Concrete Cover Slab","n/a","Grey","Precast Concrete","Concrete","Chemical Resistance","DC4","Low Carbon","More environmentally friendly than a traditional system, almost 40% less carbon emitted during the concrete casting process","Safety","Significant reduction in health and safety risks associated with using precast concrete","Cost Effective","Greater cost savings associated with using precast concrete over a traditional system","N/A","N/A","Quick and easy installation","No concrete backfill required, in accordance with ‘Sewers for Adoption’ 7th edition","N/A","N/A","N/A","More environmentally friendly than a traditional system, almost 40% less carbon emitted during the concrete casting process","Concrete, Drainage, Precast",,,75,
46111,"Precast Concrete Pipes & Manholes","3. Civils & Landscaping","Concrete Pipe and Rings","FP McCann Ltd","PRE 1350 SLAB12/67S4",,"2015","P20 1350 C/S 1200x675 op SR4  ","Concrete Drainage","n/a",,"Precast Concrete Cover Slab","n/a","Grey","Precast Concrete","Concrete","Chemical Resistance","DC4","Low Carbon","More environmentally friendly than a traditional system, almost 40% less carbon emitted during the concrete casting process","Safety","Significant reduction in health and safety risks associated with using precast concrete","Cost Effective","Greater cost savings associated with using precast concrete over a traditional system","N/A","N/A","Quick and easy installation","No concrete backfill required, in accordance with ‘Sewers for Adoption’ 7th edition","N/A","N/A","N/A","More environmentally friendly than a traditional system, almost 40% less carbon emitted during the concrete casting process","Concrete, Drainage, Precast",,,75,
46111,"Precast Concrete Pipes & Manholes","3. Civils & Landscaping","Concrete Pipe and Rings","FP McCann Ltd","PRE 1350/0900RD SLS4",,"2700","P20 1350 Reducer Slab 0900 op SR4","Concrete Drainage","n/a",,"Precast Concrete Cover Slab","n/a","Grey","Precast Concrete","Concrete","Chemical Resistance","DC4","Low Carbon","More environmentally friendly than a traditional system, almost 40% less carbon emitted during the concrete casting process","Safety","Significant reduction in health and safety risks associated with using precast concrete","Cost Effective","Greater cost savings associated with using precast concrete over a traditional system","N/A","N/A","Quick and easy installation","No concrete backfill required, in accordance with ‘Sewers for Adoption’ 7th edition","N/A","N/A","N/A","More environmentally friendly than a traditional system, almost 40% less carbon emitted during the concrete casting process","Concrete, Drainage, Precast",,,75,
46111,"Precast Concrete Pipes & Manholes","3. Civils & Landscaping","Concrete Pipe and Rings","FP McCann Ltd","PRE 1350/1050RD SLS4",,"2556","P20 1350 Reducer Slab 1050 op SR4","Concrete Drainage","n/a",,"Precast Concrete Cover Slab","n/a","Grey","Precast Concrete","Concrete","Chemical Resistance","DC4","Low Carbon","More environmentally friendly than a traditional system, almost 40% less carbon emitted during the concrete casting process","Safety","Significant reduction in health and safety risks associated with using precast concrete","Cost Effective","Greater cost savings associated with using precast concrete over a traditional system","N/A","N/A","Quick and easy installation","No concrete backfill required, in accordance with ‘Sewers for Adoption’ 7th edition","N/A","N/A","N/A","More environmentally friendly than a traditional system, almost 40% less carbon emitted during the concrete casting process","Concrete, Drainage, Precast",,,75,
46111,"Precast Concrete Pipes & Manholes","3. Civils & Landscaping","Concrete Pipe and Rings","FP McCann Ltd","PRE 1500 SLAB12/67S4",,"2042","P20 1500 C/S 1200x675 op SR4  ","Concrete Drainage","n/a",,"Precast Concrete Cover Slab","n/a","Grey","Precast Concrete","Concrete","Chemical Resistance","DC4","Low Carbon","More environmentally friendly than a traditional system, almost 40% less carbon emitted during the concrete casting process","Safety","Significant reduction in health and safety risks associated with using precast concrete","Cost Effective","Greater cost savings associated with using precast concrete over a traditional system","N/A","N/A","Quick and easy installation","No concrete backfill required, in accordance with ‘Sewers for Adoption’ 7th edition","N/A","N/A","N/A","More environmentally friendly than a traditional system, almost 40% less carbon emitted during the concrete casting process","Concrete, Drainage, Precast",,,75,"MCCANN-C-SL-1500-1200X675.jpg"
46111,"Precast Concrete Pipes & Manholes","3. Civils & Landscaping","Concrete Pipe and Rings","FP McCann Ltd","PRE 1500/0900RD SLS4",,"2710","P20 1500 Reducer Slab 0900 op SR4","Concrete Drainage","n/a",,"Precast Concrete Cover Slab","n/a","Grey","Precast Concrete","Concrete","Chemical Resistance","DC4","Low Carbon","More environmentally friendly than a traditional system, almost 40% less carbon emitted during the concrete casting process","Safety","Significant reduction in health and safety risks associated with using precast concrete","Cost Effective","Greater cost savings associated with using precast concrete over a traditional system","N/A","N/A","Quick and easy installation","No concrete backfill required, in accordance with ‘Sewers for Adoption’ 7th edition","N/A","N/A","N/A","More environmentally friendly than a traditional system, almost 40% less carbon emitted during the concrete casting process","Concrete, Drainage, Precast",,,75,
46111,"Precast Concrete Pipes & Manholes","3. Civils & Landscaping","Concrete Pipe and Rings","FP McCann Ltd","PRE 1500/1050RD SLS4",,"2070","P20 1500 Reducer Slab 1050 op SR4","Concrete Drainage","n/a",,"Precast Concrete Cover Slab","n/a","Grey","Precast Concrete","Concrete","Chemical Resistance","DC4","Low Carbon","More environmentally friendly than a traditional system, almost 40% less carbon emitted during the concrete casting process","Safety","Significant reduction in health and safety risks associated with using precast concrete","Cost Effective","Greater cost savings associated with using precast concrete over a traditional system","N/A","N/A","Quick and easy installation","No concrete backfill required, in accordance with ‘Sewers for Adoption’ 7th edition","N/A","N/A","N/A","More environmentally friendly than a traditional system, almost 40% less carbon emitted during the concrete casting process","Concrete, Drainage, Precast",,,75,
46111,"Precast Concrete Pipes & Manholes","3. Civils & Landscaping","Concrete Pipe and Rings","FP McCann Ltd","PRE 1500/1200RD SLS4",,"2711","P20 1500 Reducer Slab 1200 op SR4","Concrete Drainage","n/a",,"Precast Concrete Cover Slab","n/a","Grey","Precast Concrete","Concrete","Chemical Resistance","DC4","Low Carbon","More environmentally friendly than a traditional system, almost 40% less carbon emitted during the concrete casting process","Safety","Significant reduction in health and safety risks associated with using precast concrete","Cost Effective","Greater cost savings associated with using precast concrete over a traditional system","N/A","N/A","Quick and easy installation","No concrete backfill required, in accordance with ‘Sewers for Adoption’ 7th edition","N/A","N/A","N/A","More environmentally friendly than a traditional system, almost 40% less carbon emitted during the concrete casting process","Concrete, Drainage, Precast",,,75,
46111,"Precast Concrete Pipes & Manholes","3. Civils & Landscaping","Concrete Pipe and Rings","FP McCann Ltd","PRE 1500 L/SLAB SR4",,"2702","P25 1500 Landing Slab 900 Rd op SR4","Concrete Drainage","n/a",,"Precast Concrete Cover Slab","n/a","Grey","Precast Concrete","Concrete","Chemical Resistance","DC4","Low Carbon","More environmentally friendly than a traditional system, almost 40% less carbon emitted during the concrete casting process","Safety","Significant reduction in health and safety risks associated with using precast concrete","Cost Effective","Greater cost savings associated with using precast concrete over a traditional system","N/A","N/A","Quick and easy installation","No concrete backfill required, in accordance with ‘Sewers for Adoption’ 7th edition","N/A","N/A","N/A","More environmentally friendly than a traditional system, almost 40% less carbon emitted during the concrete casting process","Concrete, Drainage, Precast",,,75,
46111,"Precast Concrete Pipes & Manholes","3. Civils & Landscaping","Concrete Pipe and Rings","FP McCann Ltd","PRE 1200 SLABX750SR4",,"2521","P20 1200 C/Slab 750 sq op SR4 ","Concrete Drainage","n/a",,"Precast Concrete Cover Slab","n/a","Grey","Precast Concrete","Concrete","Chemical Resistance","DC4","Low Carbon","More environmentally friendly than a traditional system, almost 40% less carbon emitted during the concrete casting process","Safety","Significant reduction in health and safety risks associated with using precast concrete","Cost Effective","Greater cost savings associated with using precast concrete over a traditional system","N/A","N/A","Quick and easy installation","No concrete backfill required, in accordance with ‘Sewers for Adoption’ 7th edition","N/A","N/A","N/A","More environmentally friendly than a traditional system, almost 40% less carbon emitted during the concrete casting process","Concrete, Drainage, Precast",,,75,"MCCANN-C-SL-1200-750X750.jpg"
46111,"Precast Concrete Pipes & Manholes","3. Civils & Landscaping","Concrete Pipe and Rings","FP McCann Ltd","PRE RING 2100X1000S4",,"1445","P15 Man Ring 2100x1000mm SR4  ","Concrete Drainage","n/a",,"Precast Concrete Manhole Ring","n/a","Grey","Precast Concrete","Concrete","Chemical Resistance","DC4","Low Carbon","More environmentally friendly than a traditional system, almost 40% less carbon emitted during the concrete casting process","Safety","Significant reduction in health and safety risks associated with using precast concrete","Cost Effective","Greater cost savings associated with using precast concrete over a traditional system","N/A","N/A","Quick and easy installation","No concrete backfill required, in accordance with ‘Sewers for Adoption’ 7th edition","N/A","N/A","N/A","More environmentally friendly than a traditional system, almost 40% less carbon emitted during the concrete casting process","Concrete, Drainage, Precast",,,75,"MCCANN-CR-2100x1000.jpg"
46111,"Precast Concrete Pipes & Manholes","3. Civils & Landscaping","Concrete Pipe and Rings","FP McCann Ltd","PRE RING 2100X0500S4",,"1439","P15 Man Ring 2100x0500mm SR4  ","Concrete Drainage","n/a",,"Precast Concrete Manhole Ring","n/a","Grey","Precast Concrete","Concrete","Chemical Resistance","DC4","Low Carbon","More environmentally friendly than a traditional system, almost 40% less carbon emitted during the concrete casting process","Safety","Significant reduction in health and safety risks associated with using precast concrete","Cost Effective","Greater cost savings associated with using precast concrete over a traditional system","N/A","N/A","Quick and easy installation","No concrete backfill required, in accordance with ‘Sewers for Adoption’ 7th edition","N/A","N/A","N/A","More environmentally friendly than a traditional system, almost 40% less carbon emitted during the concrete casting process","Concrete, Drainage, Precast",,,75,"MCCANN-CR-2100x500.jpg"
46111,"Precast Concrete Pipes & Manholes","3. Civils & Landscaping","Concrete Pipe and Rings","FP McCann Ltd","PRE RING 2100X0750S4",,"1442","P15 Man Ring 2100x0750mm SR4  ","Concrete Drainage","n/a",,"Precast Concrete Manhole Ring","n/a","Grey","Precast Concrete","Concrete","Chemical Resistance","DC4","Low Carbon","More environmentally friendly than a traditional system, almost 40% less carbon emitted during the concrete casting process","Safety","Significant reduction in health and safety risks associated with using precast concrete","Cost Effective","Greater cost savings associated with using precast concrete over a traditional system","N/A","N/A","Quick and easy installation","No concrete backfill required, in accordance with ‘Sewers for Adoption’ 7th edition","N/A","N/A","N/A","More environmentally friendly than a traditional system, almost 40% less carbon emitted during the concrete casting process","Concrete, Drainage, Precast",,,75,"MCCANN-CR-2100x750.jpg"
46111,"Precast Concrete Pipes & Manholes","3. Civils & Landscaping","Concrete Pipe and Rings","FP McCann Ltd","PRE S/WAY2100X0500S4",,"2865","P10 Soakway 2100x0500 SR4","Concrete Drainage","n/a",,"Precast Concrete Soakaway 2100","n/a","Grey","Precast Concrete","Concrete","Chemical Resistance","DC4","Low Carbon","More environmentally friendly than a traditional system, almost 40% less carbon emitted during the concrete casting process","Safety","Significant reduction in health and safety risks associated with using precast concrete","Cost Effective","Greater cost savings associated with using precast concrete over a traditional system","N/A","N/A","Quick and easy installation","No concrete backfill required, in accordance with ‘Sewers for Adoption’ 7th edition","N/A","N/A","N/A","More environmentally friendly than a traditional system, almost 40% less carbon emitted during the concrete casting process","Concrete, Drainage, Precast",,,75,"MCCANN-CR-2100x500-Soakaway.jpg"
46111,"Precast Concrete Pipes & Manholes","3. Civils & Landscaping","Concrete Pipe and Rings","FP McCann Ltd","PRE S/WAY2100X0750S4",,"2866","P10 Soakway 2100x0750 SR4","Concrete Drainage","n/a",,"Precast Concrete Soakaway 2100","n/a","Grey","Precast Concrete","Concrete","Chemical Resistance","DC4","Low Carbon","More environmentally friendly than a traditional system, almost 40% less carbon emitted during the concrete casting process","Safety","Significant reduction in health and safety risks associated with using precast concrete","Cost Effective","Greater cost savings associated with using precast concrete over a traditional system","N/A","N/A","Quick and easy installation","No concrete backfill required, in accordance with ‘Sewers for Adoption’ 7th edition","N/A","N/A","N/A","More environmentally friendly than a traditional system, almost 40% less carbon emitted during the concrete casting process","Concrete, Drainage, Precast",,,75,"MCCANN-CR-2100x750-Soakaway.jpg"
46111,"Precast Concrete Pipes & Manholes","3. Civils & Landscaping","Concrete Pipe and Rings","FP McCann Ltd","PRE S/WAY2100X1000S4",,"1506","P10 Soakway 2100x1000 SR4     ","Concrete Drainage","n/a",,"Precast Concrete Soakaway 2100","n/a","Grey","Precast Concrete","Concrete","Chemical Resistance","DC4","Low Carbon","More environmentally friendly than a traditional system, almost 40% less carbon emitted during the concrete casting process","Safety","Significant reduction in health and safety risks associated with using precast concrete","Cost Effective","Greater cost savings associated with using precast concrete over a traditional system","N/A","N/A","Quick and easy installation","No concrete backfill required, in accordance with ‘Sewers for Adoption’ 7th edition","N/A","N/A","N/A","More environmentally friendly than a traditional system, almost 40% less carbon emitted during the concrete casting process","Concrete, Drainage, Precast",,,75,"MCCANN-CR-2100x1000-Soakaway.jpg"
46111,"Precast Concrete Pipes & Manholes","3. Civils & Landscaping","Concrete Pipe and Rings","FP McCann Ltd","PRE RING 2100X500 DS",,"2837","P15 Man Ring 2100x0500mm SR4 D/STEP","Concrete Drainage","n/a",,"Precast Concrete Manhole Ring","n/a","Grey","Precast Concrete","Concrete","Chemical Resistance","DC4","Low Carbon","More environmentally friendly than a traditional system, almost 40% less carbon emitted during the concrete casting process","Safety","Significant reduction in health and safety risks associated with using precast concrete","Cost Effective","Greater cost savings associated with using precast concrete over a traditional system","N/A","N/A","Quick and easy installation","No concrete backfill required, in accordance with ‘Sewers for Adoption’ 7th edition","N/A","N/A","N/A","More environmentally friendly than a traditional system, almost 40% less carbon emitted during the concrete casting process","Concrete, Drainage, Precast",,,75,
46111,"Precast Concrete Pipes & Manholes","3. Civils & Landscaping","Concrete Pipe and Rings","FP McCann Ltd","PRE RING 2100X750 DS",,"2839","P15 Man Ring 2100x0750mm SR4 D/STEP","Concrete Drainage","n/a",,"Precast Concrete Manhole Ring","n/a","Grey","Precast Concrete","Concrete","Chemical Resistance","DC4","Low Carbon","More environmentally friendly than a traditional system, almost 40% less carbon emitted during the concrete casting process","Safety","Significant reduction in health and safety risks associated with using precast concrete","Cost Effective","Greater cost savings associated with using precast concrete over a traditional system","N/A","N/A","Quick and easy installation","No concrete backfill required, in accordance with ‘Sewers for Adoption’ 7th edition","N/A","N/A","N/A","More environmentally friendly than a traditional system, almost 40% less carbon emitted during the concrete casting process","Concrete, Drainage, Precast",,,75,
46111,"Precast Concrete Pipes & Manholes","3. Civils & Landscaping","Concrete Pipe and Rings","FP McCann Ltd","PRE RING 2100X1000DS",,"2835","P15 Man Ring 2100x1000mm SR4 D/STEP","Concrete Drainage","n/a",,"Precast Concrete Manhole Ring","n/a","Grey","Precast Concrete","Concrete","Chemical Resistance","DC4","Low Carbon","More environmentally friendly than a traditional system, almost 40% less carbon emitted during the concrete casting process","Safety","Significant reduction in health and safety risks associated with using precast concrete","Cost Effective","Greater cost savings associated with using precast concrete over a traditional system","N/A","N/A","Quick and easy installation","No concrete backfill required, in accordance with ‘Sewers for Adoption’ 7th edition","N/A","N/A","N/A","More environmentally friendly than a traditional system, almost 40% less carbon emitted during the concrete casting process","Concrete, Drainage, Precast",,,75,
46111,"Precast Concrete Pipes & Manholes","3. Civils & Landscaping","Concrete Pipe and Rings","FP McCann Ltd","PRE SOAK 2100X500 DS",,"2914","P10 Soakway 2100x0500 SR4 D/STEP","Concrete Drainage","n/a",,"Precast Concrete Soakaway 2100","n/a","Grey","Precast Concrete","Concrete","Chemical Resistance","DC4","Low Carbon","More environmentally friendly than a traditional system, almost 40% less carbon emitted during the concrete casting process","Safety","Significant reduction in health and safety risks associated with using precast concrete","Cost Effective","Greater cost savings associated with using precast concrete over a traditional system","N/A","N/A","Quick and easy installation","No concrete backfill required, in accordance with ‘Sewers for Adoption’ 7th edition","N/A","N/A","N/A","More environmentally friendly than a traditional system, almost 40% less carbon emitted during the concrete casting process","Concrete, Drainage, Precast",,,75,
46111,"Precast Concrete Pipes & Manholes","3. Civils & Landscaping","Concrete Pipe and Rings","FP McCann Ltd","PRE SOAK 2100X750 DS",,"2916","P10 Soakway 2100x0750 SR4 D/STEP","Concrete Drainage","n/a",,"Precast Concrete Soakaway 2100","n/a","Grey","Precast Concrete","Concrete","Chemical Resistance","DC4","Low Carbon","More environmentally friendly than a traditional system, almost 40% less carbon emitted during the concrete casting process","Safety","Significant reduction in health and safety risks associated with using precast concrete","Cost Effective","Greater cost savings associated with using precast concrete over a traditional system","N/A","N/A","Quick and easy installation","No concrete backfill required, in accordance with ‘Sewers for Adoption’ 7th edition","N/A","N/A","N/A","More environmentally friendly than a traditional system, almost 40% less carbon emitted during the concrete casting process","Concrete, Drainage, Precast",,,75,
46111,"Precast Concrete Pipes & Manholes","3. Civils & Landscaping","Concrete Pipe and Rings","FP McCann Ltd","PRE SOAK 2100X1000DS",,"2912","P10 Soakway 2100x1000 SR4 D/STEP","Concrete Drainage","n/a",,"Precast Concrete Soakaway 2100","n/a","Grey","Precast Concrete","Concrete","Chemical Resistance","DC4","Low Carbon","More environmentally friendly than a traditional system, almost 40% less carbon emitted during the concrete casting process","Safety","Significant reduction in health and safety risks associated with using precast concrete","Cost Effective","Greater cost savings associated with using precast concrete over a traditional system","N/A","N/A","Quick and easy installation","No concrete backfill required, in accordance with ‘Sewers for Adoption’ 7th edition","N/A","N/A","N/A","More environmentally friendly than a traditional system, almost 40% less carbon emitted during the concrete casting process","Concrete, Drainage, Precast",,,75,
46111,"Precast Concrete Pipes & Manholes","3. Civils & Landscaping","Concrete Pipe and Rings","FP McCann Ltd","PRE 2100 SLABX675SR4",,"2168","P25 2100 C/Slab 675 Sq op SR4","Concrete Drainage","n/a",,"Precast Concrete Cover Slab","n/a","Grey","Precast Concrete","Concrete","Chemical Resistance","DC4","Low Carbon","More environmentally friendly than a traditional system, almost 40% less carbon emitted during the concrete casting process","Safety","Significant reduction in health and safety risks associated with using precast concrete","Cost Effective","Greater cost savings associated with using precast concrete over a traditional system","N/A","N/A","Quick and easy installation","No concrete backfill required, in accordance with ‘Sewers for Adoption’ 7th edition","N/A","N/A","N/A","More environmentally friendly than a traditional system, almost 40% less carbon emitted during the concrete casting process","Concrete, Drainage, Precast",,,75,"MCCANN-C-SL-2100-675x675.jpg"
46111,"Precast Concrete Pipes & Manholes","3. Civils & Landscaping","Concrete Pipe and Rings","FP McCann Ltd","PRE 2100 SLAB12/67S4",,"2151","P25 2100 C/Slab 1200x675op SR4","Concrete Drainage","n/a",,"Precast Concrete Cover Slab","n/a","Grey","Precast Concrete","Concrete","Chemical Resistance","DC4","Low Carbon","More environmentally friendly than a traditional system, almost 40% less carbon emitted during the concrete casting process","Safety","Significant reduction in health and safety risks associated with using precast concrete","Cost Effective","Greater cost savings associated with using precast concrete over a traditional system","N/A","N/A","Quick and easy installation","No concrete backfill required, in accordance with ‘Sewers for Adoption’ 7th edition","N/A","N/A","N/A","More environmentally friendly than a traditional system, almost 40% less carbon emitted during the concrete casting process","Concrete, Drainage, Precast",,,75,"MCCANN-C-SL-2100-1200x675.jpg"
46111,"Precast Concrete Pipes & Manholes","3. Civils & Landscaping","Concrete Pipe and Rings","FP McCann Ltd","PRE 2100/0900RD SLS4",,"2731","P25 2100 Reducer Slab 0900 op SR4","Concrete Drainage","n/a",,"Precast Concrete Reducing Slabs","n/a","Grey","Precast Concrete","Concrete","Chemical Resistance","DC4","Low Carbon","More environmentally friendly than a traditional system, almost 40% less carbon emitted during the concrete casting process","Safety","Significant reduction in health and safety risks associated with using precast concrete","Cost Effective","Greater cost savings associated with using precast concrete over a traditional system","N/A","N/A","Quick and easy installation","No concrete backfill required, in accordance with ‘Sewers for Adoption’ 7th edition","N/A","N/A","N/A","More environmentally friendly than a traditional system, almost 40% less carbon emitted during the concrete casting process","Concrete, Drainage, Precast",,,75,
46111,"Precast Concrete Pipes & Manholes","3. Civils & Landscaping","Concrete Pipe and Rings","FP McCann Ltd","PRE 2100/1050RD SLS4",,"2177","P25 2100 Reducer Slab 1050 op SR4","Concrete Drainage","n/a",,"Precast Concrete Reducing Slabs","n/a","Grey","Precast Concrete","Concrete","Chemical Resistance","DC4","Low Carbon","More environmentally friendly than a traditional system, almost 40% less carbon emitted during the concrete casting process","Safety","Significant reduction in health and safety risks associated with using precast concrete","Cost Effective","Greater cost savings associated with using precast concrete over a traditional system","N/A","N/A","Quick and easy installation","No concrete backfill required, in accordance with ‘Sewers for Adoption’ 7th edition","N/A","N/A","N/A","More environmentally friendly than a traditional system, almost 40% less carbon emitted during the concrete casting process","Concrete, Drainage, Precast",,,75,
46111,"Precast Concrete Pipes & Manholes","3. Civils & Landscaping","Concrete Pipe and Rings","FP McCann Ltd","PRE 2100/1200 RD SR4",,"2179","P25 2100 Reducer Slab 1200 op SR4","Concrete Drainage","n/a",,"Precast Concrete Reducing Slabs","n/a","Grey","Precast Concrete","Concrete","Chemical Resistance","DC4","Low Carbon","More environmentally friendly than a traditional system, almost 40% less carbon emitted during the concrete casting process","Safety","Significant reduction in health and safety risks associated with using precast concrete","Cost Effective","Greater cost savings associated with using precast concrete over a traditional system","N/A","N/A","Quick and easy installation","No concrete backfill required, in accordance with ‘Sewers for Adoption’ 7th edition","N/A","N/A","N/A","More environmentally friendly than a traditional system, almost 40% less carbon emitted during the concrete casting process","Concrete, Drainage, Precast",,,75,
46111,"Precast Concrete Pipes & Manholes","3. Civils & Landscaping","Concrete Pipe and Rings","FP McCann Ltd","PRE 1200 SLAB90/6SR4",,"1986","P20 1200 C/Slab 900x600 op SR4","Concrete Drainage","n/a",,"Precast Concrete Cover Slab","n/a","Grey","Precast Concrete","Concrete","Chemical Resistance","DC4","Low Carbon","More environmentally friendly than a traditional system, almost 40% less carbon emitted during the concrete casting process","Safety","Significant reduction in health and safety risks associated with using precast concrete","Cost Effective","Greater cost savings associated with using precast concrete over a traditional system","N/A","N/A","Quick and easy installation","No concrete backfill required, in accordance with ‘Sewers for Adoption’ 7th edition","N/A","N/A","N/A","More environmentally friendly than a traditional system, almost 40% less carbon emitted during the concrete casting process","Concrete, Drainage, Precast",,,75,"MCCANN-C-SL-1200-900X600.jpg"
46111,"Precast Concrete Pipes & Manholes","3. Civils & Landscaping","Concrete Pipe and Rings","FP McCann Ltd","PRE 1800/1200RD SLS4",,"2127","P25 1800 Reducer Slab 1200 op SR4","Concrete Drainage","n/a",,"Precast Concrete Reducing Slabs","n/a","Grey","Precast Concrete","Concrete","Chemical Resistance","DC4","Low Carbon","More environmentally friendly than a traditional system, almost 40% less carbon emitted during the concrete casting process","Safety","Significant reduction in health and safety risks associated with using precast concrete","Cost Effective","Greater cost savings associated with using precast concrete over a traditional system","N/A","N/A","Quick and easy installation","No concrete backfill required, in accordance with ‘Sewers for Adoption’ 7th edition","N/A","N/A","N/A","More environmentally friendly than a traditional system, almost 40% less carbon emitted during the concrete casting process","Concrete, Drainage, Precast",,,75,
46111,"Precast Concrete Pipes & Manholes","3. Civils & Landscaping","Concrete Pipe and Rings","FP McCann Ltd","PRE SEAT 1200X675SR4",,"3332","P65 Seating Slab 1200x675 SR4","Concrete Drainage","n/a",,"Precast Concrete Seating Slab","n/a","Grey","Precast Concrete","Concrete","Chemical Resistance","DC4","Low Carbon","More environmentally friendly than a traditional system, almost 40% less carbon emitted during the concrete casting process","Safety","Significant reduction in health and safety risks associated with using precast concrete","Cost Effective","Greater cost savings associated with using precast concrete over a traditional system","N/A","N/A","Quick and easy installation","No concrete backfill required, in accordance with ‘Sewers for Adoption’ 7th edition","N/A","N/A","N/A","More environmentally friendly than a traditional system, almost 40% less carbon emitted during the concrete casting process","Concrete, Drainage, Precast",,,75,
46111,"Precast Concrete Pipes & Manholes","3. Civils & Landscaping","Concrete Pipe and Rings","FP McCann Ltd","PRE 1800 SLAB12/67S4",,"2088","P25 1800 C/Slab 1200x675op SR4","Concrete Drainage","n/a",,"Precast Concrete Cover Slab","n/a","Grey","Precast Concrete","Concrete","Chemical Resistance","DC4","Low Carbon","More environmentally friendly than a traditional system, almost 40% less carbon emitted during the concrete casting process","Safety","Significant reduction in health and safety risks associated with using precast concrete","Cost Effective","Greater cost savings associated with using precast concrete over a traditional system","N/A","N/A","Quick and easy installation","No concrete backfill required, in accordance with ‘Sewers for Adoption’ 7th edition","N/A","N/A","N/A","More environmentally friendly than a traditional system, almost 40% less carbon emitted during the concrete casting process","Concrete, Drainage, Precast",,,75,
46111,"Precast Concrete Pipes & Manholes","3. Civils & Landscaping","Concrete Pipe and Rings","FP McCann Ltd","PRE 1800/0900RD SLS4",,"2720","P25 1800 Reducer Slab 0900 op SR4","Concrete Drainage","n/a",,"Precast Concrete Reducing Slabs","n/a","Grey","Precast Concrete","Concrete","Chemical Resistance","DC4","Low Carbon","More environmentally friendly than a traditional system, almost 40% less carbon emitted during the concrete casting process","Safety","Significant reduction in health and safety risks associated with using precast concrete","Cost Effective","Greater cost savings associated with using precast concrete over a traditional system","N/A","N/A","Quick and easy installation","No concrete backfill required, in accordance with ‘Sewers for Adoption’ 7th edition","N/A","N/A","N/A","More environmentally friendly than a traditional system, almost 40% less carbon emitted during the concrete casting process","Concrete, Drainage, Precast",,,75,
46111,"Precast Concrete Pipes & Manholes","3. Civils & Landscaping","Concrete Pipe and Rings","FP McCann Ltd","PRE 1800/1050RD SLS4",,"2124","P25 1800 Reducer Slab 1050 op SR4","Concrete Drainage","n/a",,"Precast Concrete Reducing Slabs","n/a","Grey","Precast Concrete","Concrete","Chemical Resistance","DC4","Low Carbon","More environmentally friendly than a traditional system, almost 40% less carbon emitted during the concrete casting process","Safety","Significant reduction in health and safety risks associated with using precast concrete","Cost Effective","Greater cost savings associated with using precast concrete over a traditional system","N/A","N/A","Quick and easy installation","No concrete backfill required, in accordance with ‘Sewers for Adoption’ 7th edition","N/A","N/A","N/A","More environmentally friendly than a traditional system, almost 40% less carbon emitted during the concrete casting process","Concrete, Drainage, Precast",,,75,
46111,"Precast Concrete Pipes & Manholes","3. Civils & Landscaping","Concrete Pipe and Rings","FP McCann Ltd","PRE 1800 L/SLAB SR4",,"2086","P25 1800 Landing Slab 900 Rd op SR4","Concrete Drainage","n/a",,"Precast Concrete Landing Slab","n/a","Grey","Precast Concrete","Concrete","Chemical Resistance","DC4","Low Carbon","More environmentally friendly than a traditional system, almost 40% less carbon emitted during the concrete casting process","Safety","Significant reduction in health and safety risks associated with using precast concrete","Cost Effective","Greater cost savings associated with using precast concrete over a traditional system","N/A","N/A","Quick and easy installation","No concrete backfill required, in accordance with ‘Sewers for Adoption’ 7th edition","N/A","N/A","N/A","More environmentally friendly than a traditional system, almost 40% less carbon emitted during the concrete casting process","Concrete, Drainage, Precast",,,75,
46111,"Precast Concrete Pipes & Manholes","3. Civils & Landscaping","Concrete Pipe and Rings","FP McCann Ltd","PRE SEAL 40X20",,"2877","P65 Sealant 40x20mm4.0M","Concrete Drainage","n/a",,"P65 Sealant","n/a","n/a","Precast Concrete","Concrete","Chemical Resistance","DC4","Low Carbon","More environmentally friendly than a traditional system, almost 40% less carbon emitted during the concrete casting process","Safety","Significant reduction in health and safety risks associated with using precast concrete","Cost Effective","Greater cost savings associated with using precast concrete over a traditional system","N/A","N/A","Quick and easy installation","No concrete backfill required, in accordance with ‘Sewers for Adoption’ 7th edition","N/A","N/A","N/A","More environmentally friendly than a traditional system, almost 40% less carbon emitted during the concrete casting process","Concrete, Drainage, Precast",,,75,
46111,"Precast Concrete Pipes & Manholes","3. Civils & Landscaping","Concrete Pipe and Rings","FP McCann Ltd","PRE SEAL 20X20",,"2876","P65 Sealant 20x20mm4.0M","Concrete Drainage","n/a",,"P65 Sealant","n/a","n/a","Precast Concrete","Concrete","Chemical Resistance","DC4","Low Carbon","More environmentally friendly than a traditional system, almost 40% less carbon emitted during the concrete casting process","Safety","Significant reduction in health and safety risks associated with using precast concrete","Cost Effective","Greater cost savings associated with using precast concrete over a traditional system","N/A","N/A","Quick and easy installation","No concrete backfill required, in accordance with ‘Sewers for Adoption’ 7th edition","N/A","N/A","N/A","More environmentally friendly than a traditional system, almost 40% less carbon emitted during the concrete casting process","Concrete, Drainage, Precast",,,75,
46111,"Precast Concrete Pipes & Manholes","3. Civils & Landscaping","Concrete Pipe and Rings","FP McCann Ltd","PRE LUB 2.5 ELI",,"2765","P65 Lubricant 2.5 Kg Elis","Concrete Drainage","n/a",,"Concrete Pipe Lubricant","n/a","n/a","Precast Concrete","Concrete","Chemical Resistance","DC4","Low Carbon","More environmentally friendly than a traditional system, almost 40% less carbon emitted during the concrete casting process","Safety","Significant reduction in health and safety risks associated with using precast concrete","Cost Effective","Greater cost savings associated with using precast concrete over a traditional system","N/A","N/A","Quick and easy installation","No concrete backfill required, in accordance with ‘Sewers for Adoption’ 7th edition","N/A","N/A","N/A","More environmentally friendly than a traditional system, almost 40% less carbon emitted during the concrete casting process","Concrete, Drainage, Precast",,,75,
46111,"Precast Concrete Pipes & Manholes","3. Civils & Landscaping","Concrete Pipe and Rings","FP McCann Ltd","PRE GUL 375X750 TRP",,"3349","P65 375 Diax750 Trap Gulley SR4","Concrete Drainage","n/a",,"Precast Concrete Road Gully","n/a","Grey","Precast Concrete","Concrete","Chemical Resistance","DC4","Low Carbon","More environmentally friendly than a traditional system, almost 40% less carbon emitted during the concrete casting process","Safety","Significant reduction in health and safety risks associated with using precast concrete","Cost Effective","Greater cost savings associated with using precast concrete over a traditional system","N/A","N/A","Quick and easy installation","No concrete backfill required, in accordance with ‘Sewers for Adoption’ 7th edition","N/A","N/A","N/A","More environmentally friendly than a traditional system, almost 40% less carbon emitted during the concrete casting process","Concrete, Drainage, Precast",,,75,
46111,"Precast Concrete Pipes & Manholes","3. Civils & Landscaping","Concrete Pipe and Rings","FP McCann Ltd","PRE GUL 375X900 TRP",,"2752","P65 375Diax900 Trap Gulley SR4","Concrete Drainage","n/a",,"Precast Concrete Road Gully","n/a","Grey","Precast Concrete","Concrete","Chemical Resistance","DC4","Low Carbon","More environmentally friendly than a traditional system, almost 40% less carbon emitted during the concrete casting process","Safety","Significant reduction in health and safety risks associated with using precast concrete","Cost Effective","Greater cost savings associated with using precast concrete over a traditional system","N/A","N/A","Quick and easy installation","No concrete backfill required, in accordance with ‘Sewers for Adoption’ 7th edition","N/A","N/A","N/A","More environmentally friendly than a traditional system, almost 40% less carbon emitted during the concrete casting process","Concrete, Drainage, Precast",,,75,
46111,"Precast Concrete Pipes & Manholes","3. Civils & Landscaping","Concrete Pipe and Rings","FP McCann Ltd","PRE GUL 450X750 TRP",,"2754","P65 450Diax750 Trap Gulley SR4","Concrete Drainage","n/a",,"Precast Concrete Road Gully","n/a","Grey","Precast Concrete","Concrete","Chemical Resistance","DC4","Low Carbon","More environmentally friendly than a traditional system, almost 40% less carbon emitted during the concrete casting process","Safety","Significant reduction in health and safety risks associated with using precast concrete","Cost Effective","Greater cost savings associated with using precast concrete over a traditional system","N/A","N/A","Quick and easy installation","No concrete backfill required, in accordance with ‘Sewers for Adoption’ 7th edition","N/A","N/A","N/A","More environmentally friendly than a traditional system, almost 40% less carbon emitted during the concrete casting process","Concrete, Drainage, Precast",,,75,
46111,"Precast Concrete Pipes & Manholes","3. Civils & Landscaping","Concrete Pipe and Rings","FP McCann Ltd","PRE GUL 450X900 TRP",,"2755","P65 450Diax900 Trap Gulley SR4","Concrete Drainage","n/a",,"Precast Concrete Road Gully","n/a","Grey","Precast Concrete","Concrete","Chemical Resistance","DC4","Low Carbon","More environmentally friendly than a traditional system, almost 40% less carbon emitted during the concrete casting process","Safety","Significant reduction in health and safety risks associated with using precast concrete","Cost Effective","Greater cost savings associated with using precast concrete over a traditional system","N/A","N/A","Quick and easy installation","No concrete backfill required, in accordance with ‘Sewers for Adoption’ 7th edition","N/A","N/A","N/A","More environmentally friendly than a traditional system, almost 40% less carbon emitted during the concrete casting process","Concrete, Drainage, Precast",,,75,
46111,"Precast Concrete Pipes & Manholes","3. Civils & Landscaping","Concrete Pipe and Rings","FP McCann Ltd","PRE GUL 450X1050 TRP",,"2753","P65 450Diax1050 Trap Gulley SR4","Concrete Drainage","n/a",,"Precast Concrete Road Gully","n/a","Grey","Precast Concrete","Concrete","Chemical Resistance","DC4","Low Carbon","More environmentally friendly than a traditional system, almost 40% less carbon emitted during the concrete casting process","Safety","Significant reduction in health and safety risks associated with using precast concrete","Cost Effective","Greater cost savings associated with using precast concrete over a traditional system","N/A","N/A","Quick and easy installation","No concrete backfill required, in accordance with ‘Sewers for Adoption’ 7th edition","N/A","N/A","N/A","More environmentally friendly than a traditional system, almost 40% less carbon emitted during the concrete casting process","Concrete, Drainage, Precast",,,75,
46111,"Precast Concrete Pipes & Manholes","3. Civils & Landscaping","Concrete Pipe and Rings","FP McCann Ltd","PRE GUL SLAB 450 DIA",,"2756","P35 Gulley C/Slab 750x650 450op SR4","Concrete Drainage","n/a",,"Precast Concrete Road Gully Cover Slab","n/a","Grey","Precast Concrete","Concrete","Chemical Resistance","DC4","Low Carbon","More environmentally friendly than a traditional system, almost 40% less carbon emitted during the concrete casting process","Safety","Significant reduction in health and safety risks associated with using precast concrete","Cost Effective","Greater cost savings associated with using precast concrete over a traditional system","N/A","N/A","Quick and easy installation","No concrete backfill required, in accordance with ‘Sewers for Adoption’ 7th edition","N/A","N/A","N/A","More environmentally friendly than a traditional system, almost 40% less carbon emitted during the concrete casting process","Concrete, Drainage, Precast",,,75,
46111,"Precast Concrete Pipes & Manholes","3. Civils & Landscaping","Concrete Pipe and Rings","FP McCann Ltd","PRE GUL SLAB 450 U",,"2757","P35 Gulley C/Slab 600x650 U 450op SR4","Concrete Drainage","n/a",,"Precast Concrete Road Gully Cover Slab","n/a","Grey","Precast Concrete","Concrete","Chemical Resistance","DC4","Low Carbon","More environmentally friendly than a traditional system, almost 40% less carbon emitted during the concrete casting process","Safety","Significant reduction in health and safety risks associated with using precast concrete","Cost Effective","Greater cost savings associated with using precast concrete over a traditional system","N/A","N/A","Quick and easy installation","No concrete backfill required, in accordance with ‘Sewers for Adoption’ 7th edition","N/A","N/A","N/A","More environmentally friendly than a traditional system, almost 40% less carbon emitted during the concrete casting process","Concrete, Drainage, Precast",,,75,
46111,"Precast Concrete Pipes & Manholes","3. Civils & Landscaping","Concrete Pipe and Rings","FP McCann Ltd","PRE LID 600X450",,"3637","P65 House Ins Lid 600X450","Concrete Drainage","n/a",,"Precast Concrete Hosuing Inspection Chamber lid ","n/a","Grey","Precast Concrete","Concrete","Chemical Resistance","DC4","Low Carbon","More environmentally friendly than a traditional system, almost 40% less carbon emitted during the concrete casting process","Safety","Significant reduction in health and safety risks associated with using precast concrete","Cost Effective","Greater cost savings associated with using precast concrete over a traditional system","N/A","N/A","Quick and easy installation","No concrete backfill required, in accordance with ‘Sewers for Adoption’ 7th edition","N/A","N/A","N/A","More environmentally friendly than a traditional system, almost 40% less carbon emitted during the concrete casting process","Concrete, Drainage, Precast",,,75,
46111,"Precast Concrete Pipes & Manholes","3. Civils & Landscaping","Concrete Pipe and Rings","FP McCann Ltd","PRE LID 750X600",,"5040","P65 750X600 LID 600X450 ACCESS","Concrete Drainage","n/a",,"Precast Concrete Hosuing Inspection Chamber lid access","n/a","Grey","Precast Concrete","Concrete","Chemical Resistance","DC4","Low Carbon","More environmentally friendly than a traditional system, almost 40% less carbon emitted during the concrete casting process","Safety","Significant reduction in health and safety risks associated with using precast concrete","Cost Effective","Greater cost savings associated with using precast concrete over a traditional system","N/A","N/A","Quick and easy installation","No concrete backfill required, in accordance with ‘Sewers for Adoption’ 7th edition","N/A","N/A","N/A","More environmentally friendly than a traditional system, almost 40% less carbon emitted during the concrete casting process","Concrete, Drainage, Precast",,,75,
46111,"Precast Concrete Pipes & Manholes","3. Civils & Landscaping","Concrete Pipe and Rings","FP McCann Ltd","PRE LID 1000X675",,"5041","P65 LID 1000x675 - 450x600 ACCESS SR4","Concrete Drainage","n/a",,"Precast Concrete Hosuing Inspection Chamber lid access","n/a","Grey","Precast Concrete","Concrete","Chemical Resistance","DC4","Low Carbon","More environmentally friendly than a traditional system, almost 40% less carbon emitted during the concrete casting process","Safety","Significant reduction in health and safety risks associated with using precast concrete","Cost Effective","Greater cost savings associated with using precast concrete over a traditional system","N/A","N/A","Quick and easy installation","No concrete backfill required, in accordance with ‘Sewers for Adoption’ 7th edition","N/A","N/A","N/A","More environmentally friendly than a traditional system, almost 40% less carbon emitted during the concrete casting process","Concrete, Drainage, Precast",,,75,
46111,"Precast Concrete Pipes & Manholes","3. Civils & Landscaping","Concrete Pipe and Rings","FP McCann Ltd","PRE SUR 600X450",,"3110","P65 Surround 600x450 SR4","Concrete Drainage","n/a",,"Precast Concrete Hosuing Inspection Chamber","n/a","Grey","Precast Concrete","Concrete","Chemical Resistance","DC4","Low Carbon","More environmentally friendly than a traditional system, almost 40% less carbon emitted during the concrete casting process","Safety","Significant reduction in health and safety risks associated with using precast concrete","Cost Effective","Greater cost savings associated with using precast concrete over a traditional system","N/A","N/A","Quick and easy installation","No concrete backfill required, in accordance with ‘Sewers for Adoption’ 7th edition","N/A","N/A","N/A","More environmentally friendly than a traditional system, almost 40% less carbon emitted during the concrete casting process","Concrete, Drainage, Precast",,,75,
46111,"Precast Concrete Pipes & Manholes","3. Civils & Landscaping","Concrete Pipe and Rings","FP McCann Ltd","PRE RIC 1000X675X250",,"3634","P65 Rec Ins Cham 1000x675x250 SR4","Concrete Drainage","n/a",,"Precast Concrete Hosuing Inspection Chamber","n/a","Grey","Precast Concrete","Concrete","Chemical Resistance","DC4","Low Carbon","More environmentally friendly than a traditional system, almost 40% less carbon emitted during the concrete casting process","Safety","Significant reduction in health and safety risks associated with using precast concrete","Cost Effective","Greater cost savings associated with using precast concrete over a traditional system","N/A","N/A","Quick and easy installation","No concrete backfill required, in accordance with ‘Sewers for Adoption’ 7th edition","N/A","N/A","N/A","More environmentally friendly than a traditional system, almost 40% less carbon emitted during the concrete casting process","Concrete, Drainage, Precast",,,75,
46111,"Precast Concrete Pipes & Manholes","3. Civils & Landscaping","Concrete Pipe and Rings","FP McCann Ltd","PRE RIC 1200X750X150",,"3217","P65 Rec Ins Cham 1200x750x150 SR4","Concrete Drainage","n/a",,"Precast Concrete Hosuing Inspection Chamber","n/a","Grey","Precast Concrete","Concrete","Chemical Resistance","DC4","Low Carbon","More environmentally friendly than a traditional system, almost 40% less carbon emitted during the concrete casting process","Safety","Significant reduction in health and safety risks associated with using precast concrete","Cost Effective","Greater cost savings associated with using precast concrete over a traditional system","N/A","N/A","Quick and easy installation","No concrete backfill required, in accordance with ‘Sewers for Adoption’ 7th edition","N/A","N/A","N/A","More environmentally friendly than a traditional system, almost 40% less carbon emitted during the concrete casting process","Concrete, Drainage, Precast",,,75,
46111,"Precast Concrete Pipes & Manholes","3. Civils & Landscaping","Concrete Pipe and Rings","FP McCann Ltd","PRE RIC 1200X750X250",,"3635","P65 Rec Ins Cham 1200x750x250 SR4","Concrete Drainage","n/a",,"Precast Concrete Hosuing Inspection Chamber","n/a","Grey","Precast Concrete","Concrete","Chemical Resistance","DC4","Low Carbon","More environmentally friendly than a traditional system, almost 40% less carbon emitted during the concrete casting process","Safety","Significant reduction in health and safety risks associated with using precast concrete","Cost Effective","Greater cost savings associated with using precast concrete over a traditional system","N/A","N/A","Quick and easy installation","No concrete backfill required, in accordance with ‘Sewers for Adoption’ 7th edition","N/A","N/A","N/A","More environmentally friendly than a traditional system, almost 40% less carbon emitted during the concrete casting process","Concrete, Drainage, Precast",,,75,
46111,"Precast Concrete Pipes & Manholes","3. Civils & Landscaping","Concrete Pipe and Rings","FP McCann Ltd","PRE RIC 600X450X150",,"2768","P65 Rec Ins Cham 600x450x150 SR4","Concrete Drainage","n/a",,"Precast Concrete Hosuing Inspection Chamber","n/a","Grey","Precast Concrete","Concrete","Chemical Resistance","DC4","Low Carbon","More environmentally friendly than a traditional system, almost 40% less carbon emitted during the concrete casting process","Safety","Significant reduction in health and safety risks associated with using precast concrete","Cost Effective","Greater cost savings associated with using precast concrete over a traditional system","N/A","N/A","Quick and easy installation","No concrete backfill required, in accordance with ‘Sewers for Adoption’ 7th edition","N/A","N/A","N/A","More environmentally friendly than a traditional system, almost 40% less carbon emitted during the concrete casting process","Concrete, Drainage, Precast",,,75,
46111,"Precast Concrete Pipes & Manholes","3. Civils & Landscaping","Concrete Pipe and Rings","FP McCann Ltd","PRE RIC 600X450X225",,"2769","P65 Rec Ins Cham 600x450x225 SR4","Concrete Drainage","n/a",,"Precast Concrete Hosuing Inspection Chamber","n/a","Grey","Precast Concrete","Concrete","Chemical Resistance","DC4","Low Carbon","More environmentally friendly than a traditional system, almost 40% less carbon emitted during the concrete casting process","Safety","Significant reduction in health and safety risks associated with using precast concrete","Cost Effective","Greater cost savings associated with using precast concrete over a traditional system","N/A","N/A","Quick and easy installation","No concrete backfill required, in accordance with ‘Sewers for Adoption’ 7th edition","N/A","N/A","N/A","More environmentally friendly than a traditional system, almost 40% less carbon emitted during the concrete casting process","Concrete, Drainage, Precast",,,75,
46111,"Precast Concrete Pipes & Manholes","3. Civils & Landscaping","Concrete Pipe and Rings","FP McCann Ltd","PRE RIC 600X450X300",,"2770","P65 Rec Ins Cham 600x450x300 SR4","Concrete Drainage","n/a",,"Precast Concrete Hosuing Inspection Chamber","n/a","Grey","Precast Concrete","Concrete","Chemical Resistance","DC4","Low Carbon","More environmentally friendly than a traditional system, almost 40% less carbon emitted during the concrete casting process","Safety","Significant reduction in health and safety risks associated with using precast concrete","Cost Effective","Greater cost savings associated with using precast concrete over a traditional system","N/A","N/A","Quick and easy installation","No concrete backfill required, in accordance with ‘Sewers for Adoption’ 7th edition","N/A","N/A","N/A","More environmentally friendly than a traditional system, almost 40% less carbon emitted during the concrete casting process","Concrete, Drainage, Precast",,,75,
46111,"Precast Concrete Pipes & Manholes","3. Civils & Landscaping","Concrete Pipe and Rings","FP McCann Ltd","PRE RIC 750X600X150",,"2771","P65 Rec Ins Cham 750x600x150 SR4","Concrete Drainage","n/a",,"Precast Concrete Hosuing Inspection Chamber","n/a","Grey","Precast Concrete","Concrete","Chemical Resistance","DC4","Low Carbon","More environmentally friendly than a traditional system, almost 40% less carbon emitted during the concrete casting process","Safety","Significant reduction in health and safety risks associated with using precast concrete","Cost Effective","Greater cost savings associated with using precast concrete over a traditional system","N/A","N/A","Quick and easy installation","No concrete backfill required, in accordance with ‘Sewers for Adoption’ 7th edition","N/A","N/A","N/A","More environmentally friendly than a traditional system, almost 40% less carbon emitted during the concrete casting process","Concrete, Drainage, Precast",,,75,
46111,"Precast Concrete Pipes & Manholes","3. Civils & Landscaping","Concrete Pipe and Rings","FP McCann Ltd","PRE RIC 750X600X250",,"3636","P65 Rec Ins Cham 750x600x250 SR4","Concrete Drainage","n/a",,"Precast Concrete Hosuing Inspection Chamber","n/a","Grey","Precast Concrete","Concrete","Chemical Resistance","DC4","Low Carbon","More environmentally friendly than a traditional system, almost 40% less carbon emitted during the concrete casting process","Safety","Significant reduction in health and safety risks associated with using precast concrete","Cost Effective","Greater cost savings associated with using precast concrete over a traditional system","N/A","N/A","Quick and easy installation","No concrete backfill required, in accordance with ‘Sewers for Adoption’ 7th edition","N/A","N/A","N/A","More environmentally friendly than a traditional system, almost 40% less carbon emitted during the concrete casting process","Concrete, Drainage, Precast",,,75,
46111,"Precast Concrete Pipes & Manholes","3. Civils & Landscaping","Concrete Pipe and Rings","FP McCann Ltd","PRE REC 1000X675X150",,"3221","P65 REC INS CHAM 1000x675x150 SR4","Concrete Drainage","n/a",,"Precast Concrete Hosuing Inspection Chamber","n/a","Grey","Precast Concrete","Concrete","Chemical Resistance","DC4","Low Carbon","More environmentally friendly than a traditional system, almost 40% less carbon emitted during the concrete casting process","Safety","Significant reduction in health and safety risks associated with using precast concrete","Cost Effective","Greater cost savings associated with using precast concrete over a traditional system","N/A","N/A","Quick and easy installation","No concrete backfill required, in accordance with ‘Sewers for Adoption’ 7th edition","N/A","N/A","N/A","More environmentally friendly than a traditional system, almost 40% less carbon emitted during the concrete casting process","Concrete, Drainage, Precast",,,75,
46111,"Precast Concrete Pipes & Manholes","3. Civils & Landscaping","Concrete Pipe and Rings","FP McCann Ltd","PRE 0300M SKBUTT SR4",,"2378","P02 0300mm SkButtx1.25M CM SR4","Concrete Drainage","n/a",,"Precast Concrete Socket Pipe","n/a","Grey","Precast Concrete","Concrete","Chemical Resistance","DC4","Low Carbon","More environmentally friendly than a traditional system, almost 40% less carbon emitted during the concrete casting process","Safety","Significant reduction in health and safety risks associated with using precast concrete","Cost Effective","Greater cost savings associated with using precast concrete over a traditional system","N/A","N/A","Quick and easy installation","No concrete backfill required, in accordance with ‘Sewers for Adoption’ 7th edition","N/A","N/A","N/A","More environmentally friendly than a traditional system, almost 40% less carbon emitted during the concrete casting process","Concrete, Drainage, Precast",,,75,
46111,"Precast Concrete Pipes & Manholes","3. Civils & Landscaping","Concrete Pipe and Rings","FP McCann Ltd","PRE 0300M SPBUTT SR4",,"2381","P02 0300mm SpButtx1.25M CM SR4","Concrete Drainage","n/a",,"Precast Concrete Spigot Pipe","n/a","Grey","Precast Concrete","Concrete","Chemical Resistance","DC4","Low Carbon","More environmentally friendly than a traditional system, almost 40% less carbon emitted during the concrete casting process","Safety","Significant reduction in health and safety risks associated with using precast concrete","Cost Effective","Greater cost savings associated with using precast concrete over a traditional system","N/A","N/A","Quick and easy installation","No concrete backfill required, in accordance with ‘Sewers for Adoption’ 7th edition","N/A","N/A","N/A","More environmentally friendly than a traditional system, almost 40% less carbon emitted during the concrete casting process","Concrete, Drainage, Precast",,,75,
46111,"Precast Concrete Pipes & Manholes","3. Civils & Landscaping","Concrete Pipe and Rings","FP McCann Ltd","PRE SS 0300 11D B S4",,"1608","P02 0300mm 11.25 deg Bend SR4 ","Concrete Drainage","n/a",,"Precast Concrete Two Piece Bend","n/a","Grey","Precast Concrete","Concrete","Chemical Resistance","DC4","Low Carbon","More environmentally friendly than a traditional system, almost 40% less carbon emitted during the concrete casting process","Safety","Significant reduction in health and safety risks associated with using precast concrete","Cost Effective","Greater cost savings associated with using precast concrete over a traditional system","N/A","N/A","Quick and easy installation","No concrete backfill required, in accordance with ‘Sewers for Adoption’ 7th edition","N/A","N/A","N/A","More environmentally friendly than a traditional system, almost 40% less carbon emitted during the concrete casting process","Concrete, Drainage, Precast",,,75,
46111,"Precast Concrete Pipes & Manholes","3. Civils & Landscaping","Concrete Pipe and Rings","FP McCann Ltd","PRE SEAT 600X600 ECC",,"2878","P20 Seating Slab 600x600op SR4 ECC","Concrete Drainage","n/a",,"Precast Seating Slab","n/a","Grey","Precast Concrete","Concrete","Chemical Resistance","DC4","Low Carbon","More environmentally friendly than a traditional system, almost 40% less carbon emitted during the concrete casting process","Safety","Significant reduction in health and safety risks associated with using precast concrete","Cost Effective","Greater cost savings associated with using precast concrete over a traditional system","N/A","N/A","Quick and easy installation","No concrete backfill required, in accordance with ‘Sewers for Adoption’ 7th edition","N/A","N/A","N/A","More environmentally friendly than a traditional system, almost 40% less carbon emitted during the concrete casting process","Concrete, Drainage, Precast",,,75,
46111,"Precast Concrete Pipes & Manholes","3. Civils & Landscaping","Concrete Pipe and Rings","FP McCann Ltd","PRE SEAT 600X600 SR4",,"1540","P20 Seating Slab 600x600op SR4","Concrete Drainage","n/a",,"Precast Seating Slab","n/a","Grey","Precast Concrete","Concrete","Chemical Resistance","DC4","Low Carbon","More environmentally friendly than a traditional system, almost 40% less carbon emitted during the concrete casting process","Safety","Significant reduction in health and safety risks associated with using precast concrete","Cost Effective","Greater cost savings associated with using precast concrete over a traditional system","N/A","N/A","Quick and easy installation","No concrete backfill required, in accordance with ‘Sewers for Adoption’ 7th edition","N/A","N/A","N/A","More environmentally friendly than a traditional system, almost 40% less carbon emitted during the concrete casting process","Concrete, Drainage, Precast",,,75,"MCCANN-STANDARD-SEATING-RING-600X600-OP.jpg"
46111,"Precast Concrete Pipes & Manholes","3. Civils & Landscaping","Concrete Pipe and Rings","FP McCann Ltd","PRE SEAT 675X675 SR4",,"1541","P20 Seating Slab 675 Sq Op SR4","Concrete Drainage","n/a",,"Precast Seating Slab","n/a","Grey","Precast Concrete","Concrete","Chemical Resistance","DC4","Low Carbon","More environmentally friendly than a traditional system, almost 40% less carbon emitted during the concrete casting process","Safety","Significant reduction in health and safety risks associated with using precast concrete","Cost Effective","Greater cost savings associated with using precast concrete over a traditional system","N/A","N/A","Quick and easy installation","No concrete backfill required, in accordance with ‘Sewers for Adoption’ 7th edition","N/A","N/A","N/A","More environmentally friendly than a traditional system, almost 40% less carbon emitted during the concrete casting process","Concrete, Drainage, Precast",,,75,"MCCANN-STANDARD-SEATING-RING-675X675-OP.jpg"
46111,"Precast Concrete Pipes & Manholes","3. Civils & Landscaping","Concrete Pipe and Rings","FP McCann Ltd","PRE RING 0900X1000S4",,"2779","P10 Man Ring 0900x1000mm SR4","Concrete Drainage","n/a",,"Precast Manhole Ring","n/a","Grey","Precast Concrete","Concrete","Chemical Resistance","DC4","Low Carbon","More environmentally friendly than a traditional system, almost 40% less carbon emitted during the concrete casting process","Safety","Significant reduction in health and safety risks associated with using precast concrete","Cost Effective","Greater cost savings associated with using precast concrete over a traditional system","N/A","N/A","Quick and easy installation","No concrete backfill required, in accordance with ‘Sewers for Adoption’ 7th edition","N/A","N/A","N/A","More environmentally friendly than a traditional system, almost 40% less carbon emitted during the concrete casting process","Concrete, Drainage, Precast",,,75,"MCCANN-CR-900X1000-NO-RUNGSTEP-KM90DV.jpg"
46111,"Precast Concrete Pipes & Manholes","3. Civils & Landscaping","Concrete Pipe and Rings","FP McCann Ltd","PRE RING 0900X0250S4",,"2773","P10 Man Ring 0900x0250mm SR4","Concrete Drainage","n/a",,"Precast Manhole Ring","n/a","Grey","Precast Concrete","Concrete","Chemical Resistance","DC4","Low Carbon","More environmentally friendly than a traditional system, almost 40% less carbon emitted during the concrete casting process","Safety","Significant reduction in health and safety risks associated with using precast concrete","Cost Effective","Greater cost savings associated with using precast concrete over a traditional system","N/A","N/A","Quick and easy installation","No concrete backfill required, in accordance with ‘Sewers for Adoption’ 7th edition","N/A","N/A","N/A","More environmentally friendly than a traditional system, almost 40% less carbon emitted during the concrete casting process","Concrete, Drainage, Precast",,,75,"MCCANN-CR-900X250-NO-RUNGSTEP.jpg"
46111,"Precast Concrete Pipes & Manholes","3. Civils & Landscaping","Concrete Pipe and Rings","FP McCann Ltd","PRE RING 0900X0500S4",,"2775","P10 Man Ring 0900x0500mm SR4","Concrete Drainage","n/a",,"Precast Concrete Manhole Ring","n/a","Grey","Precast Concrete","Concrete","Chemical Resistance","DC4","Low Carbon","More environmentally friendly than a traditional system, almost 40% less carbon emitted during the concrete casting process","Safety","Significant reduction in health and safety risks associated with using precast concrete","Cost Effective","Greater cost savings associated with using precast concrete over a traditional system","N/A","N/A","Quick and easy installation","No concrete backfill required, in accordance with ‘Sewers for Adoption’ 7th edition","N/A","N/A","N/A","More environmentally friendly than a traditional system, almost 40% less carbon emitted during the concrete casting process","Concrete, Drainage, Precast",,,75,"MCCANN-CR-900X500-NO-RUNGSTEP.jpg"
46111,"Precast Concrete Pipes & Manholes","3. Civils & Landscaping","Concrete Pipe and Rings","FP McCann Ltd","PRE RING 0900X0750S4",,"2777","P10 Man Ring 0900x0750mm SR4","Concrete Drainage","n/a",,"Precast Manhole Ring","n/a","Grey","Precast Concrete","Concrete","Chemical Resistance","DC4","Low Carbon","More environmentally friendly than a traditional system, almost 40% less carbon emitted during the concrete casting process","Safety","Significant reduction in health and safety risks associated with using precast concrete","Cost Effective","Greater cost savings associated with using precast concrete over a traditional system","N/A","N/A","Quick and easy installation","No concrete backfill required, in accordance with ‘Sewers for Adoption’ 7th edition","N/A","N/A","N/A","More environmentally friendly than a traditional system, almost 40% less carbon emitted during the concrete casting process","Concrete, Drainage, Precast",,,75,"MCCANN-CR-900X750-NO-RUNGSTEP.jpg"
46111,"Precast Concrete Pipes & Manholes","3. Civils & Landscaping","Concrete Pipe and Rings","FP McCann Ltd","PRE S/WAY 0900X0500S",,"2859","P10 Soakaway 0900x0500 SR4","Concrete Drainage","n/a",,"Precast Concrete Soakaway","n/a","Grey","Precast Concrete","Concrete","Chemical Resistance","DC4","Low Carbon","More environmentally friendly than a traditional system, almost 40% less carbon emitted during the concrete casting process","Safety","Significant reduction in health and safety risks associated with using precast concrete","Cost Effective","Greater cost savings associated with using precast concrete over a traditional system","N/A","N/A","Quick and easy installation","No concrete backfill required, in accordance with ‘Sewers for Adoption’ 7th edition","N/A","N/A","N/A","More environmentally friendly than a traditional system, almost 40% less carbon emitted during the concrete casting process","Concrete, Drainage, Precast",,,75,"MCCANN-CR-900X500-CHAMBER-RING-SOAKAWAY.jpg"
46111,"Precast Concrete Pipes & Manholes","3. Civils & Landscaping","Concrete Pipe and Rings","FP McCann Ltd","PRE S/WAY 0900X0750S",,"2860","P10 Soakaway 0900x0750 SR4","Concrete Drainage","n/a",,"Precast Concrete Soakaway","n/a","Grey","Precast Concrete","Concrete","Chemical Resistance","DC4","Low Carbon","More environmentally friendly than a traditional system, almost 40% less carbon emitted during the concrete casting process","Safety","Significant reduction in health and safety risks associated with using precast concrete","Cost Effective","Greater cost savings associated with using precast concrete over a traditional system","N/A","N/A","Quick and easy installation","No concrete backfill required, in accordance with ‘Sewers for Adoption’ 7th edition","N/A","N/A","N/A","More environmentally friendly than a traditional system, almost 40% less carbon emitted during the concrete casting process","Concrete, Drainage, Precast",,,75,"MCCANN-CR-900X750-CHAMBER-RING-SOAKAWAY.jpg"
46111,"Precast Concrete Pipes & Manholes","3. Civils & Landscaping","Concrete Pipe and Rings","FP McCann Ltd","PRE SOAK 0900X1000",,"2881","P10 Soakaway 0900x1000 SR4","Concrete Drainage","n/a",,"Precast Concrete Soakaway","n/a","Grey","Precast Concrete","Concrete","Chemical Resistance","DC4","Low Carbon","More environmentally friendly than a traditional system, almost 40% less carbon emitted during the concrete casting process","Safety","Significant reduction in health and safety risks associated with using precast concrete","Cost Effective","Greater cost savings associated with using precast concrete over a traditional system","N/A","N/A","Quick and easy installation","No concrete backfill required, in accordance with ‘Sewers for Adoption’ 7th edition","N/A","N/A","N/A","More environmentally friendly than a traditional system, almost 40% less carbon emitted during the concrete casting process","Concrete, Drainage, Precast",,,75,
46111,"Precast Concrete Pipes & Manholes","3. Civils & Landscaping","Concrete Pipe and Rings","FP McCann Ltd","PRE RING 1050X1000S4",,"1384","P10 Man Ring 1050x1000mm SR4","Concrete Drainage","n/a",,"Precast Concrete Manhole Ring","n/a","Grey","Precast Concrete","Concrete","Chemical Resistance","DC4","Low Carbon","More environmentally friendly than a traditional system, almost 40% less carbon emitted during the concrete casting process","Safety","Significant reduction in health and safety risks associated with using precast concrete","Cost Effective","Greater cost savings associated with using precast concrete over a traditional system","N/A","N/A","Quick and easy installation","No concrete backfill required, in accordance with ‘Sewers for Adoption’ 7th edition","N/A","N/A","N/A","More environmentally friendly than a traditional system, almost 40% less carbon emitted during the concrete casting process","Concrete, Drainage, Precast",,,75,
46111,"Precast Concrete Pipes & Manholes","3. Civils & Landscaping","Concrete Pipe and Rings","FP McCann Ltd","PRE RING 1050X0250S4",,"1375","P10 Man Ring 1050x0250mm SR4  ","Concrete Drainage","n/a",,"Precast Concrete Manhole Ring","n/a","Grey","Precast Concrete","Concrete","Chemical Resistance","DC4","Low Carbon","More environmentally friendly than a traditional system, almost 40% less carbon emitted during the concrete casting process","Safety","Significant reduction in health and safety risks associated with using precast concrete","Cost Effective","Greater cost savings associated with using precast concrete over a traditional system","N/A","N/A","Quick and easy installation","No concrete backfill required, in accordance with ‘Sewers for Adoption’ 7th edition","N/A","N/A","N/A","More environmentally friendly than a traditional system, almost 40% less carbon emitted during the concrete casting process","Concrete, Drainage, Precast",,,75,
46111,"Precast Concrete Pipes & Manholes","3. Civils & Landscaping","Concrete Pipe and Rings","FP McCann Ltd","PRE RING 1050X0500S4",,"1378","P10 Man Ring 1050x0500mm SR4  ","Concrete Drainage","n/a",,"Precast Concrete Manhole Ring","n/a","Grey","Precast Concrete","Concrete","Chemical Resistance","DC4","Low Carbon","More environmentally friendly than a traditional system, almost 40% less carbon emitted during the concrete casting process","Safety","Significant reduction in health and safety risks associated with using precast concrete","Cost Effective","Greater cost savings associated with using precast concrete over a traditional system","N/A","N/A","Quick and easy installation","No concrete backfill required, in accordance with ‘Sewers for Adoption’ 7th edition","N/A","N/A","N/A","More environmentally friendly than a traditional system, almost 40% less carbon emitted during the concrete casting process","Concrete, Drainage, Precast",,,75,
46111,"Precast Concrete Pipes & Manholes","3. Civils & Landscaping","Concrete Pipe and Rings","FP McCann Ltd","PRE RING 1050X0750S4",,"1381","P10 Man Ring 1050x0750mm SR4  ","Concrete Drainage","n/a",,"Precast Concrete Manhole Ring","n/a","Grey","Precast Concrete","Concrete","Chemical Resistance","DC4","Low Carbon","More environmentally friendly than a traditional system, almost 40% less carbon emitted during the concrete casting process","Safety","Significant reduction in health and safety risks associated with using precast concrete","Cost Effective","Greater cost savings associated with using precast concrete over a traditional system","N/A","N/A","Quick and easy installation","No concrete backfill required, in accordance with ‘Sewers for Adoption’ 7th edition","N/A","N/A","N/A","More environmentally friendly than a traditional system, almost 40% less carbon emitted during the concrete casting process","Concrete, Drainage, Precast",,,75,
46111,"Precast Concrete Pipes & Manholes","3. Civils & Landscaping","Concrete Pipe and Rings","FP McCann Ltd","PRE S/WAY 1050X0500S",,"2499","P10 Soakaway 1050x0500 SR4    ","Concrete Drainage","n/a",,"Precast Concrete Soakaway 1050","n/a","Grey","Precast Concrete","Concrete","Chemical Resistance","DC4","Low Carbon","More environmentally friendly than a traditional system, almost 40% less carbon emitted during the concrete casting process","Safety","Significant reduction in health and safety risks associated with using precast concrete","Cost Effective","Greater cost savings associated with using precast concrete over a traditional system","N/A","N/A","Quick and easy installation","No concrete backfill required, in accordance with ‘Sewers for Adoption’ 7th edition","N/A","N/A","N/A","More environmentally friendly than a traditional system, almost 40% less carbon emitted during the concrete casting process","Concrete, Drainage, Precast",,,75,"MCCANN-CR-1050X500-CHAMBER-RING-SOAKAWAY.jpg"
46111,"Precast Concrete Pipes & Manholes","3. Civils & Landscaping","Concrete Pipe and Rings","FP McCann Ltd","PRE S/WAY 1050X0750S",,"1478","P10 Soakaway 1050x0750mm SR4","Concrete Drainage","n/a",,"Precast Concrete Soakaway 1050","n/a","Grey","Precast Concrete","Concrete","Chemical Resistance","DC4","Low Carbon","More environmentally friendly than a traditional system, almost 40% less carbon emitted during the concrete casting process","Safety","Significant reduction in health and safety risks associated with using precast concrete","Cost Effective","Greater cost savings associated with using precast concrete over a traditional system","N/A","N/A","Quick and easy installation","No concrete backfill required, in accordance with ‘Sewers for Adoption’ 7th edition","N/A","N/A","N/A","More environmentally friendly than a traditional system, almost 40% less carbon emitted during the concrete casting process","Concrete, Drainage, Precast",,,75,"MCCANN-CR-1050X750-3-RUNGDOUBLE-STEP-SOAKAWAY.jpg"
46111,"Precast Concrete Pipes & Manholes","3. Civils & Landscaping","Concrete Pipe and Rings","FP McCann Ltd","PRE S/WAY1050X1000S4",,"1500","P10 Soakaway 1050x1000 SR4    ","Concrete Drainage","n/a",,"Precast Concrete Soakaway 1050","n/a","Grey","Precast Concrete","Concrete","Chemical Resistance","DC4","Low Carbon","More environmentally friendly than a traditional system, almost 40% less carbon emitted during the concrete casting process","Safety","Significant reduction in health and safety risks associated with using precast concrete","Cost Effective","Greater cost savings associated with using precast concrete over a traditional system","N/A","N/A","Quick and easy installation","No concrete backfill required, in accordance with ‘Sewers for Adoption’ 7th edition","N/A","N/A","N/A","More environmentally friendly than a traditional system, almost 40% less carbon emitted during the concrete casting process","Concrete, Drainage, Precast",,,75,"MCCANN-CR-1050X1000-4-RUNGDOUBLE-STEP-SOAKAWAY.jpg"
46111,"Precast Concrete Pipes & Manholes","3. Civils & Landscaping","Concrete Pipe and Rings","FP McCann Ltd","PRE RING 1050X250 DS",,"2792","P10 Man Ring 1050x0250mm SR4 D/STEP","Concrete Drainage","n/a",,"Precast Concrete Manhole Ring","n/a","Grey","Precast Concrete","Concrete","Chemical Resistance","DC4","Low Carbon","More environmentally friendly than a traditional system, almost 40% less carbon emitted during the concrete casting process","Safety","Significant reduction in health and safety risks associated with using precast concrete","Cost Effective","Greater cost savings associated with using precast concrete over a traditional system","N/A","N/A","Quick and easy installation","No concrete backfill required, in accordance with ‘Sewers for Adoption’ 7th edition","N/A","N/A","N/A","More environmentally friendly than a traditional system, almost 40% less carbon emitted during the concrete casting process","Concrete, Drainage, Precast",,,75,"MCCANN-CR-1050X250-1-RUNGDOUBLE-STEP.jpg"
46111,"Precast Concrete Pipes & Manholes","3. Civils & Landscaping","Concrete Pipe and Rings","FP McCann Ltd","PRE RING 1050X500 DS",,"2795","P10 Man Ring 1050x0500mm SR4 D/STEP","Concrete Drainage","n/a",,"Precast Concrete Manhole Ring","n/a","Grey","Precast Concrete","Concrete","Chemical Resistance","DC4","Low Carbon","More environmentally friendly than a traditional system, almost 40% less carbon emitted during the concrete casting process","Safety","Significant reduction in health and safety risks associated with using precast concrete","Cost Effective","Greater cost savings associated with using precast concrete over a traditional system","N/A","N/A","Quick and easy installation","No concrete backfill required, in accordance with ‘Sewers for Adoption’ 7th edition","N/A","N/A","N/A","More environmentally friendly than a traditional system, almost 40% less carbon emitted during the concrete casting process","Concrete, Drainage, Precast",,,75,"MCCANN-CR-1050X500-2-RUNGDOUBLE-STEP.jpg"
46111,"Precast Concrete Pipes & Manholes","3. Civils & Landscaping","Concrete Pipe and Rings","FP McCann Ltd","PRE RING 1050X750 DS",,"2798","P10 Man Ring 1050x0750mm SR4 D/STEP","Concrete Drainage","n/a",,"Precast Concrete Manhole Ring","n/a","Grey","Precast Concrete","Concrete","Chemical Resistance","DC4","Low Carbon","More environmentally friendly than a traditional system, almost 40% less carbon emitted during the concrete casting process","Safety","Significant reduction in health and safety risks associated with using precast concrete","Cost Effective","Greater cost savings associated with using precast concrete over a traditional system","N/A","N/A","Quick and easy installation","No concrete backfill required, in accordance with ‘Sewers for Adoption’ 7th edition","N/A","N/A","N/A","More environmentally friendly than a traditional system, almost 40% less carbon emitted during the concrete casting process","Concrete, Drainage, Precast",,,75,"MCCANN-CR-1050X750MM-3-RUNGDOUBLE-STEP.jpg"
46111,"Precast Concrete Pipes & Manholes","3. Civils & Landscaping","Concrete Pipe and Rings","FP McCann Ltd","PRE RING 1050X1000DS",,"2788","P10 Man Ring 1050x1000mm SR4 D/STEP","Concrete Drainage","n/a",,"Precast Concrete Manhole Ring","n/a","Grey","Precast Concrete","Concrete","Chemical Resistance","DC4","Low Carbon","More environmentally friendly than a traditional system, almost 40% less carbon emitted during the concrete casting process","Safety","Significant reduction in health and safety risks associated with using precast concrete","Cost Effective","Greater cost savings associated with using precast concrete over a traditional system","N/A","N/A","Quick and easy installation","No concrete backfill required, in accordance with ‘Sewers for Adoption’ 7th edition","N/A","N/A","N/A","More environmentally friendly than a traditional system, almost 40% less carbon emitted during the concrete casting process","Concrete, Drainage, Precast",,,75,"MCCANN-CR-1050X1000-4-RUNGDOUBLE-STEP.jpg"
46111,"Precast Concrete Pipes & Manholes","3. Civils & Landscaping","Concrete Pipe and Rings","FP McCann Ltd","PRE SOAK 1050X500DS",,"2884","P10 Soakaway 1050x0500 SR4 D/STEP","Concrete Drainage","n/a",,"Precast Concrete Soakaway","n/a","Grey","Precast Concrete","Concrete","Chemical Resistance","DC4","Low Carbon","More environmentally friendly than a traditional system, almost 40% less carbon emitted during the concrete casting process","Safety","Significant reduction in health and safety risks associated with using precast concrete","Cost Effective","Greater cost savings associated with using precast concrete over a traditional system","N/A","N/A","Quick and easy installation","No concrete backfill required, in accordance with ‘Sewers for Adoption’ 7th edition","N/A","N/A","N/A","More environmentally friendly than a traditional system, almost 40% less carbon emitted during the concrete casting process","Concrete, Drainage, Precast",,,75,
46111,"Precast Concrete Pipes & Manholes","3. Civils & Landscaping","Concrete Pipe and Rings","FP McCann Ltd","PRE SOAK 1050X750DS",,"2886","P10 Soakaway 1050x0750mm SR4 D/STEP","Concrete Drainage","n/a",,"Precast Concrete Soakaway","n/a","Grey","Precast Concrete","Concrete","Chemical Resistance","DC4","Low Carbon","More environmentally friendly than a traditional system, almost 40% less carbon emitted during the concrete casting process","Safety","Significant reduction in health and safety risks associated with using precast concrete","Cost Effective","Greater cost savings associated with using precast concrete over a traditional system","N/A","N/A","Quick and easy installation","No concrete backfill required, in accordance with ‘Sewers for Adoption’ 7th edition","N/A","N/A","N/A","More environmentally friendly than a traditional system, almost 40% less carbon emitted during the concrete casting process","Concrete, Drainage, Precast",,,75,
46111,"Precast Concrete Pipes & Manholes","3. Civils & Landscaping","Concrete Pipe and Rings","FP McCann Ltd","PRE SOAK 1050X1000DS",,"2882","P10 Soakaway 1050x1000mm SR4 D/STEP","Concrete Drainage","n/a",,"Precast Concrete Soakaway","n/a","Grey","Precast Concrete","Concrete","Chemical Resistance","DC4","Low Carbon","More environmentally friendly than a traditional system, almost 40% less carbon emitted during the concrete casting process","Safety","Significant reduction in health and safety risks associated with using precast concrete","Cost Effective","Greater cost savings associated with using precast concrete over a traditional system","N/A","N/A","Quick and easy installation","No concrete backfill required, in accordance with ‘Sewers for Adoption’ 7th edition","N/A","N/A","N/A","More environmentally friendly than a traditional system, almost 40% less carbon emitted during the concrete casting process","Concrete, Drainage, Precast",,,75,
46111,"Precast Concrete Pipes & Manholes","3. Civils & Landscaping","Concrete Pipe and Rings","FP McCann Ltd","PRE RING 1350X1000S4",,"1410","P10 Man Ring 1350x1000mm SR4  ","Concrete Drainage","n/a",,"Precast Concrete Manhole Ring","n/a","Grey","Precast Concrete","Concrete","Chemical Resistance","DC4","Low Carbon","More environmentally friendly than a traditional system, almost 40% less carbon emitted during the concrete casting process","Safety","Significant reduction in health and safety risks associated with using precast concrete","Cost Effective","Greater cost savings associated with using precast concrete over a traditional system","N/A","N/A","Quick and easy installation","No concrete backfill required, in accordance with ‘Sewers for Adoption’ 7th edition","N/A","N/A","N/A","More environmentally friendly than a traditional system, almost 40% less carbon emitted during the concrete casting process","Concrete, Drainage, Precast",,,75,
46111,"Precast Concrete Pipes & Manholes","3. Civils & Landscaping","Concrete Pipe and Rings","FP McCann Ltd","PRE RING 1350X0500S4",,"1404","P10 Man Ring 1350x0500mm SR4  ","Concrete Drainage","n/a",,"Precast Concrete Manhole Ring","n/a","Grey","Precast Concrete","Concrete","Chemical Resistance","DC4","Low Carbon","More environmentally friendly than a traditional system, almost 40% less carbon emitted during the concrete casting process","Safety","Significant reduction in health and safety risks associated with using precast concrete","Cost Effective","Greater cost savings associated with using precast concrete over a traditional system","N/A","N/A","Quick and easy installation","No concrete backfill required, in accordance with ‘Sewers for Adoption’ 7th edition","N/A","N/A","N/A","More environmentally friendly than a traditional system, almost 40% less carbon emitted during the concrete casting process","Concrete, Drainage, Precast",,,75,
46111,"Precast Concrete Pipes & Manholes","3. Civils & Landscaping","Concrete Pipe and Rings","FP McCann Ltd","PRE RING 1350X0750S4",,"1407","P10 Man Ring 1350x0750mm SR4  ","Concrete Drainage","n/a",,"Precast Concrete Manhole Ring","n/a","Grey","Precast Concrete","Concrete","Chemical Resistance","DC4","Low Carbon","More environmentally friendly than a traditional system, almost 40% less carbon emitted during the concrete casting process","Safety","Significant reduction in health and safety risks associated with using precast concrete","Cost Effective","Greater cost savings associated with using precast concrete over a traditional system","N/A","N/A","Quick and easy installation","No concrete backfill required, in accordance with ‘Sewers for Adoption’ 7th edition","N/A","N/A","N/A","More environmentally friendly than a traditional system, almost 40% less carbon emitted during the concrete casting process","Concrete, Drainage, Precast",,,75,"MCCANN-CR-1350x750.jpg"
46111,"Precast Concrete Pipes & Manholes","3. Civils & Landscaping","Concrete Pipe and Rings","FP McCann Ltd","PRE S/WAY1350X0500S4",,"2861","P10 Soakaway 1350x0500 SR4","Concrete Drainage","n/a",,"Precast Concrete Soakaway","n/a","Grey","Precast Concrete","Concrete","Chemical Resistance","DC4","Low Carbon","More environmentally friendly than a traditional system, almost 40% less carbon emitted during the concrete casting process","Safety","Significant reduction in health and safety risks associated with using precast concrete","Cost Effective","Greater cost savings associated with using precast concrete over a traditional system","N/A","N/A","Quick and easy installation","No concrete backfill required, in accordance with ‘Sewers for Adoption’ 7th edition","N/A","N/A","N/A","More environmentally friendly than a traditional system, almost 40% less carbon emitted during the concrete casting process","Concrete, Drainage, Precast",,,75,"MCCANN-CR-1350X500-2-RUNGDOUBLE-STEP-SOAKAWAY.jpg"
46111,"Precast Concrete Pipes & Manholes","3. Civils & Landscaping","Concrete Pipe and Rings","FP McCann Ltd","PRE S/WAY1350X0750S4",,"2862","P10 Soakaway 1350x0750 SR4","Concrete Drainage","n/a",,"Precast Concrete Soakaway","n/a","Grey","Precast Concrete","Concrete","Chemical Resistance","DC4","Low Carbon","More environmentally friendly than a traditional system, almost 40% less carbon emitted during the concrete casting process","Safety","Significant reduction in health and safety risks associated with using precast concrete","Cost Effective","Greater cost savings associated with using precast concrete over a traditional system","N/A","N/A","Quick and easy installation","No concrete backfill required, in accordance with ‘Sewers for Adoption’ 7th edition","N/A","N/A","N/A","More environmentally friendly than a traditional system, almost 40% less carbon emitted during the concrete casting process","Concrete, Drainage, Precast",,,75,"MCCANN-CR-1350x750-Soakaway.jpg"
46111,"Precast Concrete Pipes & Manholes","3. Civils & Landscaping","Concrete Pipe and Rings","FP McCann Ltd","PRE S/WAY1350X1000S4",,"1502","P10 Soakaway 1350x1000 SR4    ","Concrete Drainage","n/a",,"Precast Concrete Soakaway","n/a","Grey","Precast Concrete","Concrete","Chemical Resistance","DC4","Low Carbon","More environmentally friendly than a traditional system, almost 40% less carbon emitted during the concrete casting process","Safety","Significant reduction in health and safety risks associated with using precast concrete","Cost Effective","Greater cost savings associated with using precast concrete over a traditional system","N/A","N/A","Quick and easy installation","No concrete backfill required, in accordance with ‘Sewers for Adoption’ 7th edition","N/A","N/A","N/A","More environmentally friendly than a traditional system, almost 40% less carbon emitted during the concrete casting process","Concrete, Drainage, Precast",,,75,"MCCANN-CR-1350X1000-4-RUNGDOUBLE-STEP-SOAKAWAY.jpg"
46111,"Precast Concrete Pipes & Manholes","3. Civils & Landscaping","Concrete Pipe and Rings","FP McCann Ltd","PRE RING 1350X500 DS",,"2819","P10 Man Ring 1350x0500mm SR4 D/STEP","Concrete Drainage","n/a",,"Precast Concrete Manhole Ring","n/a","Grey","Precast Concrete","Concrete","Chemical Resistance","DC4","Low Carbon","More environmentally friendly than a traditional system, almost 40% less carbon emitted during the concrete casting process","Safety","Significant reduction in health and safety risks associated with using precast concrete","Cost Effective","Greater cost savings associated with using precast concrete over a traditional system","N/A","N/A","Quick and easy installation","No concrete backfill required, in accordance with ‘Sewers for Adoption’ 7th edition","N/A","N/A","N/A","More environmentally friendly than a traditional system, almost 40% less carbon emitted during the concrete casting process","Concrete, Drainage, Precast",,,75,"MCCANN-CR-1350X500-2-RUNGDOUBLE-STEP.jpg"
46111,"Precast Concrete Pipes & Manholes","3. Civils & Landscaping","Concrete Pipe and Rings","FP McCann Ltd","PRE RING 1350X750 DS",,"2821","P10 Man Ring 1350x0750mm SR4 D/STEP","Concrete Drainage","n/a",,"Precast Concrete Manhole Ring","n/a","Grey","Precast Concrete","Concrete","Chemical Resistance","DC4","Low Carbon","More environmentally friendly than a traditional system, almost 40% less carbon emitted during the concrete casting process","Safety","Significant reduction in health and safety risks associated with using precast concrete","Cost Effective","Greater cost savings associated with using precast concrete over a traditional system","N/A","N/A","Quick and easy installation","No concrete backfill required, in accordance with ‘Sewers for Adoption’ 7th edition","N/A","N/A","N/A","More environmentally friendly than a traditional system, almost 40% less carbon emitted during the concrete casting process","Concrete, Drainage, Precast",,,75,
46111,"Precast Concrete Pipes & Manholes","3. Civils & Landscaping","Concrete Pipe and Rings","FP McCann Ltd","PRE RING 1350X1000DS",,"2817","P10 Man Ring 1350x1000mm SR4 D/STEP","Concrete Drainage","n/a",,"Precast Concrete Manhole Ring","n/a","Grey","Precast Concrete","Concrete","Chemical Resistance","DC4","Low Carbon","More environmentally friendly than a traditional system, almost 40% less carbon emitted during the concrete casting process","Safety","Significant reduction in health and safety risks associated with using precast concrete","Cost Effective","Greater cost savings associated with using precast concrete over a traditional system","N/A","N/A","Quick and easy installation","No concrete backfill required, in accordance with ‘Sewers for Adoption’ 7th edition","N/A","N/A","N/A","More environmentally friendly than a traditional system, almost 40% less carbon emitted during the concrete casting process","Concrete, Drainage, Precast",,,75,"MCCANN-CR-1350X1000-4-RUNGDOUBLE-STEP.jpg"
46111,"Precast Concrete Pipes & Manholes","3. Civils & Landscaping","Concrete Pipe and Rings","FP McCann Ltd","PRE SOAK 1350X500 DS",,"2896","P10 Soakaway 1350x0500 SR4 D/STEP","Concrete Drainage","n/a",,"Precast Concrete Soakaway","n/a","Grey","Precast Concrete","Concrete","Chemical Resistance","DC4","Low Carbon","More environmentally friendly than a traditional system, almost 40% less carbon emitted during the concrete casting process","Safety","Significant reduction in health and safety risks associated with using precast concrete","Cost Effective","Greater cost savings associated with using precast concrete over a traditional system","N/A","N/A","Quick and easy installation","No concrete backfill required, in accordance with ‘Sewers for Adoption’ 7th edition","N/A","N/A","N/A","More environmentally friendly than a traditional system, almost 40% less carbon emitted during the concrete casting process","Concrete, Drainage, Precast",,,75,
46111,"Precast Concrete Pipes & Manholes","3. Civils & Landscaping","Concrete Pipe and Rings","FP McCann Ltd","PRE SOAK 1350X750 DS",,"2898","P10 Soakaway 1350x0750 SR4 D/STEP","Concrete Drainage","n/a",,"Precast Concrete Soakaway","n/a","Grey","Precast Concrete","Concrete","Chemical Resistance","DC4","Low Carbon","More environmentally friendly than a traditional system, almost 40% less carbon emitted during the concrete casting process","Safety","Significant reduction in health and safety risks associated with using precast concrete","Cost Effective","Greater cost savings associated with using precast concrete over a traditional system","N/A","N/A","Quick and easy installation","No concrete backfill required, in accordance with ‘Sewers for Adoption’ 7th edition","N/A","N/A","N/A","More environmentally friendly than a traditional system, almost 40% less carbon emitted during the concrete casting process","Concrete, Drainage, Precast",,,75,
46111,"Precast Concrete Pipes & Manholes","3. Civils & Landscaping","Concrete Pipe and Rings","FP McCann Ltd","PRE SOAK 1350X1000DS",,"2894","P10 Soakaway 1350x1000 SR4 D/STEP","Concrete Drainage","n/a",,"Precast Concrete Soakaway","n/a","Grey","Precast Concrete","Concrete","Chemical Resistance","DC4","Low Carbon","More environmentally friendly than a traditional system, almost 40% less carbon emitted during the concrete casting process","Safety","Significant reduction in health and safety risks associated with using precast concrete","Cost Effective","Greater cost savings associated with using precast concrete over a traditional system","N/A","N/A","Quick and easy installation","No concrete backfill required, in accordance with ‘Sewers for Adoption’ 7th edition","N/A","N/A","N/A","More environmentally friendly than a traditional system, almost 40% less carbon emitted during the concrete casting process","Concrete, Drainage, Precast",,,75,
46111,"Precast Concrete Pipes & Manholes","3. Civils & Landscaping","Concrete Pipe and Rings","FP McCann Ltd","PRE RING 1500X1000S4",,"1422","P10 Man Ring 1500x1000mm SR4  ","Concrete Drainage","n/a",,"Precast Concrete Manhole Ring","n/a","Grey","Precast Concrete","Concrete","Chemical Resistance","DC4","Low Carbon","More environmentally friendly than a traditional system, almost 40% less carbon emitted during the concrete casting process","Safety","Significant reduction in health and safety risks associated with using precast concrete","Cost Effective","Greater cost savings associated with using precast concrete over a traditional system","N/A","N/A","Quick and easy installation","No concrete backfill required, in accordance with ‘Sewers for Adoption’ 7th edition","N/A","N/A","N/A","More environmentally friendly than a traditional system, almost 40% less carbon emitted during the concrete casting process","Concrete, Drainage, Precast",,,75,
46111,"Precast Concrete Pipes & Manholes","3. Civils & Landscaping","Concrete Pipe and Rings","FP McCann Ltd","PRE RING 1500X0500S4",,"1416","P10 Man Ring 1500x0500mm SR4  ","Concrete Drainage","n/a",,"Precast Concrete Manhole Ring","n/a","Grey","Precast Concrete","Concrete","Chemical Resistance","DC4","Low Carbon","More environmentally friendly than a traditional system, almost 40% less carbon emitted during the concrete casting process","Safety","Significant reduction in health and safety risks associated with using precast concrete","Cost Effective","Greater cost savings associated with using precast concrete over a traditional system","N/A","N/A","Quick and easy installation","No concrete backfill required, in accordance with ‘Sewers for Adoption’ 7th edition","N/A","N/A","N/A","More environmentally friendly than a traditional system, almost 40% less carbon emitted during the concrete casting process","Concrete, Drainage, Precast",,,75,
46111,"Precast Concrete Pipes & Manholes","3. Civils & Landscaping","Concrete Pipe and Rings","FP McCann Ltd","PRE RING 1500X0750S4",,"1419","P10 Man Ring 1500x0750mm SR4  ","Concrete Drainage","n/a",,"Precast Concrete Manhole Ring","n/a","Grey","Precast Concrete","Concrete","Chemical Resistance","DC4","Low Carbon","More environmentally friendly than a traditional system, almost 40% less carbon emitted during the concrete casting process","Safety","Significant reduction in health and safety risks associated with using precast concrete","Cost Effective","Greater cost savings associated with using precast concrete over a traditional system","N/A","N/A","Quick and easy installation","No concrete backfill required, in accordance with ‘Sewers for Adoption’ 7th edition","N/A","N/A","N/A","More environmentally friendly than a traditional system, almost 40% less carbon emitted during the concrete casting process","Concrete, Drainage, Precast",,,75,
46111,"Precast Concrete Pipes & Manholes","3. Civils & Landscaping","Concrete Pipe and Rings","FP McCann Ltd","PRE S/WAY1500X0500S4",,"1503","P10 Soakaway 1500x0500mm SR4  ","Concrete Drainage","n/a",,"Precast Concrete Soakaway","n/a","Grey","Precast Concrete","Concrete","Chemical Resistance","DC4","Low Carbon","More environmentally friendly than a traditional system, almost 40% less carbon emitted during the concrete casting process","Safety","Significant reduction in health and safety risks associated with using precast concrete","Cost Effective","Greater cost savings associated with using precast concrete over a traditional system","N/A","N/A","Quick and easy installation","No concrete backfill required, in accordance with ‘Sewers for Adoption’ 7th edition","N/A","N/A","N/A","More environmentally friendly than a traditional system, almost 40% less carbon emitted during the concrete casting process","Concrete, Drainage, Precast",,,75,"MCCANN-CR-1500X500-2-RUNGDOUBLE-STEP-SOAKAWAY.jpg"
46111,"Precast Concrete Pipes & Manholes","3. Civils & Landscaping","Concrete Pipe and Rings","FP McCann Ltd","PRE S/WAY 1500X0750 ",,"1487","P10 Soakaway 1500x0750mm SR4  ","Concrete Drainage","n/a",,"Precast Concrete Soakaway","n/a","Grey","Precast Concrete","Concrete","Chemical Resistance","DC4","Low Carbon","More environmentally friendly than a traditional system, almost 40% less carbon emitted during the concrete casting process","Safety","Significant reduction in health and safety risks associated with using precast concrete","Cost Effective","Greater cost savings associated with using precast concrete over a traditional system","N/A","N/A","Quick and easy installation","No concrete backfill required, in accordance with ‘Sewers for Adoption’ 7th edition","N/A","N/A","N/A","More environmentally friendly than a traditional system, almost 40% less carbon emitted during the concrete casting process","Concrete, Drainage, Precast",,,75,
46111,"Precast Concrete Pipes & Manholes","3. Civils & Landscaping","Concrete Pipe and Rings","FP McCann Ltd","PRE S/WAY1500X1000S4",,"1504","P10 Soakaway 1500x1000 SR4    ","Concrete Drainage","n/a",,"Precast Concrete Soakaway","n/a","Grey","Precast Concrete","Concrete","Chemical Resistance","DC4","Low Carbon","More environmentally friendly than a traditional system, almost 40% less carbon emitted during the concrete casting process","Safety","Significant reduction in health and safety risks associated with using precast concrete","Cost Effective","Greater cost savings associated with using precast concrete over a traditional system","N/A","N/A","Quick and easy installation","No concrete backfill required, in accordance with ‘Sewers for Adoption’ 7th edition","N/A","N/A","N/A","More environmentally friendly than a traditional system, almost 40% less carbon emitted during the concrete casting process","Concrete, Drainage, Precast",,,75,"MCCANN-CR-1500X1000-4-RUNGDOUBLE-STEP-SOAKAWAY.jpg"
46111,"Precast Concrete Pipes & Manholes","3. Civils & Landscaping","Concrete Pipe and Rings","FP McCann Ltd","PRE RING 1500X500 DS",,"2825","P10 Man Ring 1500x0500mm SR4 D/STEP","Concrete Drainage","n/a",,"Precast Concrete Manhole Ring","n/a","Grey","Precast Concrete","Concrete","Chemical Resistance","DC4","Low Carbon","More environmentally friendly than a traditional system, almost 40% less carbon emitted during the concrete casting process","Safety","Significant reduction in health and safety risks associated with using precast concrete","Cost Effective","Greater cost savings associated with using precast concrete over a traditional system","N/A","N/A","Quick and easy installation","No concrete backfill required, in accordance with ‘Sewers for Adoption’ 7th edition","N/A","N/A","N/A","More environmentally friendly than a traditional system, almost 40% less carbon emitted during the concrete casting process","Concrete, Drainage, Precast",,,75,"MCCANN-CR-1500X500-2-RUNGDOUBLE-STEP.jpg"
46111,"Precast Concrete Pipes & Manholes","3. Civils & Landscaping","Concrete Pipe and Rings","FP McCann Ltd","PRE RING 1500X750 DS",,"2827","P10 Man Ring 1500x0750mm SR4 D/STEP","Concrete Drainage","n/a",,"Precast Concrete Manhole Ring","n/a","Grey","Precast Concrete","Concrete","Chemical Resistance","DC4","Low Carbon","More environmentally friendly than a traditional system, almost 40% less carbon emitted during the concrete casting process","Safety","Significant reduction in health and safety risks associated with using precast concrete","Cost Effective","Greater cost savings associated with using precast concrete over a traditional system","N/A","N/A","Quick and easy installation","No concrete backfill required, in accordance with ‘Sewers for Adoption’ 7th edition","N/A","N/A","N/A","More environmentally friendly than a traditional system, almost 40% less carbon emitted during the concrete casting process","Concrete, Drainage, Precast",,,75,"MCCANN-CR-1500X750-3-RUNGDOUBLE-STEP.jpg"
46111,"Precast Concrete Pipes & Manholes","3. Civils & Landscaping","Concrete Pipe and Rings","FP McCann Ltd","PRE RING 1500X1000DS",,"2823","P10 Man Ring 1500x1000mm SR4 D/STEP","Concrete Drainage","n/a",,"Precast Concrete Manhole Ring","n/a","Grey","Precast Concrete","Concrete","Chemical Resistance","DC4","Low Carbon","More environmentally friendly than a traditional system, almost 40% less carbon emitted during the concrete casting process","Safety","Significant reduction in health and safety risks associated with using precast concrete","Cost Effective","Greater cost savings associated with using precast concrete over a traditional system","N/A","N/A","Quick and easy installation","No concrete backfill required, in accordance with ‘Sewers for Adoption’ 7th edition","N/A","N/A","N/A","More environmentally friendly than a traditional system, almost 40% less carbon emitted during the concrete casting process","Concrete, Drainage, Precast",,,75,"MCCANN-CR-1500X1000-4-RUNGDOUBLE-STEP.jpg"
46111,"Precast Concrete Pipes & Manholes","3. Civils & Landscaping","Concrete Pipe and Rings","FP McCann Ltd","PRE SOAK 1500X500 DS",,"2902","P10 Soakaway 1500x0500mm SR4 D/STEP","Concrete Drainage","n/a",,"Precast Concrete Soakaway 1500","n/a","Grey","Precast Concrete","Concrete","Chemical Resistance","DC4","Low Carbon","More environmentally friendly than a traditional system, almost 40% less carbon emitted during the concrete casting process","Safety","Significant reduction in health and safety risks associated with using precast concrete","Cost Effective","Greater cost savings associated with using precast concrete over a traditional system","N/A","N/A","Quick and easy installation","No concrete backfill required, in accordance with ‘Sewers for Adoption’ 7th edition","N/A","N/A","N/A","More environmentally friendly than a traditional system, almost 40% less carbon emitted during the concrete casting process","Concrete, Drainage, Precast",,,75,
46111,"Precast Concrete Pipes & Manholes","3. Civils & Landscaping","Concrete Pipe and Rings","FP McCann Ltd","PRE SOAK 1500X750 DS",,"2904","P10 Soakaway 1500x0750mm SR4 D/STEP","Concrete Drainage","n/a",,"Precast Concrete Soakaway 1500","n/a","Grey","Precast Concrete","Concrete","Chemical Resistance","DC4","Low Carbon","More environmentally friendly than a traditional system, almost 40% less carbon emitted during the concrete casting process","Safety","Significant reduction in health and safety risks associated with using precast concrete","Cost Effective","Greater cost savings associated with using precast concrete over a traditional system","N/A","N/A","Quick and easy installation","No concrete backfill required, in accordance with ‘Sewers for Adoption’ 7th edition","N/A","N/A","N/A","More environmentally friendly than a traditional system, almost 40% less carbon emitted during the concrete casting process","Concrete, Drainage, Precast",,,75,
46111,"Precast Concrete Pipes & Manholes","3. Civils & Landscaping","Concrete Pipe and Rings","FP McCann Ltd","PRE SOAK 1500X1000DS",,"2900","P10 Soakaway 1500x1000 SR4 D/STEP","Concrete Drainage","n/a",,"Precast Concrete Soakaway 1500","n/a","Grey","Precast Concrete","Concrete","Chemical Resistance","DC4","Low Carbon","More environmentally friendly than a traditional system, almost 40% less carbon emitted during the concrete casting process","Safety","Significant reduction in health and safety risks associated with using precast concrete","Cost Effective","Greater cost savings associated with using precast concrete over a traditional system","N/A","N/A","Quick and easy installation","No concrete backfill required, in accordance with ‘Sewers for Adoption’ 7th edition","N/A","N/A","N/A","More environmentally friendly than a traditional system, almost 40% less carbon emitted during the concrete casting process","Concrete, Drainage, Precast",,,75,
46111,"Precast Concrete Pipes & Manholes","3. Civils & Landscaping","Concrete Pipe and Rings","FP McCann Ltd","PRE RING 1200X1000S4",,"1398","P10 Man Ring 1200x1000mm SR4  ","Concrete Drainage","n/a",,"Precast Concrete Manhole Ring","n/a","Grey","Precast Concrete","Concrete","Chemical Resistance","DC4","Low Carbon","More environmentally friendly than a traditional system, almost 40% less carbon emitted during the concrete casting process","Safety","Significant reduction in health and safety risks associated with using precast concrete","Cost Effective","Greater cost savings associated with using precast concrete over a traditional system","N/A","N/A","Quick and easy installation","No concrete backfill required, in accordance with ‘Sewers for Adoption’ 7th edition","N/A","N/A","N/A","More environmentally friendly than a traditional system, almost 40% less carbon emitted during the concrete casting process","Concrete, Drainage, Precast",,,75,
46111,"Precast Concrete Pipes & Manholes","3. Civils & Landscaping","Concrete Pipe and Rings","FP McCann Ltd","PRE RING 1200X0250S4",,"1389","P10 Man Ring 1200x0250mm SR4  ","Concrete Drainage","n/a",,"Precast Concrete Manhole Ring","n/a","Grey","Precast Concrete","Concrete","Chemical Resistance","DC4","Low Carbon","More environmentally friendly than a traditional system, almost 40% less carbon emitted during the concrete casting process","Safety","Significant reduction in health and safety risks associated with using precast concrete","Cost Effective","Greater cost savings associated with using precast concrete over a traditional system","N/A","N/A","Quick and easy installation","No concrete backfill required, in accordance with ‘Sewers for Adoption’ 7th edition","N/A","N/A","N/A","More environmentally friendly than a traditional system, almost 40% less carbon emitted during the concrete casting process","Concrete, Drainage, Precast",,,75,
46111,"Precast Concrete Pipes & Manholes","3. Civils & Landscaping","Concrete Pipe and Rings","FP McCann Ltd","PRE RING 1200X0500S4",,"1392","P10 Man Ring 1200x0500mm SR4  ","Concrete Drainage","n/a",,"Precast Concrete Manhole Ring","n/a","Grey","Precast Concrete","Concrete","Chemical Resistance","DC4","Low Carbon","More environmentally friendly than a traditional system, almost 40% less carbon emitted during the concrete casting process","Safety","Significant reduction in health and safety risks associated with using precast concrete","Cost Effective","Greater cost savings associated with using precast concrete over a traditional system","N/A","N/A","Quick and easy installation","No concrete backfill required, in accordance with ‘Sewers for Adoption’ 7th edition","N/A","N/A","N/A","More environmentally friendly than a traditional system, almost 40% less carbon emitted during the concrete casting process","Concrete, Drainage, Precast",,,75,
46111,"Precast Concrete Pipes & Manholes","3. Civils & Landscaping","Concrete Pipe and Rings","FP McCann Ltd","PRE SS 0300 22D B S4",,"3383","P02 0300mm 22.5 deg Bend SR4","Concrete Drainage","n/a",,"Precast Concrete Two Piece Bend","n/a","Grey","Precast Concrete","Concrete","Chemical Resistance","DC4","Low Carbon","More environmentally friendly than a traditional system, almost 40% less carbon emitted during the concrete casting process","Safety","Significant reduction in health and safety risks associated with using precast concrete","Cost Effective","Greater cost savings associated with using precast concrete over a traditional system","N/A","N/A","Quick and easy installation","No concrete backfill required, in accordance with ‘Sewers for Adoption’ 7th edition","N/A","N/A","N/A","More environmentally friendly than a traditional system, almost 40% less carbon emitted during the concrete casting process","Concrete, Drainage, Precast",,,75,
46111,"Precast Concrete Pipes & Manholes","3. Civils & Landscaping","Concrete Pipe and Rings","FP McCann Ltd","PRE SS 0300 45D B S4",,"1611","P02 0300mm 45 deg Bend SR4    ","Concrete Drainage","n/a",,"Precast Concrete Two Piece Bend","n/a","Grey","Precast Concrete","Concrete","Chemical Resistance","DC4","Low Carbon","More environmentally friendly than a traditional system, almost 40% less carbon emitted during the concrete casting process","Safety","Significant reduction in health and safety risks associated with using precast concrete","Cost Effective","Greater cost savings associated with using precast concrete over a traditional system","N/A","N/A","Quick and easy installation","No concrete backfill required, in accordance with ‘Sewers for Adoption’ 7th edition","N/A","N/A","N/A","More environmentally friendly than a traditional system, almost 40% less carbon emitted during the concrete casting process","Concrete, Drainage, Precast",,,75,
46111,"Precast Concrete Pipes & Manholes","3. Civils & Landscaping","Concrete Pipe and Rings","FP McCann Ltd","PRE SS 0300 90D B S4",,"1614","P02 0300mm 90 deg Bend SR4    ","Concrete Drainage","n/a",,"Precast Concrete Three Piece Bend Pipe","n/a","Grey","Precast Concrete","Concrete","Chemical Resistance","DC4","Low Carbon","More environmentally friendly than a traditional system, almost 40% less carbon emitted during the concrete casting process","Safety","Significant reduction in health and safety risks associated with using precast concrete","Cost Effective","Greater cost savings associated with using precast concrete over a traditional system","N/A","N/A","Quick and easy installation","No concrete backfill required, in accordance with ‘Sewers for Adoption’ 7th edition","N/A","N/A","N/A","More environmentally friendly than a traditional system, almost 40% less carbon emitted during the concrete casting process","Concrete, Drainage, Precast",,,75,
46111,"Precast Concrete Pipes & Manholes","3. Civils & Landscaping","Concrete Pipe and Rings","FP McCann Ltd","PRE 0300 SKBTX0.6SR4",,"3325","P02 0300mm SkButtx0.6m CM SR4","Concrete Drainage","n/a",,"Precast Concrete Socket Pipe","n/a","Grey","Precast Concrete","Concrete","Chemical Resistance","DC4","Low Carbon","More environmentally friendly than a traditional system, almost 40% less carbon emitted during the concrete casting process","Safety","Significant reduction in health and safety risks associated with using precast concrete","Cost Effective","Greater cost savings associated with using precast concrete over a traditional system","N/A","N/A","Quick and easy installation","No concrete backfill required, in accordance with ‘Sewers for Adoption’ 7th edition","N/A","N/A","N/A","More environmentally friendly than a traditional system, almost 40% less carbon emitted during the concrete casting process","Concrete, Drainage, Precast",,,75,
46111,"Precast Concrete Pipes & Manholes","3. Civils & Landscaping","Concrete Pipe and Rings","FP McCann Ltd","PRE 0300 SPBTX0.6SR4",,"3323","P02 0300mm SpButtx0.6m CM SR4","Concrete Drainage","n/a",,"Precast Concrete Spigot Pipe","n/a","Grey","Precast Concrete","Concrete","Chemical Resistance","DC4","Low Carbon","More environmentally friendly than a traditional system, almost 40% less carbon emitted during the concrete casting process","Safety","Significant reduction in health and safety risks associated with using precast concrete","Cost Effective","Greater cost savings associated with using precast concrete over a traditional system","N/A","N/A","Quick and easy installation","No concrete backfill required, in accordance with ‘Sewers for Adoption’ 7th edition","N/A","N/A","N/A","More environmentally friendly than a traditional system, almost 40% less carbon emitted during the concrete casting process","Concrete, Drainage, Precast",,,75,
46111,"Precast Concrete Pipes & Manholes","3. Civils & Landscaping","Concrete Pipe and Rings","FP McCann Ltd","PRE 0375H SKBUTT SR4",,"2399","P02 0375mm SkButtx0.6m CH SR4","Concrete Drainage","n/a",,"Precast Concrete Socket Pipe","n/a","Grey","Precast Concrete","Concrete","Chemical Resistance","DC4","Low Carbon","More environmentally friendly than a traditional system, almost 40% less carbon emitted during the concrete casting process","Safety","Significant reduction in health and safety risks associated with using precast concrete","Cost Effective","Greater cost savings associated with using precast concrete over a traditional system","N/A","N/A","Quick and easy installation","No concrete backfill required, in accordance with ‘Sewers for Adoption’ 7th edition","N/A","N/A","N/A","More environmentally friendly than a traditional system, almost 40% less carbon emitted during the concrete casting process","Concrete, Drainage, Precast",,,75,
46111,"Precast Concrete Pipes & Manholes","3. Civils & Landscaping","Concrete Pipe and Rings","FP McCann Ltd","PRE 0375H SPBUTT SR4",,"2402","P02 0375mm SpButtx0.6m CH SR4","Concrete Drainage","n/a",,"Precast Concrete Spigot Pipe","n/a","Grey","Precast Concrete","Concrete","Chemical Resistance","DC4","Low Carbon","More environmentally friendly than a traditional system, almost 40% less carbon emitted during the concrete casting process","Safety","Significant reduction in health and safety risks associated with using precast concrete","Cost Effective","Greater cost savings associated with using precast concrete over a traditional system","N/A","N/A","Quick and easy installation","No concrete backfill required, in accordance with ‘Sewers for Adoption’ 7th edition","N/A","N/A","N/A","More environmentally friendly than a traditional system, almost 40% less carbon emitted during the concrete casting process","Concrete, Drainage, Precast",,,75,
46111,"Precast Concrete Pipes & Manholes","3. Civils & Landscaping","Concrete Pipe and Rings","FP McCann Ltd","PRE SS 0375 11D B S4",,"1630","P02 0375mm 11.25 deg Bend SR4 ","Concrete Drainage","n/a",,"Precast Concrete Two Piece Bend","n/a","Grey","Precast Concrete","Concrete","Chemical Resistance","DC4","Low Carbon","More environmentally friendly than a traditional system, almost 40% less carbon emitted during the concrete casting process","Safety","Significant reduction in health and safety risks associated with using precast concrete","Cost Effective","Greater cost savings associated with using precast concrete over a traditional system","N/A","N/A","Quick and easy installation","No concrete backfill required, in accordance with ‘Sewers for Adoption’ 7th edition","N/A","N/A","N/A","More environmentally friendly than a traditional system, almost 40% less carbon emitted during the concrete casting process","Concrete, Drainage, Precast",,,75,
46111,"Precast Concrete Pipes & Manholes","3. Civils & Landscaping","Concrete Pipe and Rings","FP McCann Ltd","PRE SS 0375 22D B S4",,"1633","P02 0375mm 22.5 deg Bend SR4  ","Concrete Drainage","n/a",,"Precast Concrete Two Piece Bend","n/a","Grey","Precast Concrete","Concrete","Chemical Resistance","DC4","Low Carbon","More environmentally friendly than a traditional system, almost 40% less carbon emitted during the concrete casting process","Safety","Significant reduction in health and safety risks associated with using precast concrete","Cost Effective","Greater cost savings associated with using precast concrete over a traditional system","N/A","N/A","Quick and easy installation","No concrete backfill required, in accordance with ‘Sewers for Adoption’ 7th edition","N/A","N/A","N/A","More environmentally friendly than a traditional system, almost 40% less carbon emitted during the concrete casting process","Concrete, Drainage, Precast",,,75,
46111,"Precast Concrete Pipes & Manholes","3. Civils & Landscaping","Concrete Pipe and Rings","FP McCann Ltd","PRE SS 0375 30D B S4",,"3225","P02 0375mm 30 deg Bend SR4","Concrete Drainage","n/a",,"Precast Concrete Two Piece Bend","n/a","Grey","Precast Concrete","Concrete","Chemical Resistance","DC4","Low Carbon","More environmentally friendly than a traditional system, almost 40% less carbon emitted during the concrete casting process","Safety","Significant reduction in health and safety risks associated with using precast concrete","Cost Effective","Greater cost savings associated with using precast concrete over a traditional system","N/A","N/A","Quick and easy installation","No concrete backfill required, in accordance with ‘Sewers for Adoption’ 7th edition","N/A","N/A","N/A","More environmentally friendly than a traditional system, almost 40% less carbon emitted during the concrete casting process","Concrete, Drainage, Precast",,,75,
46111,"Precast Concrete Pipes & Manholes","3. Civils & Landscaping","Concrete Pipe and Rings","FP McCann Ltd","PRE SS 0375 45D B S4",,"1636","P02 0375mm 45 deg Bend SR4    ","Concrete Drainage","n/a",,"Precast Concrete Two Piece Bend","n/a","Grey","Precast Concrete","Concrete","Chemical Resistance","DC4","Low Carbon","More environmentally friendly than a traditional system, almost 40% less carbon emitted during the concrete casting process","Safety","Significant reduction in health and safety risks associated with using precast concrete","Cost Effective","Greater cost savings associated with using precast concrete over a traditional system","N/A","N/A","Quick and easy installation","No concrete backfill required, in accordance with ‘Sewers for Adoption’ 7th edition","N/A","N/A","N/A","More environmentally friendly than a traditional system, almost 40% less carbon emitted during the concrete casting process","Concrete, Drainage, Precast",,,75,
46111,"Precast Concrete Pipes & Manholes","3. Civils & Landscaping","Concrete Pipe and Rings","FP McCann Ltd","PRE SS 0375 90D B S4",,"1639","P02 0375mm 90 deg Bend SR4    ","Concrete Drainage","n/a",,"Precast Concrete Three Piece Bend Pipe","n/a","Grey","Precast Concrete","Concrete","Chemical Resistance","DC4","Low Carbon","More environmentally friendly than a traditional system, almost 40% less carbon emitted during the concrete casting process","Safety","Significant reduction in health and safety risks associated with using precast concrete","Cost Effective","Greater cost savings associated with using precast concrete over a traditional system","N/A","N/A","Quick and easy installation","No concrete backfill required, in accordance with ‘Sewers for Adoption’ 7th edition","N/A","N/A","N/A","More environmentally friendly than a traditional system, almost 40% less carbon emitted during the concrete casting process","Concrete, Drainage, Precast",,,75,
46111,"Precast Concrete Pipes & Manholes","3. Civils & Landscaping","Concrete Pipe and Rings","FP McCann Ltd","PRE 0450H SKBUTT SR4",,"2420","P02 0450mm SkButtx0.6m CH SR4","Concrete Drainage","n/a",,"Precast Concrete Socket Pipe","n/a","Grey","Precast Concrete","Concrete","Chemical Resistance","DC4","Low Carbon","More environmentally friendly than a traditional system, almost 40% less carbon emitted during the concrete casting process","Safety","Significant reduction in health and safety risks associated with using precast concrete","Cost Effective","Greater cost savings associated with using precast concrete over a traditional system","N/A","N/A","Quick and easy installation","No concrete backfill required, in accordance with ‘Sewers for Adoption’ 7th edition","N/A","N/A","N/A","More environmentally friendly than a traditional system, almost 40% less carbon emitted during the concrete casting process","Concrete, Drainage, Precast",,,75,
46111,"Precast Concrete Pipes & Manholes","3. Civils & Landscaping","Concrete Pipe and Rings","FP McCann Ltd","PRE 0450H SPBUTT SR4",,"2423","P02 0450mm SpButtx0.6m CH SR4","Concrete Drainage","n/a",,"Precast Concrete Spigot Pipe","n/a","Grey","Precast Concrete","Concrete","Chemical Resistance","DC4","Low Carbon","More environmentally friendly than a traditional system, almost 40% less carbon emitted during the concrete casting process","Safety","Significant reduction in health and safety risks associated with using precast concrete","Cost Effective","Greater cost savings associated with using precast concrete over a traditional system","N/A","N/A","Quick and easy installation","No concrete backfill required, in accordance with ‘Sewers for Adoption’ 7th edition","N/A","N/A","N/A","More environmentally friendly than a traditional system, almost 40% less carbon emitted during the concrete casting process","Concrete, Drainage, Precast",,,75,
46111,"Precast Concrete Pipes & Manholes","3. Civils & Landscaping","Concrete Pipe and Rings","FP McCann Ltd","PRE SS 0450 11D B S4",,"1088","P02 0450mm 11.5 deg Bend SR4  ","Concrete Drainage","n/a",,"Precast Concrete Two Piece Bend","n/a","Grey","Precast Concrete","Concrete","Chemical Resistance","DC4","Low Carbon","More environmentally friendly than a traditional system, almost 40% less carbon emitted during the concrete casting process","Safety","Significant reduction in health and safety risks associated with using precast concrete","Cost Effective","Greater cost savings associated with using precast concrete over a traditional system","N/A","N/A","Quick and easy installation","No concrete backfill required, in accordance with ‘Sewers for Adoption’ 7th edition","N/A","N/A","N/A","More environmentally friendly than a traditional system, almost 40% less carbon emitted during the concrete casting process","Concrete, Drainage, Precast",,,75,
46111,"Precast Concrete Pipes & Manholes","3. Civils & Landscaping","Concrete Pipe and Rings","FP McCann Ltd","PRE SS 0450 22D B S4",,"1091","P02 0450mm 22.5 deg Bend SR4  ","Concrete Drainage","n/a",,"Precast Concrete Two Piece Bend","n/a","Grey","Precast Concrete","Concrete","Chemical Resistance","DC4","Low Carbon","More environmentally friendly than a traditional system, almost 40% less carbon emitted during the concrete casting process","Safety","Significant reduction in health and safety risks associated with using precast concrete","Cost Effective","Greater cost savings associated with using precast concrete over a traditional system","N/A","N/A","Quick and easy installation","No concrete backfill required, in accordance with ‘Sewers for Adoption’ 7th edition","N/A","N/A","N/A","More environmentally friendly than a traditional system, almost 40% less carbon emitted during the concrete casting process","Concrete, Drainage, Precast",,,75,
46111,"Precast Concrete Pipes & Manholes","3. Civils & Landscaping","Concrete Pipe and Rings","FP McCann Ltd","PRE SS 0450 30D B SR4",,"4269","P02 0450mm 30 Deg Bend SR4","Concrete Drainage","n/a",,"Precast Concrete Two Piece Bend","n/a","Grey","Precast Concrete","Concrete","Chemical Resistance","DC4","Low Carbon","More environmentally friendly than a traditional system, almost 40% less carbon emitted during the concrete casting process","Safety","Significant reduction in health and safety risks associated with using precast concrete","Cost Effective","Greater cost savings associated with using precast concrete over a traditional system","N/A","N/A","Quick and easy installation","No concrete backfill required, in accordance with ‘Sewers for Adoption’ 7th edition","N/A","N/A","N/A","More environmentally friendly than a traditional system, almost 40% less carbon emitted during the concrete casting process","Concrete, Drainage, Precast",,,75,
46111,"Precast Concrete Pipes & Manholes","3. Civils & Landscaping","Concrete Pipe and Rings","FP McCann Ltd","PRE SS 0450 45D B S4",,"1094","P02 0450mm 45 deg Bend SR4    ","Concrete Drainage","n/a",,"Precast Concrete Two Piece Bend","n/a","Grey","Precast Concrete","Concrete","Chemical Resistance","DC4","Low Carbon","More environmentally friendly than a traditional system, almost 40% less carbon emitted during the concrete casting process","Safety","Significant reduction in health and safety risks associated with using precast concrete","Cost Effective","Greater cost savings associated with using precast concrete over a traditional system","N/A","N/A","Quick and easy installation","No concrete backfill required, in accordance with ‘Sewers for Adoption’ 7th edition","N/A","N/A","N/A","More environmentally friendly than a traditional system, almost 40% less carbon emitted during the concrete casting process","Concrete, Drainage, Precast",,,75,
46111,"Precast Concrete Pipes & Manholes","3. Civils & Landscaping","Concrete Pipe and Rings","FP McCann Ltd","PRE SS 0450 90D B S4",,"1097","P02 0450mm 90 deg Bend SR4    ","Concrete Drainage","n/a",,"Precast Concrete Three Piece Bend Pipe","n/a","Grey","Precast Concrete","Concrete","Chemical Resistance","DC4","Low Carbon","More environmentally friendly than a traditional system, almost 40% less carbon emitted during the concrete casting process","Safety","Significant reduction in health and safety risks associated with using precast concrete","Cost Effective","Greater cost savings associated with using precast concrete over a traditional system","N/A","N/A","Quick and easy installation","No concrete backfill required, in accordance with ‘Sewers for Adoption’ 7th edition","N/A","N/A","N/A","More environmentally friendly than a traditional system, almost 40% less carbon emitted during the concrete casting process","Concrete, Drainage, Precast",,,75,
46111,"Precast Concrete Pipes & Manholes","3. Civils & Landscaping","Concrete Pipe and Rings","FP McCann Ltd","PRE 0525H SKBUTT SR4",,"2437","P02 0525mm SkButtx0.6m CH SR4","Concrete Drainage","n/a",,"Precast Concrete Socket Pipe","n/a","Grey","Precast Concrete","Concrete","Chemical Resistance","DC4","Low Carbon","More environmentally friendly than a traditional system, almost 40% less carbon emitted during the concrete casting process","Safety","Significant reduction in health and safety risks associated with using precast concrete","Cost Effective","Greater cost savings associated with using precast concrete over a traditional system","N/A","N/A","Quick and easy installation","No concrete backfill required, in accordance with ‘Sewers for Adoption’ 7th edition","N/A","N/A","N/A","More environmentally friendly than a traditional system, almost 40% less carbon emitted during the concrete casting process","Concrete, Drainage, Precast",,,75,
46111,"Precast Concrete Pipes & Manholes","3. Civils & Landscaping","Concrete Pipe and Rings","FP McCann Ltd","PRE 0525H SPBUTT SR4",,"2440","P02 0525mm SpButtx0.6m CH SR4","Concrete Drainage","n/a",,"Precast Concrete Spigot Pipe","n/a","Grey","Precast Concrete","Concrete","Chemical Resistance","DC4","Low Carbon","More environmentally friendly than a traditional system, almost 40% less carbon emitted during the concrete casting process","Safety","Significant reduction in health and safety risks associated with using precast concrete","Cost Effective","Greater cost savings associated with using precast concrete over a traditional system","N/A","N/A","Quick and easy installation","No concrete backfill required, in accordance with ‘Sewers for Adoption’ 7th edition","N/A","N/A","N/A","More environmentally friendly than a traditional system, almost 40% less carbon emitted during the concrete casting process","Concrete, Drainage, Precast",,,75,
46111,"Precast Concrete Pipes & Manholes","3. Civils & Landscaping","Concrete Pipe and Rings","FP McCann Ltd","PRE SS 0525 11D B S4",,"3326","P02 0525mm 11.25 Deg Bend SR4","Concrete Drainage","n/a",,"Precast Concrete Two Piece Bend","n/a","Grey","Precast Concrete","Concrete","Chemical Resistance","DC4","Low Carbon","More environmentally friendly than a traditional system, almost 40% less carbon emitted during the concrete casting process","Safety","Significant reduction in health and safety risks associated with using precast concrete","Cost Effective","Greater cost savings associated with using precast concrete over a traditional system","N/A","N/A","Quick and easy installation","No concrete backfill required, in accordance with ‘Sewers for Adoption’ 7th edition","N/A","N/A","N/A","More environmentally friendly than a traditional system, almost 40% less carbon emitted during the concrete casting process","Concrete, Drainage, Precast",,,75,
46111,"Precast Concrete Pipes & Manholes","3. Civils & Landscaping","Concrete Pipe and Rings","FP McCann Ltd","PRE SS 0525 22D B S4",,"3119","P02 0525mm 22.5 Deg Bend SR4","Concrete Drainage","n/a",,"Precast Concrete Two Piece Bend","n/a","Grey","Precast Concrete","Concrete","Chemical Resistance","DC4","Low Carbon","More environmentally friendly than a traditional system, almost 40% less carbon emitted during the concrete casting process","Safety","Significant reduction in health and safety risks associated with using precast concrete","Cost Effective","Greater cost savings associated with using precast concrete over a traditional system","N/A","N/A","Quick and easy installation","No concrete backfill required, in accordance with ‘Sewers for Adoption’ 7th edition","N/A","N/A","N/A","More environmentally friendly than a traditional system, almost 40% less carbon emitted during the concrete casting process","Concrete, Drainage, Precast",,,75,
46111,"Precast Concrete Pipes & Manholes","3. Civils & Landscaping","Concrete Pipe and Rings","FP McCann Ltd","PRE SS 0525 45D B S4",,"2557","P02 0525mm 45 Deg Bend SR4    ","Concrete Drainage","n/a",,"Precast Concrete Two Piece Bend","n/a","Grey","Precast Concrete","Concrete","Chemical Resistance","DC4","Low Carbon","More environmentally friendly than a traditional system, almost 40% less carbon emitted during the concrete casting process","Safety","Significant reduction in health and safety risks associated with using precast concrete","Cost Effective","Greater cost savings associated with using precast concrete over a traditional system","N/A","N/A","Quick and easy installation","No concrete backfill required, in accordance with ‘Sewers for Adoption’ 7th edition","N/A","N/A","N/A","More environmentally friendly than a traditional system, almost 40% less carbon emitted during the concrete casting process","Concrete, Drainage, Precast",,,75,
46111,"Precast Concrete Pipes & Manholes","3. Civils & Landscaping","Concrete Pipe and Rings","FP McCann Ltd","PRE SS 0525 90D B S4",,"1109","P02 0525mm 90 deg Bend SR4    ","Concrete Drainage","n/a",,"Precast Concrete Three Piece Bend Pipe","n/a","Grey","Precast Concrete","Concrete","Chemical Resistance","DC4","Low Carbon","More environmentally friendly than a traditional system, almost 40% less carbon emitted during the concrete casting process","Safety","Significant reduction in health and safety risks associated with using precast concrete","Cost Effective","Greater cost savings associated with using precast concrete over a traditional system","N/A","N/A","Quick and easy installation","No concrete backfill required, in accordance with ‘Sewers for Adoption’ 7th edition","N/A","N/A","N/A","More environmentally friendly than a traditional system, almost 40% less carbon emitted during the concrete casting process","Concrete, Drainage, Precast",,,75,
46111,"Precast Concrete Pipes & Manholes","3. Civils & Landscaping","Concrete Pipe and Rings","FP McCann Ltd","PRE 0600H SKBUTT SR4",,"2449","P02 0600mm SkButtx0.6m CH SR4","Concrete Drainage","n/a",,"Precast Concrete Socket Pipe","n/a","Grey","Precast Concrete","Concrete","Chemical Resistance","DC4","Low Carbon","More environmentally friendly than a traditional system, almost 40% less carbon emitted during the concrete casting process","Safety","Significant reduction in health and safety risks associated with using precast concrete","Cost Effective","Greater cost savings associated with using precast concrete over a traditional system","N/A","N/A","Quick and easy installation","No concrete backfill required, in accordance with ‘Sewers for Adoption’ 7th edition","N/A","N/A","N/A","More environmentally friendly than a traditional system, almost 40% less carbon emitted during the concrete casting process","Concrete, Drainage, Precast",,,75,
46111,"Precast Concrete Pipes & Manholes","3. Civils & Landscaping","Concrete Pipe and Rings","FP McCann Ltd","PRE 0600H SPBUTT SR4",,"2452","P02 0600mm SpButtx0.6m CH SR4","Concrete Drainage","n/a",,"Precast Concrete Spigot Pipe","n/a","Grey","Precast Concrete","Concrete","Chemical Resistance","DC4","Low Carbon","More environmentally friendly than a traditional system, almost 40% less carbon emitted during the concrete casting process","Safety","Significant reduction in health and safety risks associated with using precast concrete","Cost Effective","Greater cost savings associated with using precast concrete over a traditional system","N/A","N/A","Quick and easy installation","No concrete backfill required, in accordance with ‘Sewers for Adoption’ 7th edition","N/A","N/A","N/A","More environmentally friendly than a traditional system, almost 40% less carbon emitted during the concrete casting process","Concrete, Drainage, Precast",,,75,
46111,"Precast Concrete Pipes & Manholes","3. Civils & Landscaping","Concrete Pipe and Rings","FP McCann Ltd","PRE SS 0600 11D B S4",,"1115","P02 0600mm 11.25 deg Bend SR4 ","Concrete Drainage","n/a",,"Precast Concrete Two Piece Bend","n/a","Grey","Precast Concrete","Concrete","Chemical Resistance","DC4","Low Carbon","More environmentally friendly than a traditional system, almost 40% less carbon emitted during the concrete casting process","Safety","Significant reduction in health and safety risks associated with using precast concrete","Cost Effective","Greater cost savings associated with using precast concrete over a traditional system","N/A","N/A","Quick and easy installation","No concrete backfill required, in accordance with ‘Sewers for Adoption’ 7th edition","N/A","N/A","N/A","More environmentally friendly than a traditional system, almost 40% less carbon emitted during the concrete casting process","Concrete, Drainage, Precast",,,75,
46111,"Precast Concrete Pipes & Manholes","3. Civils & Landscaping","Concrete Pipe and Rings","FP McCann Ltd","PRE SS 0600 22D B S4",,"1118","P02 0600mm 22.5 deg Bend SR4  ","Concrete Drainage","n/a",,"Precast Concrete Two Piece Bend","n/a","Grey","Precast Concrete","Concrete","Chemical Resistance","DC4","Low Carbon","More environmentally friendly than a traditional system, almost 40% less carbon emitted during the concrete casting process","Safety","Significant reduction in health and safety risks associated with using precast concrete","Cost Effective","Greater cost savings associated with using precast concrete over a traditional system","N/A","N/A","Quick and easy installation","No concrete backfill required, in accordance with ‘Sewers for Adoption’ 7th edition","N/A","N/A","N/A","More environmentally friendly than a traditional system, almost 40% less carbon emitted during the concrete casting process","Concrete, Drainage, Precast",,,75,
46111,"Precast Concrete Pipes & Manholes","3. Civils & Landscaping","Concrete Pipe and Rings","FP McCann Ltd","PRE SS 0600 45D B S4",,"1121","P02 0600mm 45 deg Bend SR4    ","Concrete Drainage","n/a",,"Precast Concrete Two Piece Bend","n/a","Grey","Precast Concrete","Concrete","Chemical Resistance","DC4","Low Carbon","More environmentally friendly than a traditional system, almost 40% less carbon emitted during the concrete casting process","Safety","Significant reduction in health and safety risks associated with using precast concrete","Cost Effective","Greater cost savings associated with using precast concrete over a traditional system","N/A","N/A","Quick and easy installation","No concrete backfill required, in accordance with ‘Sewers for Adoption’ 7th edition","N/A","N/A","N/A","More environmentally friendly than a traditional system, almost 40% less carbon emitted during the concrete casting process","Concrete, Drainage, Precast",,,75,
46111,"Precast Concrete Pipes & Manholes","3. Civils & Landscaping","Concrete Pipe and Rings","FP McCann Ltd","PRE SS 0600 90d B S4",,"1125","P02 0600mm 90 deg Bend SR4    ","Concrete Drainage","n/a",,"Precast Concrete Three Piece Bend Pipe","n/a","Grey","Precast Concrete","Concrete","Chemical Resistance","DC4","Low Carbon","More environmentally friendly than a traditional system, almost 40% less carbon emitted during the concrete casting process","Safety","Significant reduction in health and safety risks associated with using precast concrete","Cost Effective","Greater cost savings associated with using precast concrete over a traditional system","N/A","N/A","Quick and easy installation","No concrete backfill required, in accordance with ‘Sewers for Adoption’ 7th edition","N/A","N/A","N/A","More environmentally friendly than a traditional system, almost 40% less carbon emitted during the concrete casting process","Concrete, Drainage, Precast",,,75,
46111,"Precast Concrete Pipes & Manholes","3. Civils & Landscaping","Concrete Pipe and Rings","FP McCann Ltd","PRE SSR 0300X0.6 FF",,"3076","P03 0300mm CM 0.6 FastFit SR4","Concrete Drainage","n/a",,"Precast Concrete Rocker Pipe with Fast Fit Junction","n/a","Grey","Precast Concrete","Concrete","Chemical Resistance","DC4","Low Carbon","More environmentally friendly than a traditional system, almost 40% less carbon emitted during the concrete casting process","Safety","Significant reduction in health and safety risks associated with using precast concrete","Cost Effective","Greater cost savings associated with using precast concrete over a traditional system","N/A","N/A","Quick and easy installation","No concrete backfill required, in accordance with ‘Sewers for Adoption’ 7th edition","N/A","N/A","N/A","More environmentally friendly than a traditional system, almost 40% less carbon emitted during the concrete casting process","Concrete, Drainage, Precast",,,75,
46111,"Precast Concrete Pipes & Manholes","3. Civils & Landscaping","Concrete Pipe and Rings","FP McCann Ltd","PRE SSR 0375X0.6 FF",,"3079","P03 0375mm CH 0.6 FastFit SR4","Concrete Drainage","n/a",,"Precast Concrete Rocker Pipe with Fast Fit Junction","n/a","Grey","Precast Concrete","Concrete","Chemical Resistance","DC4","Low Carbon","More environmentally friendly than a traditional system, almost 40% less carbon emitted during the concrete casting process","Safety","Significant reduction in health and safety risks associated with using precast concrete","Cost Effective","Greater cost savings associated with using precast concrete over a traditional system","N/A","N/A","Quick and easy installation","No concrete backfill required, in accordance with ‘Sewers for Adoption’ 7th edition","N/A","N/A","N/A","More environmentally friendly than a traditional system, almost 40% less carbon emitted during the concrete casting process","Concrete, Drainage, Precast",,,75,
46111,"Precast Concrete Pipes & Manholes","3. Civils & Landscaping","Concrete Pipe and Rings","FP McCann Ltd","PRE SSR 0450X0.6 FF",,"3082","P03 0450mm CH 0.6 FastFit SR4","Concrete Drainage","n/a",,"Precast Concrete Rocker Pipe with Fast Fit Junction","n/a","Grey","Precast Concrete","Concrete","Chemical Resistance","DC4","Low Carbon","More environmentally friendly than a traditional system, almost 40% less carbon emitted during the concrete casting process","Safety","Significant reduction in health and safety risks associated with using precast concrete","Cost Effective","Greater cost savings associated with using precast concrete over a traditional system","N/A","N/A","Quick and easy installation","No concrete backfill required, in accordance with ‘Sewers for Adoption’ 7th edition","N/A","N/A","N/A","More environmentally friendly than a traditional system, almost 40% less carbon emitted during the concrete casting process","Concrete, Drainage, Precast",,,75,
46111,"Precast Concrete Pipes & Manholes","3. Civils & Landscaping","Concrete Pipe and Rings","FP McCann Ltd","PRE SSR 0525X0.6 FF",,"3085","P03 0525mm CH 0.6 FastFit SR4","Concrete Drainage","n/a",,"Precast Concrete Rocker Pipe with Fast Fit Junction","n/a","Grey","Precast Concrete","Concrete","Chemical Resistance","DC4","Low Carbon","More environmentally friendly than a traditional system, almost 40% less carbon emitted during the concrete casting process","Safety","Significant reduction in health and safety risks associated with using precast concrete","Cost Effective","Greater cost savings associated with using precast concrete over a traditional system","N/A","N/A","Quick and easy installation","No concrete backfill required, in accordance with ‘Sewers for Adoption’ 7th edition","N/A","N/A","N/A","More environmentally friendly than a traditional system, almost 40% less carbon emitted during the concrete casting process","Concrete, Drainage, Precast",,,75,
46111,"Precast Concrete Pipes & Manholes","3. Civils & Landscaping","Concrete Pipe and Rings","FP McCann Ltd","PRE SSR 0600X0.6 FF",,"3088","P03 0600mm CH 0.6 FastFit SR4","Concrete Drainage","n/a",,"Precast Concrete Rocker Pipe with Fast Fit Junction","n/a","Grey","Precast Concrete","Concrete","Chemical Resistance","DC4","Low Carbon","More environmentally friendly than a traditional system, almost 40% less carbon emitted during the concrete casting process","Safety","Significant reduction in health and safety risks associated with using precast concrete","Cost Effective","Greater cost savings associated with using precast concrete over a traditional system","N/A","N/A","Quick and easy installation","No concrete backfill required, in accordance with ‘Sewers for Adoption’ 7th edition","N/A","N/A","N/A","More environmentally friendly than a traditional system, almost 40% less carbon emitted during the concrete casting process","Concrete, Drainage, Precast",,,75,
46111,"Precast Concrete Pipes & Manholes","3. Civils & Landscaping","Concrete Pipe and Rings","FP McCann Ltd","PRE SS 0300X2.5 SRM4",,"3346","P00 0300 S&S PIPECM 2.5M SR4","Concrete Drainage","n/a",,"Precast Concrete Pipe","n/a","Grey","Precast Concrete","Concrete","Chemical Resistance","DC4","Low Carbon","More environmentally friendly than a traditional system, almost 40% less carbon emitted during the concrete casting process","Safety","Significant reduction in health and safety risks associated with using precast concrete","Cost Effective","Greater cost savings associated with using precast concrete over a traditional system","N/A","N/A","Quick and easy installation","No concrete backfill required, in accordance with ‘Sewers for Adoption’ 7th edition","N/A","N/A","N/A","More environmentally friendly than a traditional system, almost 40% less carbon emitted during the concrete casting process","Concrete, Drainage, Precast",,,75,
46111,"Precast Concrete Pipes & Manholes","3. Civils & Landscaping","Concrete Pipe and Rings","FP McCann Ltd","PRE SSR 0300X0.6SR4",,"1310","P00 0300mm Rocker CM 0.6M SR4 ","Concrete Drainage","n/a",,"Precast Concrete Rocker Pipe","n/a","Grey","Precast Concrete","Concrete","Chemical Resistance","DC4","Low Carbon","More environmentally friendly than a traditional system, almost 40% less carbon emitted during the concrete casting process","Safety","Significant reduction in health and safety risks associated with using precast concrete","Cost Effective","Greater cost savings associated with using precast concrete over a traditional system","N/A","N/A","Quick and easy installation","No concrete backfill required, in accordance with ‘Sewers for Adoption’ 7th edition","N/A","N/A","N/A","More environmentally friendly than a traditional system, almost 40% less carbon emitted during the concrete casting process","Concrete, Drainage, Precast",,,75,
46111,"Precast Concrete Pipes & Manholes","3. Civils & Landscaping","Concrete Pipe and Rings","FP McCann Ltd","PRE SSR 0300X0.6SAD",,"3078","P00 0300mm Rocker CM 0.6M SAD SR4","Concrete Drainage","n/a",,"Precast Concrete Rocker Pipe","n/a","Grey","Precast Concrete","Concrete","Chemical Resistance","DC4","Low Carbon","More environmentally friendly than a traditional system, almost 40% less carbon emitted during the concrete casting process","Safety","Significant reduction in health and safety risks associated with using precast concrete","Cost Effective","Greater cost savings associated with using precast concrete over a traditional system","N/A","N/A","Quick and easy installation","No concrete backfill required, in accordance with ‘Sewers for Adoption’ 7th edition","N/A","N/A","N/A","More environmentally friendly than a traditional system, almost 40% less carbon emitted during the concrete casting process","Concrete, Drainage, Precast",,,75,
46111,"Precast Concrete Pipes & Manholes","3. Civils & Landscaping","Concrete Pipe and Rings","FP McCann Ltd","PRE SS 0375X2.5SR4",,"1085","P00 0375mm S&S PipeCH 2.5M SR4","Concrete Drainage","n/a",,"Precast Concrete S&S Pipe","n/a","Grey","Precast Concrete","Concrete","Chemical Resistance","DC4","Low Carbon","More environmentally friendly than a traditional system, almost 40% less carbon emitted during the concrete casting process","Safety","Significant reduction in health and safety risks associated with using precast concrete","Cost Effective","Greater cost savings associated with using precast concrete over a traditional system","N/A","N/A","Quick and easy installation","No concrete backfill required, in accordance with ‘Sewers for Adoption’ 7th edition","N/A","N/A","N/A","More environmentally friendly than a traditional system, almost 40% less carbon emitted during the concrete casting process","Concrete, Drainage, Precast",,,75,
46111,"Precast Concrete Pipes & Manholes","3. Civils & Landscaping","Concrete Pipe and Rings","FP McCann Ltd","PRE SSR 0375X0.6SR4 ",,"1314","P00 0375mm Rocker CH 0.6M SR4 ","Concrete Drainage","n/a",,"Precast Concrete Rocker Pipe","n/a","Grey","Precast Concrete","Concrete","Chemical Resistance","DC4","Low Carbon","More environmentally friendly than a traditional system, almost 40% less carbon emitted during the concrete casting process","Safety","Significant reduction in health and safety risks associated with using precast concrete","Cost Effective","Greater cost savings associated with using precast concrete over a traditional system","N/A","N/A","Quick and easy installation","No concrete backfill required, in accordance with ‘Sewers for Adoption’ 7th edition","N/A","N/A","N/A","More environmentally friendly than a traditional system, almost 40% less carbon emitted during the concrete casting process","Concrete, Drainage, Precast",,,75,
46111,"Precast Concrete Pipes & Manholes","3. Civils & Landscaping","Concrete Pipe and Rings","FP McCann Ltd","PRE SSR 0375X0.6SAD",,"3081","P00 0375mm Rocker CH 0.6M SAD SR4","Concrete Drainage","n/a",,"Precast Concrete Rocker Pipe","n/a","Grey","Precast Concrete","Concrete","Chemical Resistance","DC4","Low Carbon","More environmentally friendly than a traditional system, almost 40% less carbon emitted during the concrete casting process","Safety","Significant reduction in health and safety risks associated with using precast concrete","Cost Effective","Greater cost savings associated with using precast concrete over a traditional system","N/A","N/A","Quick and easy installation","No concrete backfill required, in accordance with ‘Sewers for Adoption’ 7th edition","N/A","N/A","N/A","More environmentally friendly than a traditional system, almost 40% less carbon emitted during the concrete casting process","Concrete, Drainage, Precast",,,75,
46111,"Precast Concrete Pipes & Manholes","3. Civils & Landscaping","Concrete Pipe and Rings","FP McCann Ltd","PRE SS 0450X2.5SR4",,"1106","P00 0450mm S&S PipeCH 2.5M SR4","Concrete Drainage","n/a",,"Precast Concrete S&S Pipe","n/a","Grey","Precast Concrete","Concrete","Chemical Resistance","DC4","Low Carbon","More environmentally friendly than a traditional system, almost 40% less carbon emitted during the concrete casting process","Safety","Significant reduction in health and safety risks associated with using precast concrete","Cost Effective","Greater cost savings associated with using precast concrete over a traditional system","N/A","N/A","Quick and easy installation","No concrete backfill required, in accordance with ‘Sewers for Adoption’ 7th edition","N/A","N/A","N/A","More environmentally friendly than a traditional system, almost 40% less carbon emitted during the concrete casting process","Concrete, Drainage, Precast",,,75,
46111,"Precast Concrete Pipes & Manholes","3. Civils & Landscaping","Concrete Pipe and Rings","FP McCann Ltd","PRE SSR 0450X0.6SAD",,"3084","P00 0450mm Rocker CH 0.6M SAD SR4","Concrete Drainage","n/a",,"Precast Concrete Rocker Pipe","n/a","Grey","Precast Concrete","Concrete","Chemical Resistance","DC4","Low Carbon","More environmentally friendly than a traditional system, almost 40% less carbon emitted during the concrete casting process","Safety","Significant reduction in health and safety risks associated with using precast concrete","Cost Effective","Greater cost savings associated with using precast concrete over a traditional system","N/A","N/A","Quick and easy installation","No concrete backfill required, in accordance with ‘Sewers for Adoption’ 7th edition","N/A","N/A","N/A","More environmentally friendly than a traditional system, almost 40% less carbon emitted during the concrete casting process","Concrete, Drainage, Precast",,,75,
46111,"Precast Concrete Pipes & Manholes","3. Civils & Landscaping","Concrete Pipe and Rings","FP McCann Ltd","PRE SSR 0450X0.6SR4 ",,"1319","P00 0450mm Rocker CH 0.6M SR4 ","Concrete Drainage","n/a",,"Precast Concrete Rocker Pipe","n/a","Grey","Precast Concrete","Concrete","Chemical Resistance","DC4","Low Carbon","More environmentally friendly than a traditional system, almost 40% less carbon emitted during the concrete casting process","Safety","Significant reduction in health and safety risks associated with using precast concrete","Cost Effective","Greater cost savings associated with using precast concrete over a traditional system","N/A","N/A","Quick and easy installation","No concrete backfill required, in accordance with ‘Sewers for Adoption’ 7th edition","N/A","N/A","N/A","More environmentally friendly than a traditional system, almost 40% less carbon emitted during the concrete casting process","Concrete, Drainage, Precast",,,75,
46111,"Precast Concrete Pipes & Manholes","3. Civils & Landscaping","Concrete Pipe and Rings","FP McCann Ltd","PRE SS 0525X2.5SR4",,"1114","P00 0525mm S&S PipeCH 2.5M SR4","Concrete Drainage","n/a",,"Precast Concrete S&S Pipe","n/a","Grey","Precast Concrete","Concrete","Chemical Resistance","DC4","Low Carbon","More environmentally friendly than a traditional system, almost 40% less carbon emitted during the concrete casting process","Safety","Significant reduction in health and safety risks associated with using precast concrete","Cost Effective","Greater cost savings associated with using precast concrete over a traditional system","N/A","N/A","Quick and easy installation","No concrete backfill required, in accordance with ‘Sewers for Adoption’ 7th edition","N/A","N/A","N/A","More environmentally friendly than a traditional system, almost 40% less carbon emitted during the concrete casting process","Concrete, Drainage, Precast",,,75,
46111,"Precast Concrete Pipes & Manholes","3. Civils & Landscaping","Concrete Pipe and Rings","FP McCann Ltd","PRE SSR 0525X0.6SAD",,"3087","P00 0525mm Rocker CH 0.6M SAD SR4","Concrete Drainage","n/a",,"Precast Concrete Rocker Pipe","n/a","Grey","Precast Concrete","Concrete","Chemical Resistance","DC4","Low Carbon","More environmentally friendly than a traditional system, almost 40% less carbon emitted during the concrete casting process","Safety","Significant reduction in health and safety risks associated with using precast concrete","Cost Effective","Greater cost savings associated with using precast concrete over a traditional system","N/A","N/A","Quick and easy installation","No concrete backfill required, in accordance with ‘Sewers for Adoption’ 7th edition","N/A","N/A","N/A","More environmentally friendly than a traditional system, almost 40% less carbon emitted during the concrete casting process","Concrete, Drainage, Precast",,,75,
46111,"Precast Concrete Pipes & Manholes","3. Civils & Landscaping","Concrete Pipe and Rings","FP McCann Ltd","PRE SSR 0525X0.6SR4 ",,"1322","P00 0525mm Rocker CH 0.6M SR4 ","Concrete Drainage","n/a",,"Precast Concrete Rocker Pipe","n/a","Grey","Precast Concrete","Concrete","Chemical Resistance","DC4","Low Carbon","More environmentally friendly than a traditional system, almost 40% less carbon emitted during the concrete casting process","Safety","Significant reduction in health and safety risks associated with using precast concrete","Cost Effective","Greater cost savings associated with using precast concrete over a traditional system","N/A","N/A","Quick and easy installation","No concrete backfill required, in accordance with ‘Sewers for Adoption’ 7th edition","N/A","N/A","N/A","More environmentally friendly than a traditional system, almost 40% less carbon emitted during the concrete casting process","Concrete, Drainage, Precast",,,75,
46111,"Precast Concrete Pipes & Manholes","3. Civils & Landscaping","Concrete Pipe and Rings","FP McCann Ltd","PRE SS 0600X2.5SR4",,"1134","P00 0600mm S&S PipeCH 2.5M SR4","Concrete Drainage","n/a",,"Precast Concrete S&S Pipe","n/a","Grey","Precast Concrete","Concrete","Chemical Resistance","DC4","Low Carbon","More environmentally friendly than a traditional system, almost 40% less carbon emitted during the concrete casting process","Safety","Significant reduction in health and safety risks associated with using precast concrete","Cost Effective","Greater cost savings associated with using precast concrete over a traditional system","N/A","N/A","Quick and easy installation","No concrete backfill required, in accordance with ‘Sewers for Adoption’ 7th edition","N/A","N/A","N/A","More environmentally friendly than a traditional system, almost 40% less carbon emitted during the concrete casting process","Concrete, Drainage, Precast",,,75,
46111,"Precast Concrete Pipes & Manholes","3. Civils & Landscaping","Concrete Pipe and Rings","FP McCann Ltd","PRE SSR 0600X0.6SAD",,"3089","P00 0600mm Rocker CH 0.6M SAD SR4","Concrete Drainage","n/a",,"Precast Concrete Rocker Pipe","n/a","Grey","Precast Concrete","Concrete","Chemical Resistance","DC4","Low Carbon","More environmentally friendly than a traditional system, almost 40% less carbon emitted during the concrete casting process","Safety","Significant reduction in health and safety risks associated with using precast concrete","Cost Effective","Greater cost savings associated with using precast concrete over a traditional system","N/A","N/A","Quick and easy installation","No concrete backfill required, in accordance with ‘Sewers for Adoption’ 7th edition","N/A","N/A","N/A","More environmentally friendly than a traditional system, almost 40% less carbon emitted during the concrete casting process","Concrete, Drainage, Precast",,,75,
46111,"Precast Concrete Pipes & Manholes","3. Civils & Landscaping","Concrete Pipe and Rings","FP McCann Ltd","PRE SSR 0600X0.6SR4 ",,"1326","P00 0600mm Rocker CH 0.6M SR4 ","Concrete Drainage","n/a",,"Precast Concrete Rocker Pipe","n/a","Grey","Precast Concrete","Concrete","Chemical Resistance","DC4","Low Carbon","More environmentally friendly than a traditional system, almost 40% less carbon emitted during the concrete casting process","Safety","Significant reduction in health and safety risks associated with using precast concrete","Cost Effective","Greater cost savings associated with using precast concrete over a traditional system","N/A","N/A","Quick and easy installation","No concrete backfill required, in accordance with ‘Sewers for Adoption’ 7th edition","N/A","N/A","N/A","More environmentally friendly than a traditional system, almost 40% less carbon emitted during the concrete casting process","Concrete, Drainage, Precast",,,75,
46111,"Precast Concrete Pipes & Manholes","3. Civils & Landscaping","Concrete Pipe and Rings","FP McCann Ltd","PRE RING 1200X1000S4 WW",,"5199","P10 Man Ring 1200x1000mm SR4  Wide Wall","Concrete Drainage","n/a",,"Precast Concrete Wide Wall Manhole Ring","n/a","Grey","Precast Concrete","Concrete","Chemical Resistance","DC4","Low Carbon","More environmentally friendly than a traditional system, almost 40% less carbon emitted during the concrete casting process","Safety","Significant reduction in health and safety risks associated with using precast concrete","Cost Effective","Greater cost savings associated with using precast concrete over a traditional system","N/A","N/A","Quick and easy installation","No concrete backfill required, in accordance with ‘Sewers for Adoption’ 7th edition","N/A","N/A","N/A",,"Concrete, Drainage, Precast",,,68.75,"MCCANN-CR-1200X1000-WW.jpg"
46111,"Precast Concrete Pipes & Manholes","3. Civils & Landscaping","Concrete Pipe and Rings","FP McCann Ltd","PRE RING 1200X0250S4 WW",,"5196","P10 Man Ring 1200x0250mm SR4  Wide Wall","Concrete Drainage","n/a",,"Precast Concrete Wide Wall Manhole Ring","n/a","Grey","Precast Concrete","Concrete","Chemical Resistance","DC4","Low Carbon","More environmentally friendly than a traditional system, almost 40% less carbon emitted during the concrete casting process","Safety","Significant reduction in health and safety risks associated with using precast concrete","Cost Effective","Greater cost savings associated with using precast concrete over a traditional system","N/A","N/A","Quick and easy installation","No concrete backfill required, in accordance with ‘Sewers for Adoption’ 7th edition","N/A","N/A","N/A",,"Concrete, Drainage, Precast",,,68.75,"MCCANN-CR-1200X250MM-WW.jpg"
46111,"Precast Concrete Pipes & Manholes","3. Civils & Landscaping","Concrete Pipe and Rings","FP McCann Ltd","PRE RING 1200X0500S4 WW",,"5197","P10 Man Ring 1200x0500mm SR4  Wide Wall","Concrete Drainage","n/a",,"Precast Concrete Wide Wall Manhole Ring","n/a","Grey","Precast Concrete","Concrete","Chemical Resistance","DC4","Low Carbon","More environmentally friendly than a traditional system, almost 40% less carbon emitted during the concrete casting process","Safety","Significant reduction in health and safety risks associated with using precast concrete","Cost Effective","Greater cost savings associated with using precast concrete over a traditional system","N/A","N/A","Quick and easy installation","No concrete backfill required, in accordance with ‘Sewers for Adoption’ 7th edition","N/A","N/A","N/A",,"Concrete, Drainage, Precast",,,68.75,"MCCANN-CR-1200X500-WW-DS.jpg"
46111,"Precast Concrete Pipes & Manholes","3. Civils & Landscaping","Concrete Pipe and Rings","FP McCann Ltd","PRE RING 1200X0750S4 WW",,"5198","P10 Man Ring 1200x0750mm SR4  Wide Wall","Concrete Drainage","n/a",,"Precast Concrete Wide Wall Manhole Ring","n/a","Grey","Precast Concrete","Concrete","Chemical Resistance","DC4","Low Carbon","More environmentally friendly than a traditional system, almost 40% less carbon emitted during the concrete casting process","Safety","Significant reduction in health and safety risks associated with using precast concrete","Cost Effective","Greater cost savings associated with using precast concrete over a traditional system","N/A","N/A","Quick and easy installation","No concrete backfill required, in accordance with ‘Sewers for Adoption’ 7th edition","N/A","N/A","N/A",,"Concrete, Drainage, Precast",,,68.75,"MCCANN-CR-1200X750-WW.jpg"
46111,"Precast Concrete Pipes & Manholes","3. Civils & Landscaping","Concrete Pipe and Rings","FP McCann Ltd","PRE RING 1200X1000 DS WW",,"5195","P10 Man Ring 1200x1000mm Wide Wall D/STEP","Concrete Drainage","n/a",,"Precast Concrete Wide Wall Manhole Ring","n/a","Grey","Precast Concrete","Concrete","Chemical Resistance","DC4","Low Carbon","More environmentally friendly than a traditional system, almost 40% less carbon emitted during the concrete casting process","Safety","Significant reduction in health and safety risks associated with using precast concrete","Cost Effective","Greater cost savings associated with using precast concrete over a traditional system","N/A","N/A","Quick and easy installation","No concrete backfill required, in accordance with ‘Sewers for Adoption’ 7th edition","N/A","N/A","N/A",,"Concrete, Drainage, Precast",,,68.75,
46111,"Precast Concrete Pipes & Manholes","3. Civils & Landscaping","Concrete Pipe and Rings","FP McCann Ltd","PRE RING 1200X250 DS WW",,"5192","P10 Man Ring 1200x0250mm Wide Wall D/STEP","Concrete Drainage","n/a",,"Precast Concrete Wide Wall Manhole Ring","n/a","Grey","Precast Concrete","Concrete","Chemical Resistance","DC4","Low Carbon","More environmentally friendly than a traditional system, almost 40% less carbon emitted during the concrete casting process","Safety","Significant reduction in health and safety risks associated with using precast concrete","Cost Effective","Greater cost savings associated with using precast concrete over a traditional system","N/A","N/A","Quick and easy installation","No concrete backfill required, in accordance with ‘Sewers for Adoption’ 7th edition","N/A","N/A","N/A",,"Concrete, Drainage, Precast",,,68.75,
46111,"Precast Concrete Pipes & Manholes","3. Civils & Landscaping","Concrete Pipe and Rings","FP McCann Ltd","PRE RING 1200X500 DS WW",,"5193","P10 Man Ring 1200x0500mm Wide Wall D/STEP","Concrete Drainage","n/a",,"Precast Concrete Wide Wall Manhole Ring","n/a","Grey","Precast Concrete","Concrete","Chemical Resistance","DC4","Low Carbon","More environmentally friendly than a traditional system, almost 40% less carbon emitted during the concrete casting process","Safety","Significant reduction in health and safety risks associated with using precast concrete","Cost Effective","Greater cost savings associated with using precast concrete over a traditional system","N/A","N/A","Quick and easy installation","No concrete backfill required, in accordance with ‘Sewers for Adoption’ 7th edition","N/A","N/A","N/A",,"Concrete, Drainage, Precast",,,68.75,
46111,"Precast Concrete Pipes & Manholes","3. Civils & Landscaping","Concrete Pipe and Rings","FP McCann Ltd","PRE RING 1200X750 DS WW",,"5194","P10 Man Ring 1200x0750mm Wide Wall D/STEP","Concrete Drainage","n/a",,"Precast Concrete Wide Wall Manhole Ring","n/a","Grey","Precast Concrete","Concrete","Chemical Resistance","DC4","Low Carbon","More environmentally friendly than a traditional system, almost 40% less carbon emitted during the concrete casting process","Safety","Significant reduction in health and safety risks associated with using precast concrete","Cost Effective","Greater cost savings associated with using precast concrete over a traditional system","N/A","N/A","Quick and easy installation","No concrete backfill required, in accordance with ‘Sewers for Adoption’ 7th edition","N/A","N/A","N/A",,"Concrete, Drainage, Precast",,,68.75,
46111,"Precast Concrete Pipes & Manholes","3. Civils & Landscaping","Concrete Pipe and Rings","FP McCann Ltd","PRE RING 1500X1000 S4 WW",,"6125","P10 Man Ring 1500x1000mm SR4 Wide Wall","Concrete Drainage","n/a",,"Precast Concrete Wide Wall Manhole Ring","n/a","Grey","Precast Concrete","Concrete","Chemical Resistance","DC4","Low Carbon","More environmentally friendly than a traditional system, almost 40% less carbon emitted during the concrete casting process","Safety","Significant reduction in health and safety risks associated with using precast concrete","Cost Effective","Greater cost savings associated with using precast concrete over a traditional system","N/A","N/A","Quick and easy installation","No concrete backfill required, in accordance with ‘Sewers for Adoption’ 7th edition","N/A","N/A","N/A",,"Concrete, Drainage, Precast",,,68.75,
46111,"Precast Concrete Pipes & Manholes","3. Civils & Landscaping","Concrete Pipe and Rings","FP McCann Ltd","PRE RING 1500X1000 DS WW",,"5822","P10 Man Ring 1500x1000mm Wide Wall D/Step","Concrete Drainage","n/a",,"Precast Concrete Wide Wall Manhole Ring","n/a","Grey","Precast Concrete","Concrete","Chemical Resistance","DC4","Low Carbon","More environmentally friendly than a traditional system, almost 40% less carbon emitted during the concrete casting process","Safety","Significant reduction in health and safety risks associated with using precast concrete","Cost Effective","Greater cost savings associated with using precast concrete over a traditional system","N/A","N/A","Quick and easy installation","No concrete backfill required, in accordance with ‘Sewers for Adoption’ 7th edition","N/A","N/A","N/A",,"Concrete, Drainage, Precast",,,68.75,"MCCANN-CR-1500X1000-4-RUNGDOUBLE-STEP-WW.jpg"
46111,"Precast Concrete Pipes & Manholes","3. Civils & Landscaping","Concrete Pipe and Rings","FP McCann Ltd","PRE RING 1500X750 DS WW",,"5823","P10 Man Ring 1500x750 Wide Wall D/Step","Concrete Drainage","n/a",,"Precast Concrete Wide Wall Manhole Ring","n/a","Grey","Precast Concrete","Concrete","Chemical Resistance","DC4","Low Carbon","More environmentally friendly than a traditional system, almost 40% less carbon emitted during the concrete casting process","Safety","Significant reduction in health and safety risks associated with using precast concrete","Cost Effective","Greater cost savings associated with using precast concrete over a traditional system","N/A","N/A","Quick and easy installation","No concrete backfill required, in accordance with ‘Sewers for Adoption’ 7th edition","N/A","N/A","N/A",,"Concrete, Drainage, Precast",,,68.75,"MCCANN-CR-1500X750-3-RUNGDOUBLE-STEP-WW.jpg"
46111,"Precast Concrete Pipes & Manholes","3. Civils & Landscaping","Concrete Pipe and Rings","FP McCann Ltd","PRE RING 1500X500 DS WW",,"5824","P10 Man Ring 1500X0500mm Wide Wall D/Step","Concrete Drainage","n/a",,"Precast Concrete Wide Wall Manhole Ring","n/a","Grey","Precast Concrete","Concrete","Chemical Resistance","DC4","Low Carbon","More environmentally friendly than a traditional system, almost 40% less carbon emitted during the concrete casting process","Safety","Significant reduction in health and safety risks associated with using precast concrete","Cost Effective","Greater cost savings associated with using precast concrete over a traditional system","N/A","N/A","Quick and easy installation","No concrete backfill required, in accordance with ‘Sewers for Adoption’ 7th edition","N/A","N/A","N/A",,"Concrete, Drainage, Precast",,,68.75,"MCCANN-CR-1500X500-2-RUNGDOUBLE-STEP-WW.jpg"
46111,"Precast Concrete Pipes & Manholes","3. Civils & Landscaping","Concrete Pipe and Rings","FP McCann Ltd","PRE RING 1500X500 S4 WW",,"6124","P10 Man Ring 1500x0500mm Wide Wall S4","Concrete Drainage","n/a",,"Precast Concrete Wide Wall Manhole Ring","n/a","Grey","Precast Concrete","Concrete","Chemical Resistance","DC4","Low Carbon","More environmentally friendly than a traditional system, almost 40% less carbon emitted during the concrete casting process","Safety","Significant reduction in health and safety risks associated with using precast concrete","Cost Effective","Greater cost savings associated with using precast concrete over a traditional system","N/A","N/A","Quick and easy installation","No concrete backfill required, in accordance with ‘Sewers for Adoption’ 7th edition","N/A","N/A","N/A",,"Concrete, Drainage, Precast",,,68.75,
46111,"Precast Concrete Pipes & Manholes","3. Civils & Landscaping","Concrete Pipe and Rings","FP McCann Ltd","PRE RING 1500X750 S4 WW",,"6123","P10 Man Ring 1500x0750mm Wide Wall S4","Concrete Drainage","n/a",,"Precast Concrete Wide Wall Manhole Ring","n/a","Grey","Precast Concrete","Concrete","Chemical Resistance","DC4","Low Carbon","More environmentally friendly than a traditional system, almost 40% less carbon emitted during the concrete casting process","Safety","Significant reduction in health and safety risks associated with using precast concrete","Cost Effective","Greater cost savings associated with using precast concrete over a traditional system","N/A","N/A","Quick and easy installation","No concrete backfill required, in accordance with ‘Sewers for Adoption’ 7th edition","N/A","N/A","N/A",,"Concrete, Drainage, Precast",,,68.75,
46111,"Precast Concrete Pipes & Manholes","3. Civils & Landscaping","Concrete Pipe and Rings","FP McCann Ltd","PRE RING 1800X1000S4 WW",,"6056","P10 Man Ring 1800x1000mm SR4  Wide Wall","Concrete Drainage","n/a",,"Precast Concrete Wide Wall Manhole Ring","n/a","Grey","Precast Concrete","Concrete","Chemical Resistance","DC4","Low Carbon","More environmentally friendly than a traditional system, almost 40% less carbon emitted during the concrete casting process","Safety","Significant reduction in health and safety risks associated with using precast concrete","Cost Effective","Greater cost savings associated with using precast concrete over a traditional system","N/A","N/A","Quick and easy installation","No concrete backfill required, in accordance with ‘Sewers for Adoption’ 7th edition","N/A","N/A","N/A",,"Concrete, Drainage, Precast",,,68.75,
46111,"Precast Concrete Pipes & Manholes","3. Civils & Landscaping","Concrete Pipe and Rings","FP McCann Ltd","PRE RING 1800X0500S4 WW",,"6054","P10 Man Ring 1800x0500mm SR4  Wide Wall","Concrete Drainage","n/a",,"Precast Concrete Wide Wall Manhole Ring","n/a","Grey","Precast Concrete","Concrete","Chemical Resistance","DC4","Low Carbon","More environmentally friendly than a traditional system, almost 40% less carbon emitted during the concrete casting process","Safety","Significant reduction in health and safety risks associated with using precast concrete","Cost Effective","Greater cost savings associated with using precast concrete over a traditional system","N/A","N/A","Quick and easy installation","No concrete backfill required, in accordance with ‘Sewers for Adoption’ 7th edition","N/A","N/A","N/A",,"Concrete, Drainage, Precast",,,68.75,
46111,"Precast Concrete Pipes & Manholes","3. Civils & Landscaping","Concrete Pipe and Rings","FP McCann Ltd","PRE RING 1800X0750S4 WW",,"6055","P10 Man Ring 1800x0750mm SR4  Wide Wall","Concrete Drainage","n/a",,"Precast Concrete Wide Wall Manhole Ring","n/a","Grey","Precast Concrete","Concrete","Chemical Resistance","DC4","Low Carbon","More environmentally friendly than a traditional system, almost 40% less carbon emitted during the concrete casting process","Safety","Significant reduction in health and safety risks associated with using precast concrete","Cost Effective","Greater cost savings associated with using precast concrete over a traditional system","N/A","N/A","Quick and easy installation","No concrete backfill required, in accordance with ‘Sewers for Adoption’ 7th edition","N/A","N/A","N/A",,"Concrete, Drainage, Precast",,,68.75,
46111,"Precast Concrete Pipes & Manholes","3. Civils & Landscaping","Concrete Pipe and Rings","FP McCann Ltd","PRE RING 1800X1000 DS WW",,"6053","P10 Man Ring 1800x1000mm Wide Wall D/STEP","Concrete Drainage","n/a",,"Precast Concrete Wide Wall Manhole Ring","n/a","Grey","Precast Concrete","Concrete","Chemical Resistance","DC4","Low Carbon","More environmentally friendly than a traditional system, almost 40% less carbon emitted during the concrete casting process","Safety","Significant reduction in health and safety risks associated with using precast concrete","Cost Effective","Greater cost savings associated with using precast concrete over a traditional system","N/A","N/A","Quick and easy installation","No concrete backfill required, in accordance with ‘Sewers for Adoption’ 7th edition","N/A","N/A","N/A",,"Concrete, Drainage, Precast",,,68.75,"MCCANN-CR-1800X1000-4-RUNGDOUBLE-STEP-WW.jpg"
46111,"Precast Concrete Pipes & Manholes","3. Civils & Landscaping","Concrete Pipe and Rings","FP McCann Ltd","PRE RING 1800X500 DS WW",,"6051","P10 Man Ring 1800x0500mm Wide Wall D/STEP","Concrete Drainage","n/a",,"Precast Concrete Wide Wall Manhole Ring","n/a","Grey","Precast Concrete","Concrete","Chemical Resistance","DC4","Low Carbon","More environmentally friendly than a traditional system, almost 40% less carbon emitted during the concrete casting process","Safety","Significant reduction in health and safety risks associated with using precast concrete","Cost Effective","Greater cost savings associated with using precast concrete over a traditional system","N/A","N/A","Quick and easy installation","No concrete backfill required, in accordance with ‘Sewers for Adoption’ 7th edition","N/A","N/A","N/A",,"Concrete, Drainage, Precast",,,68.75,"MCCANN-CR-1800X500-2-RUNGDOUBLE-STEP-WW.jpg"
46111,"Precast Concrete Pipes & Manholes","3. Civils & Landscaping","Concrete Pipe and Rings","FP McCann Ltd","PRE RING 1800X750 DS WW",,"6052","P10 Man Ring 1800x0750mm Wide Wall D/STEP","Concrete Drainage","n/a",,"Precast Concrete Wide Wall Manhole Ring","n/a","Grey","Precast Concrete","Concrete","Chemical Resistance","DC4","Low Carbon","More environmentally friendly than a traditional system, almost 40% less carbon emitted during the concrete casting process","Safety","Significant reduction in health and safety risks associated with using precast concrete","Cost Effective","Greater cost savings associated with using precast concrete over a traditional system","N/A","N/A","Quick and easy installation","No concrete backfill required, in accordance with ‘Sewers for Adoption’ 7th edition","N/A","N/A","N/A",,"Concrete, Drainage, Precast",,,68.75,"MCCANN-CR-1800X750-3-RUNGDOUBLE-STEP-WW.jpg"
46285,"Concrete Lintels, Padstones, Floor Beams, Fencing and Walling","1. General Building","Concrete Lintels","FP McCann Ltd","PRE HB 150T-3000",,"PRE HB 150T-3000","150 x 110 T Beam 3000 Long","Concrete Flooring",,,"Precast Concrete Beam & Block",,"Grey","Precast Concrete","Concrete",,"Precast, prestressed concrete",,"150mm and 225mm deep concrete beams available",,"Spans of up to 7 metres can be achieved depending on load conditions",,"Concrete block and poly panel solutions available",,,,,,,,,"Concrete, Flooring, Precast",,,0,"PRE-HB-150T-3000.jpg"
46285,"Concrete Lintels, Padstones, Floor Beams, Fencing and Walling","1. General Building","Concrete Lintels","FP McCann Ltd","PRE HB 150T-3600",,"PRE HB 150T-3600","150 x 110 T Beam 3600 Long","Concrete Flooring",,,"Precast Concrete Beam & Block",,"Grey","Precast Concrete","Concrete",,"Precast, prestressed concrete",,"150mm and 225mm deep concrete beams available",,"Spans of up to 7 metres can be achieved depending on load conditions",,"Concrete block and poly panel solutions available",,,,,,,,,"Concrete, Flooring, Precast",,,0,
46285,"Concrete Lintels, Padstones, Floor Beams, Fencing and Walling","1. General Building","Concrete Lintels","FP McCann Ltd","PRE HB 150T-4200",,"PRE HB 150T-4200","150 x 110 T Beam 4200 Long","Concrete Flooring",,,"Precast Concrete Beam & Block",,"Grey","Precast Concrete","Concrete",,"Precast, prestressed concrete",,"150mm and 225mm deep concrete beams available",,"Spans of up to 7 metres can be achieved depending on load conditions",,"Concrete block and poly panel solutions available",,,,,,,,,"Concrete, Flooring, Precast",,,0,
46285,"Concrete Lintels, Padstones, Floor Beams, Fencing and Walling","1. General Building","Concrete Lintels","FP McCann Ltd","PRE HB 150T-4800",,"PRE HB 150T-4800","150 x 110 T Beam 4800 Long","Concrete Flooring",,,"Precast Concrete Beam & Block",,"Grey","Precast Concrete","Concrete",,"Precast, prestressed concrete",,"150mm and 225mm deep concrete beams available",,"Spans of up to 7 metres can be achieved depending on load conditions",,"Concrete block and poly panel solutions available",,,,,,,,,"Concrete, Flooring, Precast",,,0,
46285,"Concrete Lintels, Padstones, Floor Beams, Fencing and Walling","1. General Building","Concrete Lintels","FP McCann Ltd","PRE FP HDSLP305LW",,"PRE FP HDSLP305LW","10' Heavy Duty Slotted Posts LW","Concrete Fencing",,,"Precast Concrete Slotted Post",,"Grey","Precast Concrete","Concrete",,"Suitable for timber fence panels",,"Full length slots to enable stepping on uneven ground",,,,,,,,,,,,,"Concrete, Fencing, Precast",,,0,
46285,"Concrete Lintels, Padstones, Floor Beams, Fencing and Walling","1. General Building","Concrete Lintels","FP McCann Ltd","PRE FP HDSLP335LW",,"PRE FP HDSLP335LW","11' Heavy Duty Slotted Post LW","Concrete Fencing",,,"Precast Concrete Slotted Post",,"Grey","Precast Concrete","Concrete",,"Suitable for timber fence panels",,"Full length slots to enable stepping on uneven ground",,,,,,,,,,,,,"Concrete, Fencing, Precast",,,0,
46285,"Concrete Lintels, Padstones, Floor Beams, Fencing and Walling","1. General Building","Concrete Lintels","FP McCann Ltd","PRE FP HDSLP366LW",,"PRE FP HDSLP366LW","12' Heavy Duty Slotted Post LW","Concrete Fencing",,,"Precast Concrete Slotted Post",,"Grey","Precast Concrete","Concrete",,"Suitable for timber fence panels",,"Full length slots to enable stepping on uneven ground",,,,,,,,,,,,,"Concrete, Fencing, Precast",,,0,
46285,"Concrete Lintels, Padstones, Floor Beams, Fencing and Walling","1. General Building","Concrete Lintels","FP McCann Ltd","PRE FP HDSLPE305LW",,"PRE FP HDSLPE305LW","10' Heavy Duty Slotted End Post LW","Concrete Fencing",,,"Precast Concrete Slotted Post",,"Grey","Precast Concrete","Concrete",,"Suitable for timber fence panels",,"Full length slots to enable stepping on uneven ground",,,,,,,,,,,,,"Concrete, Fencing, Precast",,,0,
46285,"Concrete Lintels, Padstones, Floor Beams, Fencing and Walling","1. General Building","Concrete Lintels","FP McCann Ltd","PRE FP HDSLPC 335 LW",,"PRE FP HDSLPC 335 LW","11' Heavy Duty Slotted Corner Post LW","Concrete Fencing",,,"Precast Concrete Slotted Post",,"Grey","Precast Concrete","Concrete",,"Suitable for timber fence panels",,"Full length slots to enable stepping on uneven ground",,,,,,,,,,,,,"Concrete, Fencing, Precast",,,0,
46285,"Concrete Lintels, Padstones, Floor Beams, Fencing and Walling","1. General Building","Concrete Lintels","FP McCann Ltd","PRE FP HDSLPC305LW",,"PRE FP HDSLPC305LW","10' Heavy Duty Slotted Corner Post LW","Concrete Fencing",,,"Precast Concrete Slotted Post",,"Grey","Precast Concrete","Concrete",,"Suitable for timber fence panels",,"Full length slots to enable stepping on uneven ground",,,,,,,,,,,,,"Concrete, Fencing, Precast",,,0,
46285,"Concrete Lintels, Padstones, Floor Beams, Fencing and Walling","1. General Building","Concrete Lintels","FP McCann Ltd","PRE FP HDSLPC366LW",,"PRE FP HDSLPC366LW","12' Heavy Duty Slotted Corner Post LW","Concrete Fencing",,,"Precast Concrete Slotted Post",,"Grey","Precast Concrete","Concrete",,"Suitable for timber fence panels",,"Full length slots to enable stepping on uneven ground",,,,,,,,,,,,,"Concrete, Fencing, Precast",,,0,
46285,"Concrete Lintels, Padstones, Floor Beams, Fencing and Walling","1. General Building","Concrete Lintels","FP McCann Ltd","PRE FP GBP150LW",,"PRE FP GBP150LW","6"" Plain Gravel Board LW","Concrete Fencing",,,"Precast Concrete Gravel Board",,"Grey","Precast Concrete","Concrete",,"Durable alternative to wood",,"Rot and maintenance-free",,"Quick and easy to install",,"Precast concrete with the appearance of real timber",,,,,,,,,"Concrete, Fencing, Precast",,,0,
46285,"Concrete Lintels, Padstones, Floor Beams, Fencing and Walling","1. General Building","Concrete Lintels","FP McCann Ltd","PRE FP GBP305LW SD",,"PRE FP GBP305LW SD","12"" Plain Gravel Board LW Semi Dry","Concrete Fencing",,,"Precast Concrete Gravel Board",,"Grey","Precast Concrete","Concrete",,"Durable alternative to wood",,"Rot and maintenance-free",,"Quick and easy to install",,"Precast concrete with the appearance of real timber",,,,,,,,,"Concrete, Fencing, Precast",,,0,
46285,"Concrete Lintels, Padstones, Floor Beams, Fencing and Walling","1. General Building","Concrete Lintels","FP McCann Ltd","PRE FP GBR150LW",,"PRE FP GBR150LW","6"" Recessed Gravel Board LW","Concrete Fencing",,,"Precast Concrete Gravel Board",,"Grey","Precast Concrete","Concrete",,"Durable alternative to wood",,"Rot and maintenance-free",,"Quick and easy to install",,"Precast concrete with the appearance of real timber",,,,,,,,,"Concrete, Fencing, Precast",,,0,
46285,"Concrete Lintels, Padstones, Floor Beams, Fencing and Walling","1. General Building","Concrete Lintels","FP McCann Ltd","PRE FP GBR305LW",,"PRE FP GBR305LW","12"" Recessed Gravel Board LW","Concrete Fencing",,,"Precast Concrete Gravel Board",,"Grey","Precast Concrete","Concrete",,"Durable alternative to wood",,"Rot and maintenance-free",,"Quick and easy to install",,"Precast concrete with the appearance of real timber",,,,,,,,,"Concrete, Fencing, Precast",,,0,"PRE-FP-GBR305LW.jpg"
46285,"Concrete Lintels, Padstones, Floor Beams, Fencing and Walling","1. General Building","Concrete Lintels","FP McCann Ltd","PRE FP GBRF305WCLWHP",,"PRE FP GBRF305WCLWHP","12'' Rock Faced G/B WC HP LW","Concrete Fencing",,,"Precast Concrete Gravel Board",,"Grey","Precast Concrete","Concrete",,"Durable alternative to wood",,"Rot and maintenance-free",,"Quick and easy to install",,"Precast concrete with the appearance of real timber",,,,,,,,,"Concrete, Fencing, Precast",,,0,
46285,"Concrete Lintels, Padstones, Floor Beams, Fencing and Walling","1. General Building","Concrete Lintels","FP McCann Ltd","PRE FP GBP150",,"PRE FP GBP150","6"" Plain Gravel Board","Concrete Fencing",,,"Precast Concrete Gravel Board",,"Grey","Precast Concrete","Concrete",,"Durable alternative to wood",,"Rot and maintenance-free",,"Quick and easy to install",,"Precast concrete with the appearance of real timber",,,,,,,,,"Concrete, Fencing, Precast",,,0,"PRE-FP-GBP150.jpg"
46285,"Concrete Lintels, Padstones, Floor Beams, Fencing and Walling","1. General Building","Concrete Lintels","FP McCann Ltd","PRE FP GBP305",,"PRE FP GBP305","12"" Plain Gravel Board","Concrete Fencing",,,"Precast Concrete Gravel Board",,"Grey","Precast Concrete","Concrete",,"Durable alternative to wood",,"Rot and maintenance-free",,"Quick and easy to install",,"Precast concrete with the appearance of real timber",,,,,,,,,"Concrete, Fencing, Precast",,,0,"PRE-FP-GBP305.jpg"
46285,"Concrete Lintels, Padstones, Floor Beams, Fencing and Walling","1. General Building","Concrete Lintels","FP McCann Ltd","PRE FP GBR150",,"PRE FP GBR150","6"" Recessed Gravel Board","Concrete Fencing",,,"Precast Concrete Gravel Board",,"Grey","Precast Concrete","Concrete",,"Durable alternative to wood",,"Rot and maintenance-free",,"Quick and easy to install",,"Precast concrete with the appearance of real timber",,,,,,,,,"Concrete, Fencing, Precast",,,0,"PRE-FP-GBR150.jpg"
46285,"Concrete Lintels, Padstones, Floor Beams, Fencing and Walling","1. General Building","Concrete Lintels","FP McCann Ltd","PRE FP GBR305",,"PRE FP GBR305","12"" Recessed Gravel Board","Concrete Fencing",,,"Precast Concrete Gravel Board",,"Grey","Precast Concrete","Concrete",,"Durable alternative to wood",,"Rot and maintenance-free",,"Quick and easy to install",,"Precast concrete with the appearance of real timber",,,,,,,,,"Concrete, Fencing, Precast",,,0,
46285,"Concrete Lintels, Padstones, Floor Beams, Fencing and Walling","1. General Building","Concrete Lintels","FP McCann Ltd","PRE FP GBRF305WCHP",,"PRE FP GBRF305WCHP","12"" Rockfaced G/B WC High Profile","Concrete Fencing",,,"Precast Concrete Gravel Board",,"Grey","Precast Concrete","Concrete",,"Durable alternative to wood",,"Rot and maintenance-free",,"Quick and easy to install",,"Precast concrete with the appearance of real timber",,,,,,,,,"Concrete, Fencing, Precast",,,0,"PRE-FP-GBRF305WCHP.jpg"
46285,"Concrete Lintels, Padstones, Floor Beams, Fencing and Walling","1. General Building","Concrete Lintels","FP McCann Ltd","PRE FP GB2885PLW",,"PRE FP GB2885PLW","2.885 Metre Gravel Board LW","Concrete Fencing",,,"Precast Concrete Gravel Board",,"Grey","Precast Concrete","Concrete",,"Durable alternative to wood",,"Rot and maintenance-free",,"Quick and easy to install",,"Precast concrete with the appearance of real timber",,,,,,,,,"Concrete, Fencing, Precast",,,0,
46285,"Concrete Lintels, Padstones, Floor Beams, Fencing and Walling","1. General Building","Concrete Lintels","FP McCann Ltd","PRE FP GB300PLW",,"PRE FP GB300PLW","3.0 Metre Gravel Board LW","Concrete Fencing",,,"Precast Concrete Gravel Board",,"Grey","Precast Concrete","Concrete",,"Durable alternative to wood",,"Rot and maintenance-free",,"Quick and easy to install",,"Precast concrete with the appearance of real timber",,,,,,,,,"Concrete, Fencing, Precast",,,0,
46285,"Concrete Lintels, Padstones, Floor Beams, Fencing and Walling","1. General Building","Concrete Lintels","FP McCann Ltd","PRE FP GB240P",,"PRE FP GB240P","2.4 Metre Gravel Board","Concrete Fencing",,,"Precast Concrete Gravel Board",,"Grey","Precast Concrete","Concrete",,"Durable alternative to wood",,"Rot and maintenance-free",,"Quick and easy to install",,"Precast concrete with the appearance of real timber",,,,,,,,,"Concrete, Fencing, Precast",,,0,
46285,"Concrete Lintels, Padstones, Floor Beams, Fencing and Walling","1. General Building","Concrete Lintels","FP McCann Ltd","PRE FP GB259P",,"PRE FP GB259P","2.59 Metre Gravel Board","Concrete Fencing",,,"Precast Concrete Gravel Board",,"Grey","Precast Concrete","Concrete",,"Durable alternative to wood",,"Rot and maintenance-free",,"Quick and easy to install",,"Precast concrete with the appearance of real timber",,,,,,,,,"Concrete, Fencing, Precast",,,0,
46285,"Concrete Lintels, Padstones, Floor Beams, Fencing and Walling","1. General Building","Concrete Lintels","FP McCann Ltd","PRE FP GB270P",,"PRE FP GB270P","2.7 Metre Gravel Board","Concrete Fencing",,,"Precast Concrete Gravel Board",,"Grey","Precast Concrete","Concrete",,"Durable alternative to wood",,"Rot and maintenance-free",,"Quick and easy to install",,"Precast concrete with the appearance of real timber",,,,,,,,,"Concrete, Fencing, Precast",,,0,
46285,"Concrete Lintels, Padstones, Floor Beams, Fencing and Walling","1. General Building","Concrete Lintels","FP McCann Ltd","PRE FP GB2885P",,"PRE FP GB2885P","2.885 Metre Gravel Board","Concrete Fencing",,,"Precast Concrete Gravel Board",,"Grey","Precast Concrete","Concrete",,"Durable alternative to wood",,"Rot and maintenance-free",,"Quick and easy to install",,"Precast concrete with the appearance of real timber",,,,,,,,,"Concrete, Fencing, Precast",,,0,"PRE-FP-GB2885P.jpg"
46285,"Concrete Lintels, Padstones, Floor Beams, Fencing and Walling","1. General Building","Concrete Lintels","FP McCann Ltd","PRE FP GB300P",,"PRE FP GB300P","3.0 Metre Gravel Board","Concrete Fencing",,,"Precast Concrete Gravel Board",,"Grey","Precast Concrete","Concrete",,"Durable alternative to wood",,"Rot and maintenance-free",,"Quick and easy to install",,"Precast concrete with the appearance of real timber",,,,,,,,,"Concrete, Fencing, Precast",,,0,
46285,"Concrete Lintels, Padstones, Floor Beams, Fencing and Walling","1. General Building","Concrete Lintels","FP McCann Ltd","PRE FP MOR275DBLW",,"PRE FP MOR275DBLW","9' MORTICED POST DROP BOTTOM LW","Concrete Fencing",,,"Precast Concrete Morticed Post",,"Grey","Precast Concrete","Concrete",,"Suitable for closeboard fencing using rails and feather edge boards",,"Consistent high quality",,,,,,,,,,,,,"Concrete, Fencing, Precast",,,0,
46285,"Concrete Lintels, Padstones, Floor Beams, Fencing and Walling","1. General Building","Concrete Lintels","FP McCann Ltd","PRE FP DECP1200",,"PRE FP DECP1200","1200mm Deck Post","Concrete Fencing",,,"Precast Concrete Deck Post",,"Grey","Precast Concrete","Concrete",,"Durable alternative to wood",,"Available in four different lengths",,"Rot free",,"Quick and easy to install",,,,,,,,,"Concrete, Fencing, Precast",,,0,"PRE-FP-DECP1200.jpg"
46285,"Concrete Lintels, Padstones, Floor Beams, Fencing and Walling","1. General Building","Concrete Lintels","FP McCann Ltd","PRE FP DECP450",,"PRE FP DECP450","450mm Deck Post","Concrete Fencing",,,"Precast Concrete Deck Post",,"Grey","Precast Concrete","Concrete",,"Durable alternative to wood",,"Available in four different lengths",,"Rot free",,"Quick and easy to install",,,,,,,,,"Concrete, Fencing, Precast",,,0,
46285,"Concrete Lintels, Padstones, Floor Beams, Fencing and Walling","1. General Building","Concrete Lintels","FP McCann Ltd","PRE FP DECP600",,"PRE FP DECP600","600mm Deck Post","Concrete Fencing",,,"Precast Concrete Deck Post",,"Grey","Precast Concrete","Concrete",,"Durable alternative to wood",,"Available in four different lengths",,"Rot free",,"Quick and easy to install",,,,,,,,,"Concrete, Fencing, Precast",,,0,
46285,"Concrete Lintels, Padstones, Floor Beams, Fencing and Walling","1. General Building","Concrete Lintels","FP McCann Ltd","PRE FP DECP900",,"PRE FP DECP900","900mm Deck Post","Concrete Fencing",,,"Precast Concrete Deck Post",,"Grey","Precast Concrete","Concrete",,"Durable alternative to wood",,"Available in four different lengths",,"Rot free",,"Quick and easy to install",,,,,,,,,"Concrete, Fencing, Precast",,,0,
46285,"Concrete Lintels, Padstones, Floor Beams, Fencing and Walling","1. General Building","Concrete Lintels","FP McCann Ltd","PRE OW COPING 165X60X610MM",,"PRE OW COPING 165X60X610MM","ONCE WEATHERED COPING 165X60X610MM","Building Products ",,,"Precast Concrete Wall Copings ",,"Grey","Precast Concrete","Concrete",,"Eye-catching finish",,"Helps prevent potential wall erosion or discolouring caused by adverse weather conditions",,,,,,,,,,,,,"Concrete, Building Products, Precast",,,0,
46285,"Concrete Lintels, Padstones, Floor Beams, Fencing and Walling","1. General Building","Concrete Lintels","FP McCann Ltd","PRE OW COPING 305X70X610MM",,"PRE OW COPING 305X70X610MM","ONCE WEATHERED COPING 305X70X610MM","Building Products ",,,"Precast Concrete Wall Copings ",,"Grey","Precast Concrete","Concrete",,"Eye-catching finish",,"Helps prevent potential wall erosion or discolouring caused by adverse weather conditions",,"Available in Saddleback",,,,,,,,,,,"Concrete, Building Products, Precast",,,0,
46285,"Concrete Lintels, Padstones, Floor Beams, Fencing and Walling","1. General Building","Concrete Lintels","FP McCann Ltd","PRE OW COPING 355X75X610MM",,"PRE OW COPING 355X75X610MM","ONCE WEATHERED COPING 355X75X610MM","Building Products ",,,"Precast Concrete Wall Copings ",,"Grey","Precast Concrete","Concrete",,"Eye-catching finish",,"Helps prevent potential wall erosion or discolouring caused by adverse weather conditions",,"Available in Saddleback",,,,,,,,,,,"Concrete, Building Products, Precast",,,0,
46285,"Concrete Lintels, Padstones, Floor Beams, Fencing and Walling","1. General Building","Concrete Lintels","FP McCann Ltd","PRE OW COPING 405X75X910MM",,"PRE OW COPING 405X75X910MM","ONCE WEATHERED COPING 405X75X910MM","Building Products ",,,"Precast Concrete Wall Copings ",,"Grey","Precast Concrete","Concrete",,"Eye-catching finish",,"Helps prevent potential wall erosion or discolouring caused by adverse weather conditions",,"Available in Saddleback",,,,,,,,,,,"Concrete, Building Products, Precast",,,0,"PRE-OW-COPING-405X75X910MM.jpg"
46285,"Concrete Lintels, Padstones, Floor Beams, Fencing and Walling","1. General Building","Concrete Lintels","FP McCann Ltd","PRE SB COPING 125X30X600MM",,"PRE SB COPING 125X30X600MM","PRE SB COPING 125X30X600MM","Building Products ",,,"Precast Concrete Wall Copings ",,"Grey","Precast Concrete","Concrete",,"Eye-catching finish",,"Helps prevent potential wall erosion or discolouring caused by adverse weather conditions",,"Available in Saddleback",,,,,,,,,,,"Concrete, Building Products, Precast",,,0,
46285,"Concrete Lintels, Padstones, Floor Beams, Fencing and Walling","1. General Building","Concrete Lintels","FP McCann Ltd","PRE SB COPING 150X48X590MM",,"PRE SB COPING 150X48X590MM","PRE SB COPING 150X48X590MM","Building Products ",,,"Precast Concrete Wall Copings ",,"Grey","Precast Concrete","Concrete",,"Eye-catching finish",,"Helps prevent potential wall erosion or discolouring caused by adverse weather conditions",,"Available in Saddleback",,,,,,,,,,,"Concrete, Building Products, Precast",,,0,
46285,"Concrete Lintels, Padstones, Floor Beams, Fencing and Walling","1. General Building","Concrete Lintels","FP McCann Ltd","PRE SB COPING 175X75X906MM",,"PRE SB COPING 175X75X906MM","PRE SB COPING 175X75X906MM","Building Products ",,,"Precast Concrete Wall Copings ",,"Grey","Precast Concrete","Concrete",,"Eye-catching finish",,"Helps prevent potential wall erosion or discolouring caused by adverse weather conditions",,"Available in Saddleback",,,,,,,,,,,"Concrete, Building Products, Precast",,,0,
46285,"Concrete Lintels, Padstones, Floor Beams, Fencing and Walling","1. General Building","Concrete Lintels","FP McCann Ltd","PRE SB COPING 230X60X902MM",,"PRE SB COPING 230X60X902MM","PRE SB COPING 230X60X902MM","Building Products ",,,"Precast Concrete Wall Copings ",,"Grey","Precast Concrete","Concrete",,"Eye-catching finish",,"Helps prevent potential wall erosion or discolouring caused by adverse weather conditions",,"Available in Saddleback",,,,,,,,,,,"Concrete, Building Products, Precast",,,0,
46285,"Concrete Lintels, Padstones, Floor Beams, Fencing and Walling","1. General Building","Concrete Lintels","FP McCann Ltd","PRE SB COPING 285X50X600MM",,"PRE SB COPING 285X50X600MM","PRE SB COPING 285X50X600MM","Building Products ",,,"Precast Concrete Wall Copings ",,"Grey","Precast Concrete","Concrete",,"Eye-catching finish",,"Helps prevent potential wall erosion or discolouring caused by adverse weather conditions",,"Available in Saddleback",,,,,,,,,,,"Concrete, Building Products, Precast",,,0,
46285,"Concrete Lintels, Padstones, Floor Beams, Fencing and Walling","1. General Building","Concrete Lintels","FP McCann Ltd","PRE SB COPING 302X60X905MM",,"PRE SB COPING 302X60X905MM","PRE SB COPING 302X60X905MM","Building Products ",,,"Precast Concrete Wall Copings ",,"Grey","Precast Concrete","Concrete",,"Eye-catching finish",,"Helps prevent potential wall erosion or discolouring caused by adverse weather conditions",,"Available in Saddleback",,,,,,,,,,,"Concrete, Building Products, Precast",,,0,
46285,"Concrete Lintels, Padstones, Floor Beams, Fencing and Walling","1. General Building","Concrete Lintels","FP McCann Ltd","PRE TW COPING 165X60X610MM",,"PRE TW COPING 165X60X610MM","PRE TW COPING 165X60X610MM","Building Products ",,,"Precast Concrete Wall Copings ",,"Grey","Precast Concrete","Concrete",,"Eye-catching finish",,"Helps prevent potential wall erosion or discolouring caused by adverse weather conditions",,"Available in Saddleback",,,,,,,,,,,"Concrete, Building Products, Precast",,,0,"PRE-TW-COPING-405X75X915MM.jpg"
46285,"Concrete Lintels, Padstones, Floor Beams, Fencing and Walling","1. General Building","Concrete Lintels","FP McCann Ltd","PRE TW COPING 300X70X610MM",,"PRE TW COPING 300X70X610MM","PRE TW COPING 300X70X610MM","Building Products ",,,"Precast Concrete Wall Copings ",,"Grey","Precast Concrete","Concrete",,"Eye-catching finish",,"Helps prevent potential wall erosion or discolouring caused by adverse weather conditions",,"Available in Saddleback",,,,,,,,,,,"Concrete, Building Products, Precast",,,0,"PRE-TW-COPING-405X75X915MM.jpg"
46285,"Concrete Lintels, Padstones, Floor Beams, Fencing and Walling","1. General Building","Concrete Lintels","FP McCann Ltd","PRE TW COPING 355X75X610MM",,"PRE TW COPING 355X75X610MM","PRE TW COPING 355X75X610MM","Building Products ",,,"Precast Concrete Wall Copings ",,"Grey","Precast Concrete","Concrete",,"Eye-catching finish",,"Helps prevent potential wall erosion or discolouring caused by adverse weather conditions",,"Available in Saddleback",,,,,,,,,,,"Concrete, Building Products, Precast",,,0,"PRE-TW-COPING-405X75X915MM.jpg"
46285,"Concrete Lintels, Padstones, Floor Beams, Fencing and Walling","1. General Building","Concrete Lintels","FP McCann Ltd","PRE TW COPING 405X75X915MM",,"PRE TW COPING 405X75X915MM","PRE TW COPING 405X75X915MM","Building Products ",,,"Precast Concrete Wall Copings ",,"Grey","Precast Concrete","Concrete",,"Eye-catching finish",,"Helps prevent potential wall erosion or discolouring caused by adverse weather conditions",,"Available in Saddleback",,,,,,,,,,,"Concrete, Building Products, Precast",,,0,"PRE-TW-COPING-405X75X915MM.jpg"
46285,"Concrete Lintels, Padstones, Floor Beams, Fencing and Walling","1. General Building","Concrete Lintels","FP McCann Ltd","PRE FP BOL135",,"PRE FP BOL135","4ft 6'' Bollards","Concrete Fencing ",,,"Precast Concrete Bollards ",,"Grey","Precast Concrete","Concrete",,"Prevent access where required",,"Create effective perimeters",,"Keep sites secure",,,,,,,,,,,"Concrete, Fencing, Precast",,,0,"PRE-FP-BOL135.jpg"
46285,"Concrete Lintels, Padstones, Floor Beams, Fencing and Walling","1. General Building","Concrete Lintels","FP McCann Ltd","PRE PADSTONE 215X140X100MM",,"PRE PADSTONE 215X140X100MM","PRE PAD STONE 215X140X100MM","Building Products ",,,"Precast Concrete Padstones ",,"Grey","Precast Concrete","Concrete",,"Consistent high quality",,"Resillient masonry support for door and window openings",,,,,,,,,,,,,"Concrete, Building Products, Precast",,,0,"PRE-PAD-STONE.jpg"
46285,"Concrete Lintels, Padstones, Floor Beams, Fencing and Walling","1. General Building","Concrete Lintels","FP McCann Ltd","PRE PADSTONE 215X215X100MM",,"PRE PADSTONE 215X215X100MM","PRE PAD STONE 215X215X100MM","Building Products ",,,"Precast Concrete Padstones ",,"Grey","Precast Concrete","Concrete",,"Consistent high quality",,"Resillient masonry support for door and window openings",,,,,,,,,,,,,"Concrete, Building Products, Precast",,,0,"PRE-PAD-STONE.jpg"
46285,"Concrete Lintels, Padstones, Floor Beams, Fencing and Walling","1. General Building","Concrete Lintels","FP McCann Ltd","PRE PADSTONE 215X215X140MM",,"PRE PADSTONE 215X215X140MM","PRE PAD STONE 215X215X140MM","Building Products ",,,"Precast Concrete Padstones ",,"Grey","Precast Concrete","Concrete",,"Consistent high quality",,"Resillient masonry support for door and window openings",,,,,,,,,,,,,"Concrete, Building Products, Precast",,,0,"PRE-PAD-STONE.jpg"
46285,"Concrete Lintels, Padstones, Floor Beams, Fencing and Walling","1. General Building","Concrete Lintels","FP McCann Ltd","PRE PADSTONE 300X100X140MM",,"PRE PADSTONE 300X100X140MM","PRE PAD STONE 300X100X140MM","Building Products ",,,"Precast Concrete Padstones ",,"Grey","Precast Concrete","Concrete",,"Consistent high quality",,"Resillient masonry support for door and window openings",,,,,,,,,,,,,"Concrete, Building Products, Precast",,,0,"PRE-PAD-STONE.jpg"
46285,"Concrete Lintels, Padstones, Floor Beams, Fencing and Walling","1. General Building","Concrete Lintels","FP McCann Ltd","PRE PADSTONE 330X215X100MM",,"PRE PADSTONE 330X215X100MM","PRE PAD STONE 330X215X100MM","Building Products ",,,"Precast Concrete Padstones ",,"Grey","Precast Concrete","Concrete",,"Consistent high quality",,"Resillient masonry support for door and window openings",,,,,,,,,,,,,"Concrete, Building Products, Precast",,,0,"PRE-PAD-STONE.jpg"
46285,"Concrete Lintels, Padstones, Floor Beams, Fencing and Walling","1. General Building","Concrete Lintels","FP McCann Ltd","PRE PADSTONE 380X140X215MM",,"PRE PADSTONE 380X140X215MM","PRE PAD STONE 380X140X215MM","Building Products ",,,"Precast Concrete Padstones ",,"Grey","Precast Concrete","Concrete",,"Consistent high quality",,"Resillient masonry support for door and window openings",,,,,,,,,,,,,"Concrete, Building Products, Precast",,,0,"PRE-PAD-STONE.jpg"
46285,"Concrete Lintels, Padstones, Floor Beams, Fencing and Walling","1. General Building","Concrete Lintels","FP McCann Ltd","PRE PADSTONE 440X140X100MM",,"PRE PADSTONE 440X140X100MM","PRE PAD STONE 440X140X100MM","Building Products ",,,"Precast Concrete Padstones ",,"Grey","Precast Concrete","Concrete",,"Consistent high quality",,"Resillient masonry support for door and window openings",,,,,,,,,,,,,"Concrete, Building Products, Precast",,,0,"PRE-PAD-STONE.jpg"
46285,"Concrete Lintels, Padstones, Floor Beams, Fencing and Walling","1. General Building","Concrete Lintels","FP McCann Ltd","PRE PADSTONE 440X140X140MM",,"PRE PADSTONE 440X140X140MM","PRE PAD STONE 440X140X140MM","Building Products ",,,"Precast Concrete Padstones ",,"Grey","Precast Concrete","Concrete",,"Consistent high quality",,"Resillient masonry support for door and window openings",,,,,,,,,,,,,"Concrete, Building Products, Precast",,,0,"PRE-PAD-STONE.jpg"
46285,"Concrete Lintels, Padstones, Floor Beams, Fencing and Walling","1. General Building","Concrete Lintels","FP McCann Ltd","PRE PADSTONE 440X215X100MM",,"PRE PADSTONE 440X215X100MM","PRE PAD STONE 440X215X100MM","Building Products ",,,"Precast Concrete Padstones ",,"Grey","Precast Concrete","Concrete",,"Consistent high quality",,"Resillient masonry support for door and window openings",,,,,,,,,,,,,"Concrete, Building Products, Precast",,,0,"PRE-PAD-STONE-440X215X100MM.jpg"
46285,"Concrete Lintels, Padstones, Floor Beams, Fencing and Walling","1. General Building","Concrete Lintels","FP McCann Ltd","PRE PADSTONE 440X215X140MM",,"PRE PADSTONE 440X215X140MM","PRE PAD STONE 440X215X140MM","Building Products ",,,"Precast Concrete Padstones ",,"Grey","Precast Concrete","Concrete",,"Consistent high quality",,"Resillient masonry support for door and window openings",,,,,,,,,,,,,"Concrete, Building Products, Precast",,,0,"PRE-PAD-STONE.jpg"
46285,"Concrete Lintels, Padstones, Floor Beams, Fencing and Walling","1. General Building","Concrete Lintels","FP McCann Ltd","PRE PADSTONE 440X215X215MM",,"PRE PADSTONE 440X215X215MM","PRE PAD STONE 440X215X215MM","Building Products ",,,"Precast Concrete Padstones ",,"Grey","Precast Concrete","Concrete",,"Consistent high quality",,"Resillient masonry support for door and window openings",,,,,,,,,,,,,"Concrete, Building Products, Precast",,,0,"PRE-PAD-STONE.jpg"
46285,"Concrete Lintels, Padstones, Floor Beams, Fencing and Walling","1. General Building","Concrete Lintels","FP McCann Ltd","PRE PADSTONE 440x440x215MM",,"PRE PADSTONE 440x440x215MM","PRE PAD STONE 440X440X215MM","Building Products ",,,"Precast Concrete Padstones ",,"Grey","Precast Concrete","Concrete",,"Consistent high quality",,"Resillient masonry support for door and window openings",,,,,,,,,,,,,"Concrete, Building Products, Precast",,,0,"PRE-PAD-STONE.jpg"
46285,"Concrete Lintels, Padstones, Floor Beams, Fencing and Walling","1. General Building","Concrete Lintels","FP McCann Ltd","PRE PADSTONE 600X140X100MM",,"PRE PADSTONE 600X140X100MM","PRE PAD STONE 600X140X100MM","Building Products ",,,"Precast Concrete Padstones ",,"Grey","Precast Concrete","Concrete",,"Consistent high quality",,"Resillient masonry support for door and window openings",,,,,,,,,,,,,"Concrete, Building Products, Precast",,,0,"PRE-PAD-STONE.jpg"
46285,"Concrete Lintels, Padstones, Floor Beams, Fencing and Walling","1. General Building","Concrete Lintels","FP McCann Ltd","PRE PADSTONE 600X215X100MM",,"PRE PADSTONE 600X215X100MM","PRE PAD STONE 600X215X100MM","Building Products ",,,"Precast Concrete Padstones ",,"Grey","Precast Concrete","Concrete",,"Consistent high quality",,"Resillient masonry support for door and window openings",,,,,,,,,,,,,"Concrete, Building Products, Precast",,,0,"PRE-PAD-STONE.jpg"
46285,"Concrete Lintels, Padstones, Floor Beams, Fencing and Walling","1. General Building","Concrete Lintels","FP McCann Ltd","PRE PILLAR CAP 300X300MM",,"PRE PILLAR CAP 300X300MM","PRE PILLAR CAP 300X300MM","Building Products ",,,"Precast Concrete Pier Caps ",,"Grey","Precast Concrete","Concrete",,"Eye-catching finish",,"Helps prevent potential wall erosion or discolouring caused by adverse weather conditions",,"Available in Saddleback or Flat Top* (Flat Top only available in NI/ROI)",,,,,,,,,,,"Concrete, Building Products, Precast",,,0,"PRE-PILLAR-CAP.jpg"
46285,"Concrete Lintels, Padstones, Floor Beams, Fencing and Walling","1. General Building","Concrete Lintels","FP McCann Ltd","PRE PILLAR CAP 400X400MM",,"PRE PILLAR CAP 400X400MM","PRE PILLAR CAP 400X400MM","Building Products ",,,"Precast Concrete Pier Caps ",,"Grey","Precast Concrete","Concrete",,"Eye-catching finish",,"Helps prevent potential wall erosion or discolouring caused by adverse weather conditions",,"Available in Saddleback or Flat Top* (Flat Top only available in NI/ROI)",,,,,,,,,,,"Concrete, Building Products, Precast",,,0,"PRE-PILLAR-CAP.jpg"
46285,"Concrete Lintels, Padstones, Floor Beams, Fencing and Walling","1. General Building","Concrete Lintels","FP McCann Ltd","PRE PILLAR CAP 560X560MM",,"PRE PILLAR CAP 560X560MM","PRE PILLAR CAP 560X560MM","Building Products ",,,"Precast Concrete Pier Caps ",,"Grey","Precast Concrete","Concrete",,"Eye-catching finish",,"Helps prevent potential wall erosion or discolouring caused by adverse weather conditions",,"Available in Saddleback or Flat Top* (Flat Top only available in NI/ROI)",,,,,,,,,,,"Concrete, Building Products, Precast",,,0,"PRE-PILLAR-CAP.jpg"
46285,"Concrete Lintels, Padstones, Floor Beams, Fencing and Walling","1. General Building","Concrete Lintels","FP McCann Ltd","PRE LINTEL 100X100X1050MM",,"PRE LINTEL 100X100X1050MM","Prestressed Concrete Lintel 100 x 100 x 1050mm","Building Products ",,,"Precast Concrete Lintels ",,"Grey","Precast Concrete","Concrete",,"Consistent high quality",,"Resillient masonry support for door and window openings",,,,,,,,,,,,,"Concrete, Building Products, Precast",,,0,"PRE-LINTEL-100x100-lintel.jpg"
46285,"Concrete Lintels, Padstones, Floor Beams, Fencing and Walling","1. General Building","Concrete Lintels","FP McCann Ltd","PRE LINTEL 100X100X1200MM",,"PRE LINTEL 100X100X1200MM","Prestressed Concrete Lintel 100 x 100 x 1200mm","Building Products ",,,"Precast Concrete Lintels ",,"Grey","Precast Concrete","Concrete",,"Consistent high quality",,"Resillient masonry support for door and window openings",,,,,,,,,,,,,"Concrete, Building Products, Precast",,,0,"PRE-LINTEL-100x100-lintel.jpg"
46285,"Concrete Lintels, Padstones, Floor Beams, Fencing and Walling","1. General Building","Concrete Lintels","FP McCann Ltd","PRE LINTEL 100X100X1350MM",,"PRE LINTEL 100X100X1350MM","Prestressed Concrete Lintel 100 x 100 x 1350mm","Building Products ",,,"Precast Concrete Lintels ",,"Grey","Precast Concrete","Concrete",,"Consistent high quality",,"Resillient masonry support for door and window openings",,,,,,,,,,,,,"Concrete, Building Products, Precast",,,0,"PRE-LINTEL-100x100-lintel.jpg"
46285,"Concrete Lintels, Padstones, Floor Beams, Fencing and Walling","1. General Building","Concrete Lintels","FP McCann Ltd","PRE LINTEL 100X100X1500MM",,"PRE LINTEL 100X100X1500MM","Prestressed Concrete Lintel 100 x 100 x 1500mm","Building Products ",,,"Precast Concrete Lintels ",,"Grey","Precast Concrete","Concrete",,"Consistent high quality",,"Resillient masonry support for door and window openings",,,,,,,,,,,,,"Concrete, Building Products, Precast",,,0,"PRE-LINTEL-100x100-lintel.jpg"
46285,"Concrete Lintels, Padstones, Floor Beams, Fencing and Walling","1. General Building","Concrete Lintels","FP McCann Ltd","PRE LINTEL 100X100X1650MM",,"PRE LINTEL 100X100X1650MM","Prestressed Concrete Lintel 100 x 100 x 1650mm","Building Products ",,,"Precast Concrete Lintels ",,"Grey","Precast Concrete","Concrete",,"Consistent high quality",,"Resillient masonry support for door and window openings",,,,,,,,,,,,,"Concrete, Building Products, Precast",,,0,"PRE-LINTEL-100x100-lintel.jpg"
46285,"Concrete Lintels, Padstones, Floor Beams, Fencing and Walling","1. General Building","Concrete Lintels","FP McCann Ltd","PRE LINTEL 100X100X1800MM",,"PRE LINTEL 100X100X1800MM","Prestressed Concrete Lintel 100 x 100 x 1800mm","Building Products ",,,"Precast Concrete Lintels ",,"Grey","Precast Concrete","Concrete",,"Consistent high quality",,"Resillient masonry support for door and window openings",,,,,,,,,,,,,"Concrete, Building Products, Precast",,,0,"PRE-LINTEL-100x100-lintel.jpg"
46285,"Concrete Lintels, Padstones, Floor Beams, Fencing and Walling","1. General Building","Concrete Lintels","FP McCann Ltd","PRE LINTEL 100X100X2100MM",,"PRE LINTEL 100X100X2100MM","Prestressed Concrete Lintel 100 x 100 x 2100mm","Building Products ",,,"Precast Concrete Lintels ",,"Grey","Precast Concrete","Concrete",,"Consistent high quality",,"Resillient masonry support for door and window openings",,,,,,,,,,,,,"Concrete, Building Products, Precast",,,0,"PRE-LINTEL-100x100-lintel.jpg"
46285,"Concrete Lintels, Padstones, Floor Beams, Fencing and Walling","1. General Building","Concrete Lintels","FP McCann Ltd","PRE LINTEL 100X100X2400MM",,"PRE LINTEL 100X100X2400MM","Prestressed Concrete Lintel 100 x 100 x 2400mm","Building Products ",,,"Precast Concrete Lintels ",,"Grey","Precast Concrete","Concrete",,"Consistent high quality",,"Resillient masonry support for door and window openings",,,,,,,,,,,,,"Concrete, Building Products, Precast",,,0,"PRE-LINTEL-100x100-lintel.jpg"
46285,"Concrete Lintels, Padstones, Floor Beams, Fencing and Walling","1. General Building","Concrete Lintels","FP McCann Ltd","PRE LINTEL 100X100X2700MM",,"PRE LINTEL 100X100X2700MM","Prestressed Concrete Lintel 100 x 100 x 2700mm","Building Products ",,,"Precast Concrete Lintels ",,"Grey","Precast Concrete","Concrete",,"Consistent high quality",,"Resillient masonry support for door and window openings",,,,,,,,,,,,,"Concrete, Building Products, Precast",,,0,"PRE-LINTEL-100x100-lintel.jpg"
46285,"Concrete Lintels, Padstones, Floor Beams, Fencing and Walling","1. General Building","Concrete Lintels","FP McCann Ltd","PRE LINTEL 100X100X3000MM",,"PRE LINTEL 100X100X3000MM","Prestressed Concrete Lintel 100 x 100 x 3000mm","Building Products ",,,"Precast Concrete Lintels ",,"Grey","Precast Concrete","Concrete",,"Consistent high quality",,"Resillient masonry support for door and window openings",,,,,,,,,,,,,"Concrete, Building Products, Precast",,,0,"PRE-LINTEL-100x100-lintel.jpg"
46285,"Concrete Lintels, Padstones, Floor Beams, Fencing and Walling","1. General Building","Concrete Lintels","FP McCann Ltd","PRE LINTEL 100X100X600MM",,"PRE LINTEL 100X100X600MM","Prestressed Concrete Lintel 100 x 100 x 0600mm","Building Products ",,,"Precast Concrete Lintels ",,"Grey","Precast Concrete","Concrete",,"Consistent high quality",,"Resillient masonry support for door and window openings",,,,,,,,,,,,,"Concrete, Building Products, Precast",,,0,"PRE-LINTEL-100x100-lintel.jpg"
46285,"Concrete Lintels, Padstones, Floor Beams, Fencing and Walling","1. General Building","Concrete Lintels","FP McCann Ltd","PRE LINTEL 100X100X750MM",,"PRE LINTEL 100X100X750MM","Prestressed Concrete Lintel 100 x 100 x 0750mm","Building Products ",,,"Precast Concrete Lintels ",,"Grey","Precast Concrete","Concrete",,"Consistent high quality",,"Resillient masonry support for door and window openings",,,,,,,,,,,,,"Concrete, Building Products, Precast",,,0,"PRE-LINTEL-100x100-lintel.jpg"
46285,"Concrete Lintels, Padstones, Floor Beams, Fencing and Walling","1. General Building","Concrete Lintels","FP McCann Ltd","PRE LINTEL 100X100X900MM",,"PRE LINTEL 100X100X900MM","Prestressed Concrete Lintel 100 x 100 x 0900mm","Building Products ",,,"Precast Concrete Lintels ",,"Grey","Precast Concrete","Concrete",,"Consistent high quality",,"Resillient masonry support for door and window openings",,,,,,,,,,,,,"Concrete, Building Products, Precast",,,0,"PRE-LINTEL-100x100-lintel.jpg"
46285,"Concrete Lintels, Padstones, Floor Beams, Fencing and Walling","1. General Building","Concrete Lintels","FP McCann Ltd","PRE LINTEL 215X100X3300MM",,"PRE LINTEL 215X100X3300MM","Prestressed Concrete Lintel 215 x 100 x 3300mm","Building Products ",,,"Precast Concrete Lintels ",,"Grey","Precast Concrete","Concrete",,"Consistent high quality",,"Resillient masonry support for door and window openings",,,,,,,,,,,,,"Concrete, Building Products, Precast",,,0,"PRE-LINTEL-215x100-lintel.jpg"
46285,"Concrete Lintels, Padstones, Floor Beams, Fencing and Walling","1. General Building","Concrete Lintels","FP McCann Ltd","PRE LINTEL 215X100X3450MM",,"PRE LINTEL 215X100X3450MM","Prestressed Concrete Lintel 215 x 100 x 3450mm","Building Products ",,,"Precast Concrete Lintels ",,"Grey","Precast Concrete","Concrete",,"Consistent high quality",,"Resillient masonry support for door and window openings",,,,,,,,,,,,,"Concrete, Building Products, Precast",,,0,"PRE-LINTEL-215x100-lintel.jpg"
46285,"Concrete Lintels, Padstones, Floor Beams, Fencing and Walling","1. General Building","Concrete Lintels","FP McCann Ltd","PRE LINTEL 215X100X3600MM",,"PRE LINTEL 215X100X3600MM","Prestressed Concrete Lintel 215 x 100 x 3600mm","Building Products ",,,"Precast Concrete Lintels ",,"Grey","Precast Concrete","Concrete",,"Consistent high quality",,"Resillient masonry support for door and window openings",,,,,,,,,,,,,"Concrete, Building Products, Precast",,,0,"PRE-LINTEL-215x100-lintel.jpg"
46285,"Concrete Lintels, Padstones, Floor Beams, Fencing and Walling","1. General Building","Concrete Lintels","FP McCann Ltd","PRE LINTEL 215X100X3750MM",,"PRE LINTEL 215X100X3750MM","Prestressed Concrete Lintel 215 x 100 x 3750mm","Building Products ",,,"Precast Concrete Lintels ",,"Grey","Precast Concrete","Concrete",,"Consistent high quality",,"Resillient masonry support for door and window openings",,,,,,,,,,,,,"Concrete, Building Products, Precast",,,0,"PRE-LINTEL-215x100-lintel.jpg"
46285,"Concrete Lintels, Padstones, Floor Beams, Fencing and Walling","1. General Building","Concrete Lintels","FP McCann Ltd","PRE LINTEL 215X100X3850MM",,"PRE LINTEL 215X100X3850MM","Prestressed Concrete Lintel 215 x 100 x 3850mm","Building Products ",,,"Precast Concrete Lintels ",,"Grey","Precast Concrete","Concrete",,"Consistent high quality",,"Resillient masonry support for door and window openings",,,,,,,,,,,,,"Concrete, Building Products, Precast",,,0,"PRE-LINTEL-215x100-lintel.jpg"
46285,"Concrete Lintels, Padstones, Floor Beams, Fencing and Walling","1. General Building","Concrete Lintels","FP McCann Ltd","PRE LINTEL 215X100X4000MM",,"PRE LINTEL 215X100X4000MM","Prestressed Concrete Lintel 215 x 100 x 4000mm","Building Products ",,,"Precast Concrete Lintels ",,"Grey","Precast Concrete","Concrete",,"Consistent high quality",,"Resillient masonry support for door and window openings",,,,,,,,,,,,,"Concrete, Building Products, Precast",,,0,"PRE-LINTEL-215x100-lintel.jpg"
46285,"Concrete Lintels, Padstones, Floor Beams, Fencing and Walling","1. General Building","Concrete Lintels","FP McCann Ltd","PRE LINTEL 215X100X450MM",,"PRE LINTEL 215X100X450MM","Prestressed Concrete Lintel 215 x 100 x 0450mm","Building Products ",,,"Precast Concrete Lintels ",,"Grey","Precast Concrete","Concrete",,"Consistent high quality",,"Resillient masonry support for door and window openings",,,,,,,,,,,,,"Concrete, Building Products, Precast",,,0,"PRE-LINTEL-215x100-lintel.jpg"
46285,"Concrete Lintels, Padstones, Floor Beams, Fencing and Walling","1. General Building","Concrete Lintels","FP McCann Ltd","PRE LINTEL 215X100X5000MM",,"PRE LINTEL 215X100X5000MM","Prestressed Concrete Lintel 215 x 100 x 5000mm","Building Products ",,,"Precast Concrete Lintels ",,"Grey","Precast Concrete","Concrete",,"Consistent high quality",,"Resillient masonry support for door and window openings",,,,,,,,,,,,,"Concrete, Building Products, Precast",,,0,"PRE-LINTEL-215x100-lintel.jpg"
46285,"Concrete Lintels, Padstones, Floor Beams, Fencing and Walling","1. General Building","Concrete Lintels","FP McCann Ltd","PRE LINTEL 215X100X600MM",,"PRE LINTEL 215X100X600MM","Prestressed Concrete Lintel 215 x 100 x 0600mm","Building Products ",,,"Precast Concrete Lintels ",,"Grey","Precast Concrete","Concrete",,"Consistent high quality",,"Resillient masonry support for door and window openings",,,,,,,,,,,,,"Concrete, Building Products, Precast",,,0,"PRE-LINTEL-215x100-lintel.jpg"
46285,"Concrete Lintels, Padstones, Floor Beams, Fencing and Walling","1. General Building","Concrete Lintels","FP McCann Ltd","PRE LINTEL 215X100X750MM",,"PRE LINTEL 215X100X750MM","Prestressed Concrete Lintel 215 x 100 x 0750mm","Building Products ",,,"Precast Concrete Lintels ",,"Grey","Precast Concrete","Concrete",,"Consistent high quality",,"Resillient masonry support for door and window openings",,,,,,,,,,,,,"Concrete, Building Products, Precast",,,0,"PRE-LINTEL-215x100-lintel.jpg"
46285,"Concrete Lintels, Padstones, Floor Beams, Fencing and Walling","1. General Building","Concrete Lintels","FP McCann Ltd","PRE LINTEL 215X100X900MM",,"PRE LINTEL 215X100X900MM","Prestressed Concrete Lintel 215 x 100 x 0900mm","Building Products ",,,"Precast Concrete Lintels ",,"Grey","Precast Concrete","Concrete",,"Consistent high quality",,"Resillient masonry support for door and window openings",,,,,,,,,,,,,"Concrete, Building Products, Precast",,,0,"PRE-LINTEL-215x100-lintel.jpg"
46285,"Concrete Lintels, Padstones, Floor Beams, Fencing and Walling","1. General Building","Concrete Lintels","FP McCann Ltd","PRE LINTEL 215X65X1050MM",,"PRE LINTEL 215X65X1050MM","Prestressed Concrete Lintel 215 x 065 x 1050mm","Building Products ",,,"Precast Concrete Lintels ",,"Grey","Precast Concrete","Concrete",,"Consistent high quality",,"Resillient masonry support for door and window openings",,,,,,,,,,,,,"Concrete, Building Products, Precast",,,0,"PRE-LINTEL-215x65-lintel.jpg"
46285,"Concrete Lintels, Padstones, Floor Beams, Fencing and Walling","1. General Building","Concrete Lintels","FP McCann Ltd","PRE LINTEL 215X65X1200MM",,"PRE LINTEL 215X65X1200MM","Prestressed Concrete Lintel 215 x 065 x 1200mm","Building Products ",,,"Precast Concrete Lintels ",,"Grey","Precast Concrete","Concrete",,"Consistent high quality",,"Resillient masonry support for door and window openings",,,,,,,,,,,,,"Concrete, Building Products, Precast",,,0,"PRE-LINTEL-215x65-lintel.jpg"
46285,"Concrete Lintels, Padstones, Floor Beams, Fencing and Walling","1. General Building","Concrete Lintels","FP McCann Ltd","PRE LINTEL 215X65X1350MM",,"PRE LINTEL 215X65X1350MM","Prestressed Concrete Lintel 215 x 065 x 1350mm","Building Products ",,,"Precast Concrete Lintels ",,"Grey","Precast Concrete","Concrete",,"Consistent high quality",,"Resillient masonry support for door and window openings",,,,,,,,,,,,,"Concrete, Building Products, Precast",,,0,"PRE-LINTEL-215x65-lintel.jpg"
46285,"Concrete Lintels, Padstones, Floor Beams, Fencing and Walling","1. General Building","Concrete Lintels","FP McCann Ltd","PRE LINTEL 215X65X1500MM",,"PRE LINTEL 215X65X1500MM","Prestressed Concrete Lintel 215 x 065 x 1500mm","Building Products ",,,"Precast Concrete Lintels ",,"Grey","Precast Concrete","Concrete",,"Consistent high quality",,"Resillient masonry support for door and window openings",,,,,,,,,,,,,"Concrete, Building Products, Precast",,,0,"PRE-LINTEL-215x65-lintel.jpg"
46285,"Concrete Lintels, Padstones, Floor Beams, Fencing and Walling","1. General Building","Concrete Lintels","FP McCann Ltd","PRE LINTEL 215X65X1650MM",,"PRE LINTEL 215X65X1650MM","Prestressed Concrete Lintel 215 x 065 x 1650mm","Building Products ",,,"Precast Concrete Lintels ",,"Grey","Precast Concrete","Concrete",,"Consistent high quality",,"Resillient masonry support for door and window openings",,,,,,,,,,,,,"Concrete, Building Products, Precast",,,0,"PRE-LINTEL-215x65-lintel.jpg"
46285,"Concrete Lintels, Padstones, Floor Beams, Fencing and Walling","1. General Building","Concrete Lintels","FP McCann Ltd","PRE LINTEL 215X65X1800MM",,"PRE LINTEL 215X65X1800MM","Prestressed Concrete Lintel 215 x 065 x 1800mm","Building Products ",,,"Precast Concrete Lintels ",,"Grey","Precast Concrete","Concrete",,"Consistent high quality",,"Resillient masonry support for door and window openings",,,,,,,,,,,,,"Concrete, Building Products, Precast",,,0,"PRE-LINTEL-215x65-lintel.jpg"
46285,"Concrete Lintels, Padstones, Floor Beams, Fencing and Walling","1. General Building","Concrete Lintels","FP McCann Ltd","PRE LINTEL 215X65X2100MM",,"PRE LINTEL 215X65X2100MM","Prestressed Concrete Lintel 215 x 065 x 2100mm","Building Products ",,,"Precast Concrete Lintels ",,"Grey","Precast Concrete","Concrete",,"Consistent high quality",,"Resillient masonry support for door and window openings",,,,,,,,,,,,,"Concrete, Building Products, Precast",,,0,"PRE-LINTEL-215x65-lintel.jpg"
46285,"Concrete Lintels, Padstones, Floor Beams, Fencing and Walling","1. General Building","Concrete Lintels","FP McCann Ltd","PRE LINTEL 215X65X2400MM",,"PRE LINTEL 215X65X2400MM","Prestressed Concrete Lintel 215 x 065 x 2400mm","Building Products ",,,"Precast Concrete Lintels ",,"Grey","Precast Concrete","Concrete",,"Consistent high quality",,"Resillient masonry support for door and window openings",,,,,,,,,,,,,"Concrete, Building Products, Precast",,,0,"PRE-LINTEL-215x65-lintel.jpg"
46285,"Concrete Lintels, Padstones, Floor Beams, Fencing and Walling","1. General Building","Concrete Lintels","FP McCann Ltd","PRE LINTEL 215X65X2700MM",,"PRE LINTEL 215X65X2700MM","Prestressed Concrete Lintel 215 x 065 x 2700mm","Building Products ",,,"Precast Concrete Lintels ",,"Grey","Precast Concrete","Concrete",,"Consistent high quality",,"Resillient masonry support for door and window openings",,,,,,,,,,,,,"Concrete, Building Products, Precast",,,0,"PRE-LINTEL-215x65-lintel.jpg"
46285,"Concrete Lintels, Padstones, Floor Beams, Fencing and Walling","1. General Building","Concrete Lintels","FP McCann Ltd","PRE LINTEL 215X65X3000MM",,"PRE LINTEL 215X65X3000MM","Prestressed Concrete Lintel 215 x 065 x 3000mm","Building Products ",,,"Precast Concrete Lintels ",,"Grey","Precast Concrete","Concrete",,"Consistent high quality",,"Resillient masonry support for door and window openings",,,,,,,,,,,,,"Concrete, Building Products, Precast",,,0,"PRE-LINTEL-215x65-lintel.jpg"
46285,"Concrete Lintels, Padstones, Floor Beams, Fencing and Walling","1. General Building","Concrete Lintels","FP McCann Ltd","PRE LINTEL 215X65X600MM",,"PRE LINTEL 215X65X600MM","Prestressed Concrete Lintel 215 x 065 x 0600mm","Building Products ",,,"Precast Concrete Lintels ",,"Grey","Precast Concrete","Concrete",,"Consistent high quality",,"Resillient masonry support for door and window openings",,,,,,,,,,,,,"Concrete, Building Products, Precast",,,0,"PRE-LINTEL-215x65-lintel.jpg"
46285,"Concrete Lintels, Padstones, Floor Beams, Fencing and Walling","1. General Building","Concrete Lintels","FP McCann Ltd","PRE LINTEL 215X65X750MM",,"PRE LINTEL 215X65X750MM","Prestressed Concrete Lintel 215 x 065 x 0750mm","Building Products ",,,"Precast Concrete Lintels ",,"Grey","Precast Concrete","Concrete",,"Consistent high quality",,"Resillient masonry support for door and window openings",,,,,,,,,,,,,"Concrete, Building Products, Precast",,,0,"PRE-LINTEL-215x65-lintel.jpg"
46285,"Concrete Lintels, Padstones, Floor Beams, Fencing and Walling","1. General Building","Concrete Lintels","FP McCann Ltd","PRE LINTEL 215X65X900MM",,"PRE LINTEL 215X65X900MM","Prestressed Concrete Lintel 215 x 065 x 0900mm","Building Products ",,,"Precast Concrete Lintels ",,"Grey","Precast Concrete","Concrete",,"Consistent high quality",,"Resillient masonry support for door and window openings",,,,,,,,,,,,,"Concrete, Building Products, Precast",,,0,"PRE-LINTEL-215x65-lintel.jpg"
46285,"Concrete Lintels, Padstones, Floor Beams, Fencing and Walling","1. General Building","Concrete Lintels","FP McCann Ltd","PRE GUL 230x230x150",,"PRE GUL 230x230x150","Gulley Surrounds 230x230x150","Drianage and waste Management ",,,"Precast Concrete Gullies ",,"Grey","Precast Concrete","Concrete",,"Cast-in seal preventing loss or damage on-site",,"Fully universal, suitable for all plastic and clay drainage products from 160mm to 186mm diameter",,,,,,,,,,,,,"Concrete, Drainage, Precast",,,0,"PRE-GUL-230x230x150.jpg"
46285,"Concrete Lintels, Padstones, Floor Beams, Fencing and Walling","1. General Building","Concrete Lintels","FP McCann Ltd","PRE GUL 460X230x150",,"PRE GUL 460X230x150","Gulley Surrounds 460x230x150","Drianage and waste Management ",,,"Precast Concrete Gullies ",,"Grey","Precast Concrete","Concrete",,"Cast-in seal preventing loss or damage on-site",,"Fully universal, suitable for all plastic and clay drainage products from 160mm to 186mm diameter",,,,,,,,,,,,,"Concrete, Drainage, Precast",,,0,
46285,"Concrete Lintels, Padstones, Floor Beams, Fencing and Walling","1. General Building","Concrete Lintels","FP McCann Ltd","PRE FP UNP150",,"PRE FP UNP150","5' Universal Post","Fencing ",,,"Precast Concrete Universal Posts ",,"Grey","Precast Concrete","Concrete",,"Universal Posts also known as multi-holes posts are very adaptable",,"Can be used to bolt timber panels or rails to the fence or fix chain link fencing",,,,,,,,,,,,,"Concrete, Fencing, Precast",,,0,
46285,"Concrete Lintels, Padstones, Floor Beams, Fencing and Walling","1. General Building","Concrete Lintels","FP McCann Ltd","PRE FP UNP180",,"PRE FP UNP180","6' Universal Post","Fencing ",,,"Precast Concrete Universal Posts ",,"Grey","Precast Concrete","Concrete",,"Universal Posts also known as multi-holes posts are very adaptable",,"Can be used to bolt timber panels or rails to the fence or fix chain link fencing",,,,,,,,,,,,,"Concrete, Fencing, Precast",,,0,
46285,"Concrete Lintels, Padstones, Floor Beams, Fencing and Walling","1. General Building","Concrete Lintels","FP McCann Ltd","PRE FP UNP210 (4*4)",,"PRE FP UNP210 (4*4)","7' Universal Post","Fencing ",,,"Precast Concrete Universal Posts ",,"Grey","Precast Concrete","Concrete",,"Universal Posts also known as multi-holes posts are very adaptable",,"Can be used to bolt timber panels or rails to the fence or fix chain link fencing",,,,,,,,,,,,,"Concrete, Fencing, Precast",,,0,
46285,"Concrete Lintels, Padstones, Floor Beams, Fencing and Walling","1. General Building","Concrete Lintels","FP McCann Ltd","PRE FP UNP240",,"PRE FP UNP240","8' Universal Post","Fencing ",,,"Precast Concrete Universal Posts ",,"Grey","Precast Concrete","Concrete",,"Universal Posts also known as multi-holes posts are very adaptable",,"Can be used to bolt timber panels or rails to the fence or fix chain link fencing",,,,,,,,,,,,,"Concrete, Fencing, Precast",,,0,"PRE-FP-UNP240.jpg"
46285,"Concrete Lintels, Padstones, Floor Beams, Fencing and Walling","1. General Building","Concrete Lintels","FP McCann Ltd","PRE FP UNP275",,"PRE FP UNP275","9' Universal Post","Fencing ",,,"Precast Concrete Universal Posts ",,"Grey","Precast Concrete","Concrete",,"Universal Posts also known as multi-holes posts are very adaptable",,"Can be used to bolt timber panels or rails to the fence or fix chain link fencing",,,,,,,,,,,,,"Concrete, Fencing, Precast",,,0,
46285,"Concrete Lintels, Padstones, Floor Beams, Fencing and Walling","1. General Building","Concrete Lintels","FP McCann Ltd","PRE FP SUP 090 4X4",,"PRE FP SUP 090 4X4","3' Support Post 4'' x 4''","Fencing ",,,"Precast Concrete Support Post ",,"Grey","Precast Concrete","Concrete",,"Used to carry out repairs to timber fence posts",,"Helps support an existing fence",,,,,,,,,,,,,"Concrete, Fencing, Precast",,,0,
46285,"Concrete Lintels, Padstones, Floor Beams, Fencing and Walling","1. General Building","Concrete Lintels","FP McCann Ltd","PRE FP SUP 105 4X4",,"PRE FP SUP 105 4X4","3' 6'' Support Post 4'' x 4''","Fencing ",,,"Precast Concrete Support Post ",,"Grey","Precast Concrete","Concrete",,"Used to carry out repairs to timber fence posts",,"Helps support an existing fence",,,,,,,,,,,,,"Concrete, Fencing, Precast",,,0,
46285,"Concrete Lintels, Padstones, Floor Beams, Fencing and Walling","1. General Building","Concrete Lintels","FP McCann Ltd","PRE FP SUP 120 4X4",,"PRE FP SUP 120 4X4","4' Support Posts 4'' x 4''","Fencing ",,,"Precast Concrete Support Post ",,"Grey","Precast Concrete","Concrete",,"Used to carry out repairs to timber fence posts",,"Helps support an existing fence",,,,,,,,,,,,,"Concrete, Fencing, Precast",,,0,
46285,"Concrete Lintels, Padstones, Floor Beams, Fencing and Walling","1. General Building","Concrete Lintels","FP McCann Ltd","PRE FP SUP 135 4X4",,"PRE FP SUP 135 4X4","4' 6'' Support Posts 4'' x 4''","Fencing ",,,"Precast Concrete Support Post ",,"Grey","Precast Concrete","Concrete",,"Used to carry out repairs to timber fence posts",,"Helps support an existing fence",,,,,,,,,,,,,"Concrete, Fencing, Precast",,,0,
46285,"Concrete Lintels, Padstones, Floor Beams, Fencing and Walling","1. General Building","Concrete Lintels","FP McCann Ltd","PRE FP SUP090",,"PRE FP SUP090","3' Support Post 4 '' x 3''","Fencing ",,,"Precast Concrete Support Post ",,"Grey","Precast Concrete","Concrete",,"Used to carry out repairs to timber fence posts",,"Helps support an existing fence",,,,,,,,,,,,,"Concrete, Fencing, Precast",,,0,
46285,"Concrete Lintels, Padstones, Floor Beams, Fencing and Walling","1. General Building","Concrete Lintels","FP McCann Ltd","PRE FP SUP105",,"PRE FP SUP105","3' 6"" Support Post 4'' x 3''","Fencing ",,,"Precast Concrete Support Post ",,"Grey","Precast Concrete","Concrete",,"Used to carry out repairs to timber fence posts",,"Helps support an existing fence",,,,,,,,,,,,,"Concrete, Fencing, Precast",,,0,"PRE-FP-SUP105.jpg"
46285,"Concrete Lintels, Padstones, Floor Beams, Fencing and Walling","1. General Building","Concrete Lintels","FP McCann Ltd","PRE FP SUP120",,"PRE FP SUP120","4' Support Post 4'' x 3''","Fencing ",,,"Precast Concrete Support Post ",,"Grey","Precast Concrete","Concrete",,"Used to carry out repairs to timber fence posts",,"Helps support an existing fence",,,,,,,,,,,,,"Concrete, Fencing, Precast",,,0,
46285,"Concrete Lintels, Padstones, Floor Beams, Fencing and Walling","1. General Building","Concrete Lintels","FP McCann Ltd","PRE FP SUP135",,"PRE FP SUP135","4' 6'' Support Post 4'' x 3''","Fencing ",,,"Precast Concrete Support Post ",,"Grey","Precast Concrete","Concrete",,"Used to carry out repairs to timber fence posts",,"Helps support an existing fence",,,,,,,,,,,,,"Concrete, Fencing, Precast",,,0,
46285,"Concrete Lintels, Padstones, Floor Beams, Fencing and Walling","1. General Building","Concrete Lintels","FP McCann Ltd","PRE FP SUPP 099 3x3",,"PRE FP SUPP 099 3x3","3' 3'' Support Post 3'' x 3''","Fencing ",,,"Precast Concrete Support Post ",,"Grey","Precast Concrete","Concrete",,"Used to carry out repairs to timber fence posts",,"Helps support an existing fence",,,,,,,,,,,,,"Concrete, Fencing, Precast",,,0,"PRE-FP-SUPP-099-3x3.jpg"
46285,"Concrete Lintels, Padstones, Floor Beams, Fencing and Walling","1. General Building","Concrete Lintels","FP McCann Ltd","PRE FP SUPP 105 3x3",,"PRE FP SUPP 105 3x3","3' 6'' Support Post 3'' x 3''","Fencing ",,,"Precast Concrete Support Post ",,"Grey","Precast Concrete","Concrete",,"Used to carry out repairs to timber fence posts",,"Helps support an existing fence",,,,,,,,,,,,,"Concrete, Fencing, Precast",,,0,
46285,"Concrete Lintels, Padstones, Floor Beams, Fencing and Walling","1. General Building","Concrete Lintels","FP McCann Ltd","PRE FP SLP150MW",,"PRE FP SLP150MW","5' Slotted Post MW","Fencing ",,,"Precast Concrete Slotted Post",,"Grey","Precast Concrete","Concrete",,"Suitable for timber fence panels",,"Full length slots to enable stepping on uneven ground",,,,,,,,,,,,,"Concrete, Fencing, Precast",,,0,
46285,"Concrete Lintels, Padstones, Floor Beams, Fencing and Walling","1. General Building","Concrete Lintels","FP McCann Ltd","PRE FP SLP180MW",,"PRE FP SLP180MW","6' Slotted Post MW","Fencing ",,,"Precast Concrete Slotted Post",,"Grey","Precast Concrete","Concrete",,"Suitable for timber fence panels",,"Full length slots to enable stepping on uneven ground",,,,,,,,,,,,,"Concrete, Fencing, Precast",,,0,
46285,"Concrete Lintels, Padstones, Floor Beams, Fencing and Walling","1. General Building","Concrete Lintels","FP McCann Ltd","PRE FP SLP210MW",,"PRE FP SLP210MW","7' Slotted Post MW","Fencing ",,,"Precast Concrete Slotted Post",,"Grey","Precast Concrete","Concrete",,"Suitable for timber fence panels",,"Full length slots to enable stepping on uneven ground",,,,,,,,,,,,,"Concrete, Fencing, Precast",,,0,
46285,"Concrete Lintels, Padstones, Floor Beams, Fencing and Walling","1. General Building","Concrete Lintels","FP McCann Ltd","PRE FP SLP240MW",,"PRE FP SLP240MW","8' Slotted Post MW","Fencing ",,,"Precast Concrete Slotted Post",,"Grey","Precast Concrete","Concrete",,"Suitable for timber fence panels",,"Full length slots to enable stepping on uneven ground",,,,,,,,,,,,,"Concrete, Fencing, Precast",,,0,
46285,"Concrete Lintels, Padstones, Floor Beams, Fencing and Walling","1. General Building","Concrete Lintels","FP McCann Ltd","PRE FP SLP275MW",,"PRE FP SLP275MW","9' Slotted Post MW","Fencing ",,,"Precast Concrete Slotted Post",,"Grey","Precast Concrete","Concrete",,"Suitable for timber fence panels",,"Full length slots to enable stepping on uneven ground",,,,,,,,,,,,,"Concrete, Fencing, Precast",,,0,
46285,"Concrete Lintels, Padstones, Floor Beams, Fencing and Walling","1. General Building","Concrete Lintels","FP McCann Ltd","PRE FP SLP150",,"PRE FP SLP150","5' Slotted Post","Fencing ",,,"Precast Concrete Slotted Post",,"Grey","Precast Concrete","Concrete",,"Suitable for timber fence panels",,"Full length slots to enable stepping on uneven ground",,,,,,,,,,,,,"Concrete, Fencing, Precast",,,0,"Slotted-Post-5ft.jpg"
46285,"Concrete Lintels, Padstones, Floor Beams, Fencing and Walling","1. General Building","Concrete Lintels","FP McCann Ltd","PRE FP SLP180",,"PRE FP SLP180","6' Slotted Post","Fencing ",,,"Precast Concrete Slotted Post",,"Grey","Precast Concrete","Concrete",,"Suitable for timber fence panels",,"Full length slots to enable stepping on uneven ground",,,,,,,,,,,,,"Concrete, Fencing, Precast",,,0,"Slotted-Post-6ft.jpg"
46285,"Concrete Lintels, Padstones, Floor Beams, Fencing and Walling","1. General Building","Concrete Lintels","FP McCann Ltd","PRE FP SLP210",,"PRE FP SLP210","7' Slotted Post","Fencing ",,,"Precast Concrete Slotted Post",,"Grey","Precast Concrete","Concrete",,"Suitable for timber fence panels",,"Full length slots to enable stepping on uneven ground",,,,,,,,,,,,,"Concrete, Fencing, Precast",,,0,"Slotted-Post-7ft.jpg"
46285,"Concrete Lintels, Padstones, Floor Beams, Fencing and Walling","1. General Building","Concrete Lintels","FP McCann Ltd","PRE FP SLP240",,"PRE FP SLP240","8' Slotted Post","Fencing ",,,"Precast Concrete Slotted Post",,"Grey","Precast Concrete","Concrete",,"Suitable for timber fence panels",,"Full length slots to enable stepping on uneven ground",,,,,,,,,,,,,"Concrete, Fencing, Precast",,,0,"Slotted-Post-8ft.jpg"
46285,"Concrete Lintels, Padstones, Floor Beams, Fencing and Walling","1. General Building","Concrete Lintels","FP McCann Ltd","PRE FP SLP275",,"PRE FP SLP275","9' Slotted Post","Fencing ",,,"Precast Concrete Slotted Post",,"Grey","Precast Concrete","Concrete",,"Suitable for timber fence panels",,"Full length slots to enable stepping on uneven ground",,,,,,,,,,,,,"Concrete, Fencing, Precast",,,0,"Slotted-Post-9ft.jpg"
46285,"Concrete Lintels, Padstones, Floor Beams, Fencing and Walling","1. General Building","Concrete Lintels","FP McCann Ltd","PRE FP SLP305",,"PRE FP SLP305","10' Slotted Post","Fencing ",,,"Precast Concrete Slotted Post",,"Grey","Precast Concrete","Concrete",,"Suitable for timber fence panels",,"Full length slots to enable stepping on uneven ground",,,,,,,,,,,,,"Concrete, Fencing, Precast",,,0,
46285,"Concrete Lintels, Padstones, Floor Beams, Fencing and Walling","1. General Building","Concrete Lintels","FP McCann Ltd","PRE FP SLPE150MW",,"PRE FP SLPE150MW","5' Slotted End Post MW","Fencing ",,,"Precast Concrete Slotted Post",,"Grey","Precast Concrete","Concrete",,"Suitable for timber fence panels",,"Full length slots to enable stepping on uneven ground",,,,,,,,,,,,,"Concrete, Fencing, Precast",,,0,
46285,"Concrete Lintels, Padstones, Floor Beams, Fencing and Walling","1. General Building","Concrete Lintels","FP McCann Ltd","PRE FP SLPE180MW",,"PRE FP SLPE180MW","6' Slotted End Post MW","Fencing ",,,"Precast Concrete Slotted Post",,"Grey","Precast Concrete","Concrete",,"Suitable for timber fence panels",,"Full length slots to enable stepping on uneven ground",,,,,,,,,,,,,"Concrete, Fencing, Precast",,,0,
46285,"Concrete Lintels, Padstones, Floor Beams, Fencing and Walling","1. General Building","Concrete Lintels","FP McCann Ltd","PRE FP SLPE210MW",,"PRE FP SLPE210MW","7' Slotted End Post MW","Fencing ",,,"Precast Concrete Slotted Post",,"Grey","Precast Concrete","Concrete",,"Suitable for timber fence panels",,"Full length slots to enable stepping on uneven ground",,,,,,,,,,,,,"Concrete, Fencing, Precast",,,0,
46285,"Concrete Lintels, Padstones, Floor Beams, Fencing and Walling","1. General Building","Concrete Lintels","FP McCann Ltd","PRE FP SLPE240MW",,"PRE FP SLPE240MW","8' Slotted End Post MW","Fencing ",,,"Precast Concrete Slotted Post",,"Grey","Precast Concrete","Concrete",,"Suitable for timber fence panels",,"Full length slots to enable stepping on uneven ground",,,,,,,,,,,,,"Concrete, Fencing, Precast",,,0,
46285,"Concrete Lintels, Padstones, Floor Beams, Fencing and Walling","1. General Building","Concrete Lintels","FP McCann Ltd","PRE FP SLPE275MW",,"PRE FP SLPE275MW","9' Slotted End Post MW","Fencing ",,,"Precast Concrete Slotted Post",,"Grey","Precast Concrete","Concrete",,"Suitable for timber fence panels",,"Full length slots to enable stepping on uneven ground",,,,,,,,,,,,,"Concrete, Fencing, Precast",,,0,
46285,"Concrete Lintels, Padstones, Floor Beams, Fencing and Walling","1. General Building","Concrete Lintels","FP McCann Ltd","PRE FP SLPE150",,"PRE FP SLPE150","5' Slotted End Post","Fencing ",,,"Precast Concrete Slotted Post",,"Grey","Precast Concrete","Concrete",,"Suitable for timber fence panels",,"Full length slots to enable stepping on uneven ground",,,,,,,,,,,,,"Concrete, Fencing, Precast",,,0,
46285,"Concrete Lintels, Padstones, Floor Beams, Fencing and Walling","1. General Building","Concrete Lintels","FP McCann Ltd","PRE FP SLPE180",,"PRE FP SLPE180","6' Slotted End Post","Fencing ",,,"Precast Concrete Slotted Post",,"Grey","Precast Concrete","Concrete",,"Suitable for timber fence panels",,"Full length slots to enable stepping on uneven ground",,,,,,,,,,,,,"Concrete, Fencing, Precast",,,0,
46285,"Concrete Lintels, Padstones, Floor Beams, Fencing and Walling","1. General Building","Concrete Lintels","FP McCann Ltd","PRE FP SLPE210",,"PRE FP SLPE210","7' Slotted End Post","Fencing ",,,"Precast Concrete Slotted Post",,"Grey","Precast Concrete","Concrete",,"Suitable for timber fence panels",,"Full length slots to enable stepping on uneven ground",,,,,,,,,,,,,"Concrete, Fencing, Precast",,,0,
46285,"Concrete Lintels, Padstones, Floor Beams, Fencing and Walling","1. General Building","Concrete Lintels","FP McCann Ltd","PRE FP SLPE240",,"PRE FP SLPE240","8' Slotted End Post","Fencing ",,,"Precast Concrete Slotted Post",,"Grey","Precast Concrete","Concrete",,"Suitable for timber fence panels",,"Full length slots to enable stepping on uneven ground",,,,,,,,,,,,,"Concrete, Fencing, Precast",,,0,"PRE-FP-SLPE240.jpg"
46285,"Concrete Lintels, Padstones, Floor Beams, Fencing and Walling","1. General Building","Concrete Lintels","FP McCann Ltd","PRE FP SLPE275",,"PRE FP SLPE275","9' Slotted End Post","Fencing ",,,"Precast Concrete Slotted Post",,"Grey","Precast Concrete","Concrete",,"Suitable for timber fence panels",,"Full length slots to enable stepping on uneven ground",,,,,,,,,,,,,"Concrete, Fencing, Precast",,,0,
46285,"Concrete Lintels, Padstones, Floor Beams, Fencing and Walling","1. General Building","Concrete Lintels","FP McCann Ltd","PRE FP SLPE305",,"PRE FP SLPE305","10' Slotted End Post","Fencing ",,,"Precast Concrete Slotted Post",,"Grey","Precast Concrete","Concrete",,"Suitable for timber fence panels",,"Full length slots to enable stepping on uneven ground",,,,,,,,,,,,,"Concrete, Fencing, Precast",,,0,
46285,"Concrete Lintels, Padstones, Floor Beams, Fencing and Walling","1. General Building","Concrete Lintels","FP McCann Ltd","PRE FP SLPC150LW",,"PRE FP SLPC150LW","5' Corner Slotted Post LW","Fencing ",,,"Precast Concrete Slotted Post",,"Grey","Precast Concrete","Concrete",,"Suitable for timber fence panels",,"Full length slots to enable stepping on uneven ground",,,,,,,,,,,,,"Concrete, Fencing, Precast",,,0,
46285,"Concrete Lintels, Padstones, Floor Beams, Fencing and Walling","1. General Building","Concrete Lintels","FP McCann Ltd","PRE FP SLPC180LW",,"PRE FP SLPC180LW","6' Corner Slotted Post LW","Fencing ",,,"Precast Concrete Slotted Post",,"Grey","Precast Concrete","Concrete",,"Suitable for timber fence panels",,"Full length slots to enable stepping on uneven ground",,,,,,,,,,,,,"Concrete, Fencing, Precast",,,0,
46285,"Concrete Lintels, Padstones, Floor Beams, Fencing and Walling","1. General Building","Concrete Lintels","FP McCann Ltd","PRE FP SLPC210LW",,"PRE FP SLPC210LW","7' Corner Slotted Post LW","Fencing ",,,"Precast Concrete Slotted Post",,"Grey","Precast Concrete","Concrete",,"Suitable for timber fence panels",,"Full length slots to enable stepping on uneven ground",,,,,,,,,,,,,"Concrete, Fencing, Precast",,,0,
46285,"Concrete Lintels, Padstones, Floor Beams, Fencing and Walling","1. General Building","Concrete Lintels","FP McCann Ltd","PRE FP SLPC240LW",,"PRE FP SLPC240LW","8' Corner Slotted Post LW","Fencing ",,,"Precast Concrete Slotted Post",,"Grey","Precast Concrete","Concrete",,"Suitable for timber fence panels",,"Full length slots to enable stepping on uneven ground",,,,,,,,,,,,,"Concrete, Fencing, Precast",,,0,
46285,"Concrete Lintels, Padstones, Floor Beams, Fencing and Walling","1. General Building","Concrete Lintels","FP McCann Ltd","PRE FP SLPC275LW",,"PRE FP SLPC275LW","9' Corner Slotted Post LW","Fencing ",,,"Precast Concrete Slotted Post",,"Grey","Precast Concrete","Concrete",,"Suitable for timber fence panels",,"Full length slots to enable stepping on uneven ground",,,,,,,,,,,,,"Concrete, Fencing, Precast",,,0,
46285,"Concrete Lintels, Padstones, Floor Beams, Fencing and Walling","1. General Building","Concrete Lintels","FP McCann Ltd","PRE FP SLPC150",,"PRE FP SLPC150","5' Corner Slotted Post","Fencing ",,,"Precast Concrete Slotted Post",,"Grey","Precast Concrete","Concrete",,"Suitable for timber fence panels",,"Full length slots to enable stepping on uneven ground",,,,,,,,,,,,,"Concrete, Fencing, Precast",,,0,
46285,"Concrete Lintels, Padstones, Floor Beams, Fencing and Walling","1. General Building","Concrete Lintels","FP McCann Ltd","PRE FP SLPC180",,"PRE FP SLPC180","6' Corner Slotted Post","Fencing ",,,"Precast Concrete Slotted Post",,"Grey","Precast Concrete","Concrete",,"Suitable for timber fence panels",,"Full length slots to enable stepping on uneven ground",,,,,,,,,,,,,"Concrete, Fencing, Precast",,,0,
46285,"Concrete Lintels, Padstones, Floor Beams, Fencing and Walling","1. General Building","Concrete Lintels","FP McCann Ltd","PRE FP SLPC210",,"PRE FP SLPC210","7' Corner Slotted Post","Fencing ",,,"Precast Concrete Slotted Post",,"Grey","Precast Concrete","Concrete",,"Suitable for timber fence panels",,"Full length slots to enable stepping on uneven ground",,,,,,,,,,,,,"Concrete, Fencing, Precast",,,0,
46285,"Concrete Lintels, Padstones, Floor Beams, Fencing and Walling","1. General Building","Concrete Lintels","FP McCann Ltd","PRE FP SLPC240",,"PRE FP SLPC240","8' Corner Slotted Post","Fencing ",,,"Precast Concrete Slotted Post",,"Grey","Precast Concrete","Concrete",,"Suitable for timber fence panels",,"Full length slots to enable stepping on uneven ground",,,,,,,,,,,,,"Concrete, Fencing, Precast",,,0,
46285,"Concrete Lintels, Padstones, Floor Beams, Fencing and Walling","1. General Building","Concrete Lintels","FP McCann Ltd","PRE FP SLPC275",,"PRE FP SLPC275","9' Corner Slotted Post","Fencing ",,,"Precast Concrete Slotted Post",,"Grey","Precast Concrete","Concrete",,"Suitable for timber fence panels",,"Full length slots to enable stepping on uneven ground",,,,,,,,,,,,,"Concrete, Fencing, Precast",,,0,
46285,"Concrete Lintels, Padstones, Floor Beams, Fencing and Walling","1. General Building","Concrete Lintels","FP McCann Ltd","PRE FP ARP220LW",,"PRE FP ARP220LW","7FT 3 Arris Rail Post Light Weight","Fencing ",,,"Precast Concrete Rail Post ",,"Grey","Precast Concrete","Concrete",,"Suitable for closeboard fencing using rails and feather edge boards",,"Consistent high quality",,,,,,,,,,,,,"Concrete, Fencing, Precast",,,0,
46285,"Concrete Lintels, Padstones, Floor Beams, Fencing and Walling","1. General Building","Concrete Lintels","FP McCann Ltd","PRE FP ARP250LW",,"PRE FP ARP250LW","8' 3"" Arris Rail Post LW","Fencing ",,,"Precast Concrete Rail Post ",,"Grey","Precast Concrete","Concrete",,"Suitable for closeboard fencing using rails and feather edge boards",,"Consistent high quality",,,,,,,,,,,,,"Concrete, Fencing, Precast",,,0,"PRE-FP-ARP250LW.jpg"
46285,"Concrete Lintels, Padstones, Floor Beams, Fencing and Walling","1. General Building","Concrete Lintels","FP McCann Ltd","PRE FP ARP145",,"PRE FP ARP145","4' 11"" Arris Rail Post","Fencing ",,,"Precast Concrete Rail Post ",,"Grey","Precast Concrete","Concrete",,"Suitable for closeboard fencing using rails and feather edge boards",,"Consistent high quality",,,,,,,,,,,,,"Concrete, Fencing, Precast",,,0,
46285,"Concrete Lintels, Padstones, Floor Beams, Fencing and Walling","1. General Building","Concrete Lintels","FP McCann Ltd","PRE FP ARP175",,"PRE FP ARP175","5' 9"" Arris Rail Post","Fencing ",,,"Precast Concrete Rail Post ",,"Grey","Precast Concrete","Concrete",,"Suitable for closeboard fencing using rails and feather edge boards",,"Consistent high quality",,,,,,,,,,,,,"Concrete, Fencing, Precast",,,0,
46285,"Concrete Lintels, Padstones, Floor Beams, Fencing and Walling","1. General Building","Concrete Lintels","FP McCann Ltd","PRE FP ARP220",,"PRE FP ARP220","7' 3"" Arris Rail Post","Fencing ",,,"Precast Concrete Rail Post ",,"Grey","Precast Concrete","Concrete",,"Suitable for closeboard fencing using rails and feather edge boards",,"Consistent high quality",,,,,,,,,,,,,"Concrete, Fencing, Precast",,,0,
46285,"Concrete Lintels, Padstones, Floor Beams, Fencing and Walling","1. General Building","Concrete Lintels","FP McCann Ltd","PRE FP ARP250",,"PRE FP ARP250","8' 3"" Arris Rail Post","Fencing ",,,"Precast Concrete Rail Post ",,"Grey","Precast Concrete","Concrete",,"Suitable for closeboard fencing using rails and feather edge boards",,"Consistent high quality",,,,,,,,,,,,,"Concrete, Fencing, Precast",,,0,
46285,"Concrete Lintels, Padstones, Floor Beams, Fencing and Walling","1. General Building","Concrete Lintels","FP McCann Ltd","PRE FP ARP307",,"PRE FP ARP307","10' 3"" Arris Rail Post","Fencing ",,,"Precast Concrete Rail Post ",,"Grey","Precast Concrete","Concrete",,"Suitable for closeboard fencing using rails and feather edge boards",,"Consistent high quality",,,,,,,,,,,,,"Concrete, Fencing, Precast",,,0,
46285,"Concrete Lintels, Padstones, Floor Beams, Fencing and Walling","1. General Building","Concrete Lintels","FP McCann Ltd","PRE FP MOR180LW",,"PRE FP MOR180LW","6' Morticed Post LW","Fencing ",,,"Precast Concrete Morticed Post",,"Grey","Precast Concrete","Concrete",,"Suitable for closeboard fencing using rails and feather edge boards",,"Consistent high quality",,,,,,,,,,,,,"Concrete, Fencing, Precast",,,0,
46285,"Concrete Lintels, Padstones, Floor Beams, Fencing and Walling","1. General Building","Concrete Lintels","FP McCann Ltd","PRE FP MOR210LW",,"PRE FP MOR210LW","7' Morticed Post LW","Fencing ",,,"Precast Concrete Morticed Post",,"Grey","Precast Concrete","Concrete",,"Suitable for closeboard fencing using rails and feather edge boards",,"Consistent high quality",,,,,,,,,,,,,"Concrete, Fencing, Precast",,,0,
46285,"Concrete Lintels, Padstones, Floor Beams, Fencing and Walling","1. General Building","Concrete Lintels","FP McCann Ltd","PRE FP MOR240LW",,"PRE FP MOR240LW","8' Morticed Post LW","Fencing ",,,"Precast Concrete Morticed Post",,"Grey","Precast Concrete","Concrete",,"Suitable for closeboard fencing using rails and feather edge boards",,"Consistent high quality",,,,,,,,,,,,,"Concrete, Fencing, Precast",,,0,
46285,"Concrete Lintels, Padstones, Floor Beams, Fencing and Walling","1. General Building","Concrete Lintels","FP McCann Ltd","PRE FP MOR275LW",,"PRE FP MOR275LW","9' Morticed Post LW","Fencing ",,,"Precast Concrete Morticed Post",,"Grey","Precast Concrete","Concrete",,"Suitable for closeboard fencing using rails and feather edge boards",,"Consistent high quality",,,,,,,,,,,,,"Concrete, Fencing, Precast",,,0,
46285,"Concrete Lintels, Padstones, Floor Beams, Fencing and Walling","1. General Building","Concrete Lintels","FP McCann Ltd","PRE FP MOR150",,"PRE FP MOR150","5' Morticed Post","Fencing ",,,"Precast Concrete Morticed Post",,"Grey","Precast Concrete","Concrete",,"Suitable for closeboard fencing using rails and feather edge boards",,"Consistent high quality",,,,,,,,,,,,,"Concrete, Fencing, Precast",,,0,
46285,"Concrete Lintels, Padstones, Floor Beams, Fencing and Walling","1. General Building","Concrete Lintels","FP McCann Ltd","PRE FP MOR180",,"PRE FP MOR180","6' Morticed Post","Fencing ",,,"Precast Concrete Morticed Post",,"Grey","Precast Concrete","Concrete",,"Suitable for closeboard fencing using rails and feather edge boards",,"Consistent high quality",,,,,,,,,,,,,"Concrete, Fencing, Precast",,,0,
46285,"Concrete Lintels, Padstones, Floor Beams, Fencing and Walling","1. General Building","Concrete Lintels","FP McCann Ltd","PRE FP MOR210",,"PRE FP MOR210","7' Morticed Post","Fencing ",,,"Precast Concrete Morticed Post",,"Grey","Precast Concrete","Concrete",,"Suitable for closeboard fencing using rails and feather edge boards",,"Consistent high quality",,,,,,,,,,,,,"Concrete, Fencing, Precast",,,0,
46285,"Concrete Lintels, Padstones, Floor Beams, Fencing and Walling","1. General Building","Concrete Lintels","FP McCann Ltd","PRE FP MOR240",,"PRE FP MOR240","8' Morticed Post","Fencing ",,,"Precast Concrete Morticed Post",,"Grey","Precast Concrete","Concrete",,"Suitable for closeboard fencing using rails and feather edge boards",,"Consistent high quality",,,,,,,,,,,,,"Concrete, Fencing, Precast",,,0,
46285,"Concrete Lintels, Padstones, Floor Beams, Fencing and Walling","1. General Building","Concrete Lintels","FP McCann Ltd","PRE FP MOR275",,"PRE FP MOR275","9' Morticed Post","Fencing ",,,"Precast Concrete Morticed Post",,"Grey","Precast Concrete","Concrete",,"Suitable for closeboard fencing using rails and feather edge boards",,"Consistent high quality",,,,,,,,,,,,,"Concrete, Fencing, Precast",,,0,
46285,"Concrete Lintels, Padstones, Floor Beams, Fencing and Walling","1. General Building","Concrete Lintels","FP McCann Ltd","PRE FP MOR275DB",,"PRE FP MOR275DB","9' MORTICED POST DROP BOTTOM","Fencing ",,,"Precast Concrete Morticed Post",,"Grey","Precast Concrete","Concrete",,"Suitable for closeboard fencing using rails and feather edge boards",,"Consistent high quality",,,,,,,,,,,,,"Concrete, Fencing, Precast",,,0,
46285,"Concrete Lintels, Padstones, Floor Beams, Fencing and Walling","1. General Building","Concrete Lintels","FP McCann Ltd","PRE FP MORC210LW",,"PRE FP MORC210LW","7' Morticed Corner LW","Fencing ",,,"Precast Concrete Morticed Post",,"Grey","Precast Concrete","Concrete",,"Suitable for closeboard fencing using rails and feather edge boards",,"Consistent high quality",,,,,,,,,,,,,"Concrete, Fencing, Precast",,,0,
46285,"Concrete Lintels, Padstones, Floor Beams, Fencing and Walling","1. General Building","Concrete Lintels","FP McCann Ltd","PRE FP MORC240LW",,"PRE FP MORC240LW","8' Morticed Corner Post LW","Fencing ",,,"Precast Concrete Morticed Post",,"Grey","Precast Concrete","Concrete",,"Suitable for closeboard fencing using rails and feather edge boards",,"Consistent high quality",,,,,,,,,,,,,"Concrete, Fencing, Precast",,,0,"PRE-FP-MORC240LW.jpg"
46285,"Concrete Lintels, Padstones, Floor Beams, Fencing and Walling","1. General Building","Concrete Lintels","FP McCann Ltd","PRE FP MORC275LW",,"PRE FP MORC275LW","9' Morticed Corner Post LW","Fencing ",,,"Precast Concrete Morticed Post",,"Grey","Precast Concrete","Concrete",,"Suitable for closeboard fencing using rails and feather edge boards",,"Consistent high quality",,,,,,,,,,,,,"Concrete, Fencing, Precast",,,0,
46285,"Concrete Lintels, Padstones, Floor Beams, Fencing and Walling","1. General Building","Concrete Lintels","FP McCann Ltd","PRE FP MORC150",,"PRE FP MORC150","5' Morticed Corner Post","Fencing ",,,"Precast Concrete Morticed Post",,"Grey","Precast Concrete","Concrete",,"Suitable for closeboard fencing using rails and feather edge boards",,"Consistent high quality",,,,,,,,,,,,,"Concrete, Fencing, Precast",,,0,
46285,"Concrete Lintels, Padstones, Floor Beams, Fencing and Walling","1. General Building","Concrete Lintels","FP McCann Ltd","PRE FP MORC180",,"PRE FP MORC180","6' Morticed Corner Post","Fencing ",,,"Precast Concrete Morticed Post",,"Grey","Precast Concrete","Concrete",,"Suitable for closeboard fencing using rails and feather edge boards",,"Consistent high quality",,,,,,,,,,,,,"Concrete, Fencing, Precast",,,0,
46285,"Concrete Lintels, Padstones, Floor Beams, Fencing and Walling","1. General Building","Concrete Lintels","FP McCann Ltd","PRE FP MORC210",,"PRE FP MORC210","7' Morticed Corner Post","Fencing ",,,"Precast Concrete Morticed Post",,"Grey","Precast Concrete","Concrete",,"Suitable for closeboard fencing using rails and feather edge boards",,"Consistent high quality",,,,,,,,,,,,,"Concrete, Fencing, Precast",,,0,
46285,"Concrete Lintels, Padstones, Floor Beams, Fencing and Walling","1. General Building","Concrete Lintels","FP McCann Ltd","PRE FP MORC240",,"PRE FP MORC240","8' Morticed Corner Post","Fencing ",,,"Precast Concrete Morticed Post",,"Grey","Precast Concrete","Concrete",,"Suitable for closeboard fencing using rails and feather edge boards",,"Consistent high quality",,,,,,,,,,,,,"Concrete, Fencing, Precast",,,0,
46285,"Concrete Lintels, Padstones, Floor Beams, Fencing and Walling","1. General Building","Concrete Lintels","FP McCann Ltd","PRE FP MORC275",,"PRE FP MORC275","9' Morticed Corner Post","Fencing ",,,"Precast Concrete Morticed Post",,"Grey","Precast Concrete","Concrete",,"Suitable for closeboard fencing using rails and feather edge boards",,"Consistent high quality",,,,,,,,,,,,,"Concrete, Fencing, Precast",,,0,
46285,"Concrete Lintels, Padstones, Floor Beams, Fencing and Walling","1. General Building","Concrete Lintels","FP McCann Ltd","PRE FP MORC275DB",,"PRE FP MORC275DB","9' MORTICED CORNER DROP BOTTOM","Fencing ",,,"Precast Concrete Morticed Post",,"Grey","Precast Concrete","Concrete",,"Suitable for closeboard fencing using rails and feather edge boards",,"Consistent high quality",,,,,,,,,,,,,"Concrete, Fencing, Precast",,,0,
46285,"Concrete Lintels, Padstones, Floor Beams, Fencing and Walling","1. General Building","Concrete Lintels","FP McCann Ltd","PRE FP GBP 150 180 SD PLAIN",,"PRE FP GBP 150 180 SD PLAIN","150mm Gravel Board 1800  Metric Plain Semi Dry","Fencing ",,,"Precast Concrete Gravel Board ",,"Grey","Precast Concrete","Concrete",,"Durable alternative to wood",,"Rot and maintenance-free",,"Quick and easy to install",,"Precast concrete with the appearance of real timber",,,,,,,,,"Concrete, Fencing, Precast",,,0,
46285,"Concrete Lintels, Padstones, Floor Beams, Fencing and Walling","1. General Building","Concrete Lintels","FP McCann Ltd","PRE LINTEL 100X140X1050MM",,"PRE LINTEL 100X140X1050MM","Prestressed Concrete Lintel 140 x 100 x 1050mm","Building Products ",,,"Precast Concrete Lintels ",,"Grey","Precast Concrete","Concrete",,"Consistent high quality",,"Resillient masonry support for door and window openings",,,,,,,,,,,,,"Concrete, Building Products, Precast",,,0,"PRE-LINTEL-140x100-lintel.jpg"
46285,"Concrete Lintels, Padstones, Floor Beams, Fencing and Walling","1. General Building","Concrete Lintels","FP McCann Ltd","PRE LINTEL 100X140X1200MM",,"PRE LINTEL 100X140X1200MM","Prestressed Concrete Lintel 140 x 100 x 1200mm","Building Products ",,,"Precast Concrete Lintels ",,"Grey","Precast Concrete","Concrete",,"Consistent high quality",,"Resillient masonry support for door and window openings",,,,,,,,,,,,,"Concrete, Building Products, Precast",,,0,"PRE-LINTEL-140x100-lintel.jpg"
46285,"Concrete Lintels, Padstones, Floor Beams, Fencing and Walling","1. General Building","Concrete Lintels","FP McCann Ltd","PRE LINTEL 100X140X1350MM",,"PRE LINTEL 100X140X1350MM","Prestressed Concrete Lintel 140 x 100 x 1350mm","Building Products ",,,"Precast Concrete Lintels ",,"Grey","Precast Concrete","Concrete",,"Consistent high quality",,"Resillient masonry support for door and window openings",,,,,,,,,,,,,"Concrete, Building Products, Precast",,,0,"PRE-LINTEL-140x100-lintel.jpg"
46285,"Concrete Lintels, Padstones, Floor Beams, Fencing and Walling","1. General Building","Concrete Lintels","FP McCann Ltd","PRE LINTEL 100X140X1500MM",,"PRE LINTEL 100X140X1500MM","Prestressed Concrete Lintel 140 x 100 x 1500mm","Building Products ",,,"Precast Concrete Lintels ",,"Grey","Precast Concrete","Concrete",,"Consistent high quality",,"Resillient masonry support for door and window openings",,,,,,,,,,,,,"Concrete, Building Products, Precast",,,0,"PRE-LINTEL-140x100-lintel.jpg"
46285,"Concrete Lintels, Padstones, Floor Beams, Fencing and Walling","1. General Building","Concrete Lintels","FP McCann Ltd","PRE LINTEL 100X140X1650MM",,"PRE LINTEL 100X140X1650MM","Prestressed Concrete Lintel 140 x 100 x 1650mm","Building Products ",,,"Precast Concrete Lintels ",,"Grey","Precast Concrete","Concrete",,"Consistent high quality",,"Resillient masonry support for door and window openings",,,,,,,,,,,,,"Concrete, Building Products, Precast",,,0,"PRE-LINTEL-140x100-lintel.jpg"
46285,"Concrete Lintels, Padstones, Floor Beams, Fencing and Walling","1. General Building","Concrete Lintels","FP McCann Ltd","PRE LINTEL 100X140X1800MM",,"PRE LINTEL 100X140X1800MM","Prestressed Concrete Lintel 140 x 100 x 1800mm","Building Products ",,,"Precast Concrete Lintels ",,"Grey","Precast Concrete","Concrete",,"Consistent high quality",,"Resillient masonry support for door and window openings",,,,,,,,,,,,,"Concrete, Building Products, Precast",,,0,"PRE-LINTEL-140x100-lintel.jpg"
46285,"Concrete Lintels, Padstones, Floor Beams, Fencing and Walling","1. General Building","Concrete Lintels","FP McCann Ltd","PRE LINTEL 100X140X1950MM",,"PRE LINTEL 100X140X1950MM","Prestressed Concrete Lintel 140 x 100 x 1950mm","Building Products ",,,"Precast Concrete Lintels ",,"Grey","Precast Concrete","Concrete",,"Consistent high quality",,"Resillient masonry support for door and window openings",,,,,,,,,,,,,"Concrete, Building Products, Precast",,,0,"PRE-LINTEL-140x100-lintel.jpg"
46285,"Concrete Lintels, Padstones, Floor Beams, Fencing and Walling","1. General Building","Concrete Lintels","FP McCann Ltd","PRE LINTEL 100X140X2100MM",,"PRE LINTEL 100X140X2100MM","Prestressed Concrete Lintel 140 x 100 x 2100mm","Building Products ",,,"Precast Concrete Lintels ",,"Grey","Precast Concrete","Concrete",,"Consistent high quality",,"Resillient masonry support for door and window openings",,,,,,,,,,,,,"Concrete, Building Products, Precast",,,0,"PRE-LINTEL-140x100-lintel.jpg"
46285,"Concrete Lintels, Padstones, Floor Beams, Fencing and Walling","1. General Building","Concrete Lintels","FP McCann Ltd","PRE LINTEL 100X140X2250MM",,"PRE LINTEL 100X140X2250MM","Prestressed Concrete Lintel 140 x 100 x 2250mm","Building Products ",,,"Precast Concrete Lintels ",,"Grey","Precast Concrete","Concrete",,"Consistent high quality",,"Resillient masonry support for door and window openings",,,,,,,,,,,,,"Concrete, Building Products, Precast",,,0,"PRE-LINTEL-140x100-lintel.jpg"
46285,"Concrete Lintels, Padstones, Floor Beams, Fencing and Walling","1. General Building","Concrete Lintels","FP McCann Ltd","PRE LINTEL 100X140X2400MM",,"PRE LINTEL 100X140X2400MM","Prestressed Concrete Lintel 140 x 100 x 2400mm","Building Products ",,,"Precast Concrete Lintels ",,"Grey","Precast Concrete","Concrete",,"Consistent high quality",,"Resillient masonry support for door and window openings",,,,,,,,,,,,,"Concrete, Building Products, Precast",,,0,"PRE-LINTEL-140x100-lintel.jpg"
46285,"Concrete Lintels, Padstones, Floor Beams, Fencing and Walling","1. General Building","Concrete Lintels","FP McCann Ltd","PRE LINTEL 100X140X2550MM",,"PRE LINTEL 100X140X2550MM","Prestressed Concrete Lintel 140 x 100 x 2550mm","Building Products ",,,"Precast Concrete Lintels ",,"Grey","Precast Concrete","Concrete",,"Consistent high quality",,"Resillient masonry support for door and window openings",,,,,,,,,,,,,"Concrete, Building Products, Precast",,,0,"PRE-LINTEL-140x100-lintel.jpg"
46285,"Concrete Lintels, Padstones, Floor Beams, Fencing and Walling","1. General Building","Concrete Lintels","FP McCann Ltd","PRE LINTEL 100X140X2700MM",,"PRE LINTEL 100X140X2700MM","Prestressed Concrete Lintel 140 x 100 x 2700mm","Building Products ",,,"Precast Concrete Lintels ",,"Grey","Precast Concrete","Concrete",,"Consistent high quality",,"Resillient masonry support for door and window openings",,,,,,,,,,,,,"Concrete, Building Products, Precast",,,0,"PRE-LINTEL-140x100-lintel.jpg"
46285,"Concrete Lintels, Padstones, Floor Beams, Fencing and Walling","1. General Building","Concrete Lintels","FP McCann Ltd","PRE LINTEL 100X140X2800MM",,"PRE LINTEL 100X140X2800MM","Prestressed Concrete Lintel 140 x 100 x 2800mm","Building Products ",,,"Precast Concrete Lintels ",,"Grey","Precast Concrete","Concrete",,"Consistent high quality",,"Resillient masonry support for door and window openings",,,,,,,,,,,,,"Concrete, Building Products, Precast",,,0,"PRE-LINTEL-140x100-lintel.jpg"
46285,"Concrete Lintels, Padstones, Floor Beams, Fencing and Walling","1. General Building","Concrete Lintels","FP McCann Ltd","PRE LINTEL 100X140X2850MM",,"PRE LINTEL 100X140X2850MM","Prestressed Concrete Lintel 140 x 100 x 2850mm","Building Products ",,,"Precast Concrete Lintels ",,"Grey","Precast Concrete","Concrete",,"Consistent high quality",,"Resillient masonry support for door and window openings",,,,,,,,,,,,,"Concrete, Building Products, Precast",,,0,"PRE-LINTEL-140x100-lintel.jpg"
46285,"Concrete Lintels, Padstones, Floor Beams, Fencing and Walling","1. General Building","Concrete Lintels","FP McCann Ltd","PRE LINTEL 100X140X3000MM",,"PRE LINTEL 100X140X3000MM","Prestressed Concrete Lintel 140 x 100 x 3000mm","Building Products ",,,"Precast Concrete Lintels ",,"Grey","Precast Concrete","Concrete",,"Consistent high quality",,"Resillient masonry support for door and window openings",,,,,,,,,,,,,"Concrete, Building Products, Precast",,,0,"PRE-LINTEL-140x100-lintel.jpg"
46285,"Concrete Lintels, Padstones, Floor Beams, Fencing and Walling","1. General Building","Concrete Lintels","FP McCann Ltd","PRE LINTEL 100X140X3300MM",,"PRE LINTEL 100X140X3300MM","Prestressed Concrete Lintel 140 x 100 x 3300mm","Building Products ",,,"Precast Concrete Lintels ",,"Grey","Precast Concrete","Concrete",,"Consistent high quality",,"Resillient masonry support for door and window openings",,,,,,,,,,,,,"Concrete, Building Products, Precast",,,0,"PRE-LINTEL-140x100-lintel.jpg"
46285,"Concrete Lintels, Padstones, Floor Beams, Fencing and Walling","1. General Building","Concrete Lintels","FP McCann Ltd","PRE LINTEL 100X140X3600MM",,"PRE LINTEL 100X140X3600MM","Prestressed Concrete Lintel 140 x 100 x 3600mm","Building Products ",,,"Precast Concrete Lintels ",,"Grey","Precast Concrete","Concrete",,"Consistent high quality",,"Resillient masonry support for door and window openings",,,,,,,,,,,,,"Concrete, Building Products, Precast",,,0,"PRE-LINTEL-140x100-lintel.jpg"
46285,"Concrete Lintels, Padstones, Floor Beams, Fencing and Walling","1. General Building","Concrete Lintels","FP McCann Ltd","PRE LINTEL 100X140X450MM",,"PRE LINTEL 100X140X450MM","Prestressed Concrete Lintel 140 x 100 x 0450mm","Building Products ",,,"Precast Concrete Lintels ",,"Grey","Precast Concrete","Concrete",,"Consistent high quality",,"Resillient masonry support for door and window openings",,,,,,,,,,,,,"Concrete, Building Products, Precast",,,0,"PRE-LINTEL-140x100-lintel.jpg"
46285,"Concrete Lintels, Padstones, Floor Beams, Fencing and Walling","1. General Building","Concrete Lintels","FP McCann Ltd","PRE LINTEL 100X140X600MM",,"PRE LINTEL 100X140X600MM","Prestressed Concrete Lintel 140 x 100 x 0600mm","Building Products ",,,"Precast Concrete Lintels ",,"Grey","Precast Concrete","Concrete",,"Consistent high quality",,"Resillient masonry support for door and window openings",,,,,,,,,,,,,"Concrete, Building Products, Precast",,,0,"PRE-LINTEL-140x100-lintel.jpg"
46285,"Concrete Lintels, Padstones, Floor Beams, Fencing and Walling","1. General Building","Concrete Lintels","FP McCann Ltd","PRE LINTEL 100X140X750MM",,"PRE LINTEL 100X140X750MM","Prestressed Concrete Lintel 140 x 100 x 0750mm","Building Products ",,,"Precast Concrete Lintels ",,"Grey","Precast Concrete","Concrete",,"Consistent high quality",,"Resillient masonry support for door and window openings",,,,,,,,,,,,,"Concrete, Building Products, Precast",,,0,"PRE-LINTEL-140x100-lintel.jpg"
46285,"Concrete Lintels, Padstones, Floor Beams, Fencing and Walling","1. General Building","Concrete Lintels","FP McCann Ltd","PRE LINTEL 100X140X900MM",,"PRE LINTEL 100X140X900MM","Prestressed Concrete Lintel 140 x 100 x 0900mm","Building Products ",,,"Precast Concrete Lintels ",,"Grey","Precast Concrete","Concrete",,"Consistent high quality",,"Resillient masonry support for door and window openings",,,,,,,,,,,,,"Concrete, Building Products, Precast",,,0,"PRE-LINTEL-140x100-lintel.jpg"
46285,"Concrete Lintels, Padstones, Floor Beams, Fencing and Walling","1. General Building","Concrete Lintels","FP McCann Ltd","PRE LINTEL 100X65X1050MM",,"PRE LINTEL 100X65X1050MM","Prestressed Concrete Lintel 100 x 065 x 1050mm","Building Products ",,,"Precast Concrete Lintels ",,"Grey","Precast Concrete","Concrete",,"Consistent high quality",,"Resillient masonry support for door and window openings",,,,,,,,,,,,,"Concrete, Building Products, Precast",,,0,"PRE-LINTEL-100x65-lintel.jpg"
46285,"Concrete Lintels, Padstones, Floor Beams, Fencing and Walling","1. General Building","Concrete Lintels","FP McCann Ltd","PRE LINTEL 100X65X1200MM",,"PRE LINTEL 100X65X1200MM","Prestressed Concrete Lintel 100 x 065 x 1200mm","Building Products ",,,"Precast Concrete Lintels ",,"Grey","Precast Concrete","Concrete",,"Consistent high quality",,"Resillient masonry support for door and window openings",,,,,,,,,,,,,"Concrete, Building Products, Precast",,,0,"PRE-LINTEL-100x65-lintel.jpg"
46285,"Concrete Lintels, Padstones, Floor Beams, Fencing and Walling","1. General Building","Concrete Lintels","FP McCann Ltd","PRE LINTEL 100X65X1350MM",,"PRE LINTEL 100X65X1350MM","Prestressed Concrete Lintel 100 x 065 x 1350mm","Building Products ",,,"Precast Concrete Lintels ",,"Grey","Precast Concrete","Concrete",,"Consistent high quality",,"Resillient masonry support for door and window openings",,,,,,,,,,,,,"Concrete, Building Products, Precast",,,0,"PRE-LINTEL-100x65-lintel.jpg"
46285,"Concrete Lintels, Padstones, Floor Beams, Fencing and Walling","1. General Building","Concrete Lintels","FP McCann Ltd","PRE LINTEL 100X65X1500MM",,"PRE LINTEL 100X65X1500MM","Prestressed Concrete Lintel 100 x 065 x 1500mm","Building Products ",,,"Precast Concrete Lintels ",,"Grey","Precast Concrete","Concrete",,"Consistent high quality",,"Resillient masonry support for door and window openings",,,,,,,,,,,,,"Concrete, Building Products, Precast",,,0,"PRE-LINTEL-100x65-lintel.jpg"
46285,"Concrete Lintels, Padstones, Floor Beams, Fencing and Walling","1. General Building","Concrete Lintels","FP McCann Ltd","PRE LINTEL 100X65X1650MM",,"PRE LINTEL 100X65X1650MM","Prestressed Concrete Lintel 100 x 065 x 1650mm","Building Products ",,,"Precast Concrete Lintels ",,"Grey","Precast Concrete","Concrete",,"Consistent high quality",,"Resillient masonry support for door and window openings",,,,,,,,,,,,,"Concrete, Building Products, Precast",,,0,"PRE-LINTEL-100x65-lintel.jpg"
46285,"Concrete Lintels, Padstones, Floor Beams, Fencing and Walling","1. General Building","Concrete Lintels","FP McCann Ltd","PRE LINTEL 100X65X1800MM",,"PRE LINTEL 100X65X1800MM","Prestressed Concrete Lintel 100 x 065 x 1800mm","Building Products ",,,"Precast Concrete Lintels ",,"Grey","Precast Concrete","Concrete",,"Consistent high quality",,"Resillient masonry support for door and window openings",,,,,,,,,,,,,"Concrete, Building Products, Precast",,,0,"PRE-LINTEL-100x65-lintel.jpg"
46285,"Concrete Lintels, Padstones, Floor Beams, Fencing and Walling","1. General Building","Concrete Lintels","FP McCann Ltd","PRE LINTEL 100X65X1950MM",,"PRE LINTEL 100X65X1950MM","Prestressed Concrete Lintel 100 x 065 x 1950mm","Building Products ",,,"Precast Concrete Lintels ",,"Grey","Precast Concrete","Concrete",,"Consistent high quality",,"Resillient masonry support for door and window openings",,,,,,,,,,,,,"Concrete, Building Products, Precast",,,0,"PRE-LINTEL-100x65-lintel.jpg"
46285,"Concrete Lintels, Padstones, Floor Beams, Fencing and Walling","1. General Building","Concrete Lintels","FP McCann Ltd","PRE LINTEL 100X65X2100MM",,"PRE LINTEL 100X65X2100MM","Prestressed Concrete Lintel 100 x 065 x 2100mm","Building Products ",,,"Precast Concrete Lintels ",,"Grey","Precast Concrete","Concrete",,"Consistent high quality",,"Resillient masonry support for door and window openings",,,,,,,,,,,,,"Concrete, Building Products, Precast",,,0,"PRE-LINTEL-100x65-lintel.jpg"
46285,"Concrete Lintels, Padstones, Floor Beams, Fencing and Walling","1. General Building","Concrete Lintels","FP McCann Ltd","PRE LINTEL 100X65X2250MM",,"PRE LINTEL 100X65X2250MM","Prestressed Concrete Lintel 100 x 065 x 2250mm","Building Products ",,,"Precast Concrete Lintels ",,"Grey","Precast Concrete","Concrete",,"Consistent high quality",,"Resillient masonry support for door and window openings",,,,,,,,,,,,,"Concrete, Building Products, Precast",,,0,"PRE-LINTEL-100x65-lintel.jpg"
46285,"Concrete Lintels, Padstones, Floor Beams, Fencing and Walling","1. General Building","Concrete Lintels","FP McCann Ltd","PRE LINTEL 100X65X2400MM",,"PRE LINTEL 100X65X2400MM","Prestressed Concrete Lintel 100 x 065 x 2400mm","Building Products ",,,"Precast Concrete Lintels ",,"Grey","Precast Concrete","Concrete",,"Consistent high quality",,"Resillient masonry support for door and window openings",,,,,,,,,,,,,"Concrete, Building Products, Precast",,,0,"PRE-LINTEL-100x65-lintel.jpg"
46285,"Concrete Lintels, Padstones, Floor Beams, Fencing and Walling","1. General Building","Concrete Lintels","FP McCann Ltd","PRE LINTEL 100X65X2550MM",,"PRE LINTEL 100X65X2550MM","Prestressed Concrete Lintel 100 x 065 x 2550mm","Building Products ",,,"Precast Concrete Lintels ",,"Grey","Precast Concrete","Concrete",,"Consistent high quality",,"Resillient masonry support for door and window openings",,,,,,,,,,,,,"Concrete, Building Products, Precast",,,0,"PRE-LINTEL-100x65-lintel.jpg"
46285,"Concrete Lintels, Padstones, Floor Beams, Fencing and Walling","1. General Building","Concrete Lintels","FP McCann Ltd","PRE LINTEL 100X65X2700MM",,"PRE LINTEL 100X65X2700MM","Prestressed Concrete Lintel 100 x 065 x 2700mm","Building Products ",,,"Precast Concrete Lintels ",,"Grey","Precast Concrete","Concrete",,"Consistent high quality",,"Resillient masonry support for door and window openings",,,,,,,,,,,,,"Concrete, Building Products, Precast",,,0,"PRE-LINTEL-100x65-lintel.jpg"
46285,"Concrete Lintels, Padstones, Floor Beams, Fencing and Walling","1. General Building","Concrete Lintels","FP McCann Ltd","PRE LINTEL 100X65X2850MM",,"PRE LINTEL 100X65X2850MM","Prestressed Concrete Lintel 100 x 065 x 2850mm","Building Products ",,,"Precast Concrete Lintels ",,"Grey","Precast Concrete","Concrete",,"Consistent high quality",,"Resillient masonry support for door and window openings",,,,,,,,,,,,,"Concrete, Building Products, Precast",,,0,"PRE-LINTEL-100x65-lintel.jpg"
46285,"Concrete Lintels, Padstones, Floor Beams, Fencing and Walling","1. General Building","Concrete Lintels","FP McCann Ltd","PRE LINTEL 100X65X3000MM",,"PRE LINTEL 100X65X3000MM","Prestressed Concrete Lintel 100 x 065 x 3000mm","Building Products ",,,"Precast Concrete Lintels ",,"Grey","Precast Concrete","Concrete",,"Consistent high quality",,"Resillient masonry support for door and window openings",,,,,,,,,,,,,"Concrete, Building Products, Precast",,,0,"PRE-LINTEL-100x65-lintel.jpg"
46285,"Concrete Lintels, Padstones, Floor Beams, Fencing and Walling","1. General Building","Concrete Lintels","FP McCann Ltd","PRE LINTEL 100X65X3300MM",,"PRE LINTEL 100X65X3300MM","Prestressed Concrete Lintel 100 x 065 x 3300mm","Building Products ",,,"Precast Concrete Lintels ",,"Grey","Precast Concrete","Concrete",,"Consistent high quality",,"Resillient masonry support for door and window openings",,,,,,,,,,,,,"Concrete, Building Products, Precast",,,0,"PRE-LINTEL-100x65-lintel.jpg"
46285,"Concrete Lintels, Padstones, Floor Beams, Fencing and Walling","1. General Building","Concrete Lintels","FP McCann Ltd","PRE LINTEL 100X65X3600MM",,"PRE LINTEL 100X65X3600MM","Prestressed Concrete Lintel 100 x 065 x 3600mm","Building Products ",,,"Precast Concrete Lintels ",,"Grey","Precast Concrete","Concrete",,"Consistent high quality",,"Resillient masonry support for door and window openings",,,,,,,,,,,,,"Concrete, Building Products, Precast",,,0,"PRE-LINTEL-100x65-lintel.jpg"
46285,"Concrete Lintels, Padstones, Floor Beams, Fencing and Walling","1. General Building","Concrete Lintels","FP McCann Ltd","PRE LINTEL 100X65X450MM",,"PRE LINTEL 100X65X450MM","Prestressed Concrete Lintel 100 x 065 x 0450mm","Building Products ",,,"Precast Concrete Lintels ",,"Grey","Precast Concrete","Concrete",,"Consistent high quality",,"Resillient masonry support for door and window openings",,,,,,,,,,,,,"Concrete, Building Products, Precast",,,0,"PRE-LINTEL-100x65-lintel.jpg"
46285,"Concrete Lintels, Padstones, Floor Beams, Fencing and Walling","1. General Building","Concrete Lintels","FP McCann Ltd","PRE LINTEL 100X65X600MM",,"PRE LINTEL 100X65X600MM","Prestressed Concrete Lintel 100 x 065 x 0600mm","Building Products ",,,"Precast Concrete Lintels ",,"Grey","Precast Concrete","Concrete",,"Consistent high quality",,"Resillient masonry support for door and window openings",,,,,,,,,,,,,"Concrete, Building Products, Precast",,,0,"PRE-LINTEL-100x65-lintel.jpg"
46285,"Concrete Lintels, Padstones, Floor Beams, Fencing and Walling","1. General Building","Concrete Lintels","FP McCann Ltd","PRE LINTEL 100X65X750MM",,"PRE LINTEL 100X65X750MM","Prestressed Concrete Lintel 100 x 065 x 0750mm","Building Products ",,,"Precast Concrete Lintels ",,"Grey","Precast Concrete","Concrete",,"Consistent high quality",,"Resillient masonry support for door and window openings",,,,,,,,,,,,,"Concrete, Building Products, Precast",,,0,"PRE-LINTEL-100x65-lintel.jpg"
46285,"Concrete Lintels, Padstones, Floor Beams, Fencing and Walling","1. General Building","Concrete Lintels","FP McCann Ltd","PRE LINTEL 100X65X900MM",,"PRE LINTEL 100X65X900MM","Prestressed Concrete Lintel 100 x 065 x 0900mm","Building Products ",,,"Precast Concrete Lintels ",,"Grey","Precast Concrete","Concrete",,"Consistent high quality",,"Resillient masonry support for door and window openings",,,,,,,,,,,,,"Concrete, Building Products, Precast",,,0,"PRE-LINTEL-100x65-lintel.jpg"
46285,"Concrete Lintels, Padstones, Floor Beams, Fencing and Walling","1. General Building","Concrete Lintels","FP McCann Ltd","PRE LINTEL 140X140X1050MM",,"PRE LINTEL 140X140X1050MM","Prestressed Concrete Lintel 140 x 140 x 1050mm","Building Products ",,,"Precast Concrete Lintels ",,"Grey","Precast Concrete","Concrete",,"Consistent high quality",,"Resillient masonry support for door and window openings",,,,,,,,,,,,,"Concrete, Building Products, Precast",,,0,"PRE-LINTEL-140x100-lintel.jpg"
46285,"Concrete Lintels, Padstones, Floor Beams, Fencing and Walling","1. General Building","Concrete Lintels","FP McCann Ltd","PRE LINTEL 140X140X1200MM",,"PRE LINTEL 140X140X1200MM","Prestressed Concrete Lintel 140 x 140 x 1200mm","Building Products ",,,"Precast Concrete Lintels ",,"Grey","Precast Concrete","Concrete",,"Consistent high quality",,"Resillient masonry support for door and window openings",,,,,,,,,,,,,"Concrete, Building Products, Precast",,,0,"PRE-LINTEL-140x100-lintel.jpg"
46285,"Concrete Lintels, Padstones, Floor Beams, Fencing and Walling","1. General Building","Concrete Lintels","FP McCann Ltd","PRE LINTEL 140X140X1350MM",,"PRE LINTEL 140X140X1350MM","Prestressed Concrete Lintel 140 x 140 x 1350mm","Building Products ",,,"Precast Concrete Lintels ",,"Grey","Precast Concrete","Concrete",,"Consistent high quality",,"Resillient masonry support for door and window openings",,,,,,,,,,,,,"Concrete, Building Products, Precast",,,0,"PRE-LINTEL-140x100-lintel.jpg"
46285,"Concrete Lintels, Padstones, Floor Beams, Fencing and Walling","1. General Building","Concrete Lintels","FP McCann Ltd","PRE LINTEL 140X140X1500MM",,"PRE LINTEL 140X140X1500MM","Prestressed Concrete Lintel 140 x 140 x 1500mm","Building Products ",,,"Precast Concrete Lintels ",,"Grey","Precast Concrete","Concrete",,"Consistent high quality",,"Resillient masonry support for door and window openings",,,,,,,,,,,,,"Concrete, Building Products, Precast",,,0,"PRE-LINTEL-140x100-lintel.jpg"
46285,"Concrete Lintels, Padstones, Floor Beams, Fencing and Walling","1. General Building","Concrete Lintels","FP McCann Ltd","PRE LINTEL 140X140X1650MM",,"PRE LINTEL 140X140X1650MM","Prestressed Concrete Lintel 140 x 140 x 1650mm","Building Products ",,,"Precast Concrete Lintels ",,"Grey","Precast Concrete","Concrete",,"Consistent high quality",,"Resillient masonry support for door and window openings",,,,,,,,,,,,,"Concrete, Building Products, Precast",,,0,"PRE-LINTEL-140x100-lintel.jpg"
46285,"Concrete Lintels, Padstones, Floor Beams, Fencing and Walling","1. General Building","Concrete Lintels","FP McCann Ltd","PRE LINTEL 140X140X1800MM",,"PRE LINTEL 140X140X1800MM","Prestressed Concrete Lintel 140 x 140 x 1800mm","Building Products ",,,"Precast Concrete Lintels ",,"Grey","Precast Concrete","Concrete",,"Consistent high quality",,"Resillient masonry support for door and window openings",,,,,,,,,,,,,"Concrete, Building Products, Precast",,,0,"PRE-LINTEL-140x100-lintel.jpg"
46285,"Concrete Lintels, Padstones, Floor Beams, Fencing and Walling","1. General Building","Concrete Lintels","FP McCann Ltd","PRE LINTEL 140X140X2100MM",,"PRE LINTEL 140X140X2100MM","Prestressed Concrete Lintel 140 x 140 x 2100mm","Building Products ",,,"Precast Concrete Lintels ",,"Grey","Precast Concrete","Concrete",,"Consistent high quality",,"Resillient masonry support for door and window openings",,,,,,,,,,,,,"Concrete, Building Products, Precast",,,0,"PRE-LINTEL-140x100-lintel.jpg"
46285,"Concrete Lintels, Padstones, Floor Beams, Fencing and Walling","1. General Building","Concrete Lintels","FP McCann Ltd","PRE LINTEL 140X140X2400MM",,"PRE LINTEL 140X140X2400MM","Prestressed Concrete Lintel 140 x 140 x 2400mm","Building Products ",,,"Precast Concrete Lintels ",,"Grey","Precast Concrete","Concrete",,"Consistent high quality",,"Resillient masonry support for door and window openings",,,,,,,,,,,,,"Concrete, Building Products, Precast",,,0,"PRE-LINTEL-140x100-lintel.jpg"
46285,"Concrete Lintels, Padstones, Floor Beams, Fencing and Walling","1. General Building","Concrete Lintels","FP McCann Ltd","PRE LINTEL 140X140X2700MM",,"PRE LINTEL 140X140X2700MM","Prestressed Concrete Lintel 140 x 140 x 2700mm","Building Products ",,,"Precast Concrete Lintels ",,"Grey","Precast Concrete","Concrete",,"Consistent high quality",,"Resillient masonry support for door and window openings",,,,,,,,,,,,,"Concrete, Building Products, Precast",,,0,"PRE-LINTEL-140x100-lintel.jpg"
46285,"Concrete Lintels, Padstones, Floor Beams, Fencing and Walling","1. General Building","Concrete Lintels","FP McCann Ltd","PRE LINTEL 140X140X3000MM",,"PRE LINTEL 140X140X3000MM","Prestressed Concrete Lintel 140 x 140 x 3000mm","Building Products ",,,"Precast Concrete Lintels ",,"Grey","Precast Concrete","Concrete",,"Consistent high quality",,"Resillient masonry support for door and window openings",,,,,,,,,,,,,"Concrete, Building Products, Precast",,,0,"PRE-LINTEL-140x100-lintel.jpg"
46285,"Concrete Lintels, Padstones, Floor Beams, Fencing and Walling","1. General Building","Concrete Lintels","FP McCann Ltd","PRE LINTEL 140X140X600MM",,"PRE LINTEL 140X140X600MM","Prestressed Concrete Lintel 140 x 140 x 0600mm","Building Products ",,,"Precast Concrete Lintels ",,"Grey","Precast Concrete","Concrete",,"Consistent high quality",,"Resillient masonry support for door and window openings",,,,,,,,,,,,,"Concrete, Building Products, Precast",,,0,"PRE-LINTEL-140x100-lintel.jpg"
46285,"Concrete Lintels, Padstones, Floor Beams, Fencing and Walling","1. General Building","Concrete Lintels","FP McCann Ltd","PRE LINTEL 140X140X750MM",,"PRE LINTEL 140X140X750MM","Prestressed Concrete Lintel 140 x 140 x 0750mm","Building Products ",,,"Precast Concrete Lintels ",,"Grey","Precast Concrete","Concrete",,"Consistent high quality",,"Resillient masonry support for door and window openings",,,,,,,,,,,,,"Concrete, Building Products, Precast",,,0,"PRE-LINTEL-140x100-lintel.jpg"
46285,"Concrete Lintels, Padstones, Floor Beams, Fencing and Walling","1. General Building","Concrete Lintels","FP McCann Ltd","PRE LINTEL 140X140X900MM",,"PRE LINTEL 140X140X900MM","Prestressed Concrete Lintel 140 x 140 x 0900mm","Building Products ",,,"Precast Concrete Lintels ",,"Grey","Precast Concrete","Concrete",,"Consistent high quality",,"Resillient masonry support for door and window openings",,,,,,,,,,,,,"Concrete, Building Products, Precast",,,0,"PRE-LINTEL-140x100-lintel.jpg"
46285,"Concrete Lintels, Padstones, Floor Beams, Fencing and Walling","1. General Building","Concrete Lintels","FP McCann Ltd","PRE LINTEL 140X215X1050MM",,"PRE LINTEL 140X215X1050MM","Prestressed Concrete Lintel 215 x 140 x 1050mm","Building Products ",,,"Precast Concrete Lintels ",,"Grey","Precast Concrete","Concrete",,"Consistent high quality",,"Resillient masonry support for door and window openings",,,,,,,,,,,,,"Concrete, Building Products, Precast",,,0,"PRE-LINTEL-215x140-lintel.jpg"
46285,"Concrete Lintels, Padstones, Floor Beams, Fencing and Walling","1. General Building","Concrete Lintels","FP McCann Ltd","PRE LINTEL 140X215X1200MM",,"PRE LINTEL 140X215X1200MM","Prestressed Concrete Lintel 215 x 140 x 1200mm","Building Products ",,,"Precast Concrete Lintels ",,"Grey","Precast Concrete","Concrete",,"Consistent high quality",,"Resillient masonry support for door and window openings",,,,,,,,,,,,,"Concrete, Building Products, Precast",,,0,"PRE-LINTEL-215x140-lintel.jpg"
46285,"Concrete Lintels, Padstones, Floor Beams, Fencing and Walling","1. General Building","Concrete Lintels","FP McCann Ltd","PRE LINTEL 140X215X1350MM",,"PRE LINTEL 140X215X1350MM","Prestressed Concrete Lintel 215 x 140 x 1350mm","Building Products ",,,"Precast Concrete Lintels ",,"Grey","Precast Concrete","Concrete",,"Consistent high quality",,"Resillient masonry support for door and window openings",,,,,,,,,,,,,"Concrete, Building Products, Precast",,,0,"PRE-LINTEL-215x140-lintel.jpg"
46285,"Concrete Lintels, Padstones, Floor Beams, Fencing and Walling","1. General Building","Concrete Lintels","FP McCann Ltd","PRE LINTEL 140X215X1500MM",,"PRE LINTEL 140X215X1500MM","Prestressed Concrete Lintel 215 x 140 x 1500mm","Building Products ",,,"Precast Concrete Lintels ",,"Grey","Precast Concrete","Concrete",,"Consistent high quality",,"Resillient masonry support for door and window openings",,,,,,,,,,,,,"Concrete, Building Products, Precast",,,0,"PRE-LINTEL-215x140-lintel.jpg"
46285,"Concrete Lintels, Padstones, Floor Beams, Fencing and Walling","1. General Building","Concrete Lintels","FP McCann Ltd","PRE LINTEL 140X215X1650MM",,"PRE LINTEL 140X215X1650MM","Prestressed Concrete Lintel 215 x 140 x 1650mm","Building Products ",,,"Precast Concrete Lintels ",,"Grey","Precast Concrete","Concrete",,"Consistent high quality",,"Resillient masonry support for door and window openings",,,,,,,,,,,,,"Concrete, Building Products, Precast",,,0,"PRE-LINTEL-215x140-lintel.jpg"
46285,"Concrete Lintels, Padstones, Floor Beams, Fencing and Walling","1. General Building","Concrete Lintels","FP McCann Ltd","PRE LINTEL 140X215X1800MM",,"PRE LINTEL 140X215X1800MM","Prestressed Concrete Lintel 215 x 140 x 1800mm","Building Products ",,,"Precast Concrete Lintels ",,"Grey","Precast Concrete","Concrete",,"Consistent high quality",,"Resillient masonry support for door and window openings",,,,,,,,,,,,,"Concrete, Building Products, Precast",,,0,"PRE-LINTEL-215x140-lintel.jpg"
46285,"Concrete Lintels, Padstones, Floor Beams, Fencing and Walling","1. General Building","Concrete Lintels","FP McCann Ltd","PRE LINTEL 140X215X2100MM",,"PRE LINTEL 140X215X2100MM","Prestressed Concrete Lintel 215 x 140 x 2100mm","Building Products ",,,"Precast Concrete Lintels ",,"Grey","Precast Concrete","Concrete",,"Consistent high quality",,"Resillient masonry support for door and window openings",,,,,,,,,,,,,"Concrete, Building Products, Precast",,,0,"PRE-LINTEL-215x140-lintel.jpg"
46285,"Concrete Lintels, Padstones, Floor Beams, Fencing and Walling","1. General Building","Concrete Lintels","FP McCann Ltd","PRE LINTEL 140X215X2400MM",,"PRE LINTEL 140X215X2400MM","Prestressed Concrete Lintel 215 x 140 x 2400mm","Building Products ",,,"Precast Concrete Lintels ",,"Grey","Precast Concrete","Concrete",,"Consistent high quality",,"Resillient masonry support for door and window openings",,,,,,,,,,,,,"Concrete, Building Products, Precast",,,0,"PRE-LINTEL-215x140-lintel.jpg"
46285,"Concrete Lintels, Padstones, Floor Beams, Fencing and Walling","1. General Building","Concrete Lintels","FP McCann Ltd","PRE LINTEL 140X215X2700MM",,"PRE LINTEL 140X215X2700MM","Prestressed Concrete Lintel 215 x 140 x 2700mm","Building Products ",,,"Precast Concrete Lintels ",,"Grey","Precast Concrete","Concrete",,"Consistent high quality",,"Resillient masonry support for door and window openings",,,,,,,,,,,,,"Concrete, Building Products, Precast",,,0,"PRE-LINTEL-215x140-lintel.jpg"
46285,"Concrete Lintels, Padstones, Floor Beams, Fencing and Walling","1. General Building","Concrete Lintels","FP McCann Ltd","PRE LINTEL 140X215X3000MM",,"PRE LINTEL 140X215X3000MM","Prestressed Concrete Lintel 215 x 140 x 3000mm","Building Products ",,,"Precast Concrete Lintels ",,"Grey","Precast Concrete","Concrete",,"Consistent high quality",,"Resillient masonry support for door and window openings",,,,,,,,,,,,,"Concrete, Building Products, Precast",,,0,"PRE-LINTEL-215x140-lintel.jpg"
46285,"Concrete Lintels, Padstones, Floor Beams, Fencing and Walling","1. General Building","Concrete Lintels","FP McCann Ltd","PRE LINTEL 140X215X3300MM",,"PRE LINTEL 140X215X3300MM","Prestressed Concrete Lintel 215 x 140 x 3300mm","Building Products ",,,"Precast Concrete Lintels ",,"Grey","Precast Concrete","Concrete",,"Consistent high quality",,"Resillient masonry support for door and window openings",,,,,,,,,,,,,"Concrete, Building Products, Precast",,,0,"PRE-LINTEL-215x140-lintel.jpg"
46285,"Concrete Lintels, Padstones, Floor Beams, Fencing and Walling","1. General Building","Concrete Lintels","FP McCann Ltd","PRE LINTEL 140X215X3600MM",,"PRE LINTEL 140X215X3600MM","Prestressed Concrete Lintel 215 x 140 x 3600mm","Building Products ",,,"Precast Concrete Lintels ",,"Grey","Precast Concrete","Concrete",,"Consistent high quality",,"Resillient masonry support for door and window openings",,,,,,,,,,,,,"Concrete, Building Products, Precast",,,0,"PRE-LINTEL-215x140-lintel.jpg"
46285,"Concrete Lintels, Padstones, Floor Beams, Fencing and Walling","1. General Building","Concrete Lintels","FP McCann Ltd","PRE LINTEL 140X215X900MM",,"PRE LINTEL 140X215X900MM","Prestressed Concrete Lintel 215 x 140 x 0900mm","Building Products ",,,"Precast Concrete Lintels ",,"Grey","Precast Concrete","Concrete",,"Consistent high quality",,"Resillient masonry support for door and window openings",,,,,,,,,,,,,"Concrete, Building Products, Precast",,,0,"PRE-LINTEL-215x140-lintel.jpg"
46285,"Concrete Lintels, Padstones, Floor Beams, Fencing and Walling","1. General Building","Concrete Lintels","FP McCann Ltd","PRE LINTEL 140X65X1050MM",,"PRE LINTEL 140X65X1050MM","Prestressed Concrete Lintel 140 x 065 x 1050mm","Building Products ",,,"Precast Concrete Lintels ",,"Grey","Precast Concrete","Concrete",,"Consistent high quality",,"Resillient masonry support for door and window openings",,,,,,,,,,,,,"Concrete, Building Products, Precast",,,0,"PRE-LINTEL-140x65-lintel.jpg"
46285,"Concrete Lintels, Padstones, Floor Beams, Fencing and Walling","1. General Building","Concrete Lintels","FP McCann Ltd","PRE LINTEL 140X65X1200MM",,"PRE LINTEL 140X65X1200MM","Prestressed Concrete Lintel 140 x 065 x 1200mm","Building Products ",,,"Precast Concrete Lintels ",,"Grey","Precast Concrete","Concrete",,"Consistent high quality",,"Resillient masonry support for door and window openings",,,,,,,,,,,,,"Concrete, Building Products, Precast",,,0,"PRE-LINTEL-140x65-lintel.jpg"
46285,"Concrete Lintels, Padstones, Floor Beams, Fencing and Walling","1. General Building","Concrete Lintels","FP McCann Ltd","PRE LINTEL 140X65X1350MM",,"PRE LINTEL 140X65X1350MM","Prestressed Concrete Lintel 140 x 065 x 1350mm","Building Products ",,,"Precast Concrete Lintels ",,"Grey","Precast Concrete","Concrete",,"Consistent high quality",,"Resillient masonry support for door and window openings",,,,,,,,,,,,,"Concrete, Building Products, Precast",,,0,"PRE-LINTEL-140x65-lintel.jpg"
46285,"Concrete Lintels, Padstones, Floor Beams, Fencing and Walling","1. General Building","Concrete Lintels","FP McCann Ltd","PRE LINTEL 140X65X1500MM",,"PRE LINTEL 140X65X1500MM","Prestressed Concrete Lintel 140 x 065 x 1500mm","Building Products ",,,"Precast Concrete Lintels ",,"Grey","Precast Concrete","Concrete",,"Consistent high quality",,"Resillient masonry support for door and window openings",,,,,,,,,,,,,"Concrete, Building Products, Precast",,,0,"PRE-LINTEL-140x65-lintel.jpg"
46285,"Concrete Lintels, Padstones, Floor Beams, Fencing and Walling","1. General Building","Concrete Lintels","FP McCann Ltd","PRE LINTEL 140X65X1650MM",,"PRE LINTEL 140X65X1650MM","Prestressed Concrete Lintel 140 x 065 x 1650mm","Building Products ",,,"Precast Concrete Lintels ",,"Grey","Precast Concrete","Concrete",,"Consistent high quality",,"Resillient masonry support for door and window openings",,,,,,,,,,,,,"Concrete, Building Products, Precast",,,0,"PRE-LINTEL-140x65-lintel.jpg"
46285,"Concrete Lintels, Padstones, Floor Beams, Fencing and Walling","1. General Building","Concrete Lintels","FP McCann Ltd","PRE LINTEL 140X65X1800MM",,"PRE LINTEL 140X65X1800MM","Prestressed Concrete Lintel 140 x 065 x 1800mm","Building Products ",,,"Precast Concrete Lintels ",,"Grey","Precast Concrete","Concrete",,"Consistent high quality",,"Resillient masonry support for door and window openings",,,,,,,,,,,,,"Concrete, Building Products, Precast",,,0,"PRE-LINTEL-140x65-lintel.jpg"
46285,"Concrete Lintels, Padstones, Floor Beams, Fencing and Walling","1. General Building","Concrete Lintels","FP McCann Ltd","PRE LINTEL 140X65X1950MM",,"PRE LINTEL 140X65X1950MM","Prestressed Concrete Lintel 140 x 065 x 1950mm","Building Products ",,,"Precast Concrete Lintels ",,"Grey","Precast Concrete","Concrete",,"Consistent high quality",,"Resillient masonry support for door and window openings",,,,,,,,,,,,,"Concrete, Building Products, Precast",,,0,"PRE-LINTEL-140x65-lintel.jpg"
46285,"Concrete Lintels, Padstones, Floor Beams, Fencing and Walling","1. General Building","Concrete Lintels","FP McCann Ltd","PRE LINTEL 140X65X2100MM",,"PRE LINTEL 140X65X2100MM","Prestressed Concrete Lintel 140 x 065 x 2100mm","Building Products ",,,"Precast Concrete Lintels ",,"Grey","Precast Concrete","Concrete",,"Consistent high quality",,"Resillient masonry support for door and window openings",,,,,,,,,,,,,"Concrete, Building Products, Precast",,,0,"PRE-LINTEL-140x65-lintel.jpg"
46285,"Concrete Lintels, Padstones, Floor Beams, Fencing and Walling","1. General Building","Concrete Lintels","FP McCann Ltd","PRE LINTEL 140X65X2250MM",,"PRE LINTEL 140X65X2250MM","Prestressed Concrete Lintel 140 x 065 x 2250mm","Building Products ",,,"Precast Concrete Lintels ",,"Grey","Precast Concrete","Concrete",,"Consistent high quality",,"Resillient masonry support for door and window openings",,,,,,,,,,,,,"Concrete, Building Products, Precast",,,0,"PRE-LINTEL-140x65-lintel.jpg"
46285,"Concrete Lintels, Padstones, Floor Beams, Fencing and Walling","1. General Building","Concrete Lintels","FP McCann Ltd","PRE LINTEL 140X65X2400MM",,"PRE LINTEL 140X65X2400MM","Prestressed Concrete Lintel 140 x 065 x 2400mm","Building Products ",,,"Precast Concrete Lintels ",,"Grey","Precast Concrete","Concrete",,"Consistent high quality",,"Resillient masonry support for door and window openings",,,,,,,,,,,,,"Concrete, Building Products, Precast",,,0,"PRE-LINTEL-140x65-lintel.jpg"
46285,"Concrete Lintels, Padstones, Floor Beams, Fencing and Walling","1. General Building","Concrete Lintels","FP McCann Ltd","PRE LINTEL 140X65X2550MM",,"PRE LINTEL 140X65X2550MM","Prestressed Concrete Lintel 140 x 065 x 2550mm","Building Products ",,,"Precast Concrete Lintels ",,"Grey","Precast Concrete","Concrete",,"Consistent high quality",,"Resillient masonry support for door and window openings",,,,,,,,,,,,,"Concrete, Building Products, Precast",,,0,"PRE-LINTEL-140x65-lintel.jpg"
46285,"Concrete Lintels, Padstones, Floor Beams, Fencing and Walling","1. General Building","Concrete Lintels","FP McCann Ltd","PRE LINTEL 140X65X2700MM",,"PRE LINTEL 140X65X2700MM","Prestressed Concrete Lintel 140 x 065 x 2700mm","Building Products ",,,"Precast Concrete Lintels ",,"Grey","Precast Concrete","Concrete",,"Consistent high quality",,"Resillient masonry support for door and window openings",,,,,,,,,,,,,"Concrete, Building Products, Precast",,,0,"PRE-LINTEL-140x65-lintel.jpg"
46285,"Concrete Lintels, Padstones, Floor Beams, Fencing and Walling","1. General Building","Concrete Lintels","FP McCann Ltd","PRE LINTEL 140X65X2850MM",,"PRE LINTEL 140X65X2850MM","Prestressed Concrete Lintel 140 x 065 x 2850mm","Building Products ",,,"Precast Concrete Lintels ",,"Grey","Precast Concrete","Concrete",,"Consistent high quality",,"Resillient masonry support for door and window openings",,,,,,,,,,,,,"Concrete, Building Products, Precast",,,0,"PRE-LINTEL-140x65-lintel.jpg"
46285,"Concrete Lintels, Padstones, Floor Beams, Fencing and Walling","1. General Building","Concrete Lintels","FP McCann Ltd","PRE LINTEL 140X65X3000MM",,"PRE LINTEL 140X65X3000MM","Prestressed Concrete Lintel 140 x 065 x 3000mm","Building Products ",,,"Precast Concrete Lintels ",,"Grey","Precast Concrete","Concrete",,"Consistent high quality",,"Resillient masonry support for door and window openings",,,,,,,,,,,,,"Concrete, Building Products, Precast",,,0,"PRE-LINTEL-140x65-lintel.jpg"
46285,"Concrete Lintels, Padstones, Floor Beams, Fencing and Walling","1. General Building","Concrete Lintels","FP McCann Ltd","PRE LINTEL 140X65X450MM",,"PRE LINTEL 140X65X450MM","Prestressed Concrete Lintel 140 x 065 x 0450mm","Building Products ",,,"Precast Concrete Lintels ",,"Grey","Precast Concrete","Concrete",,"Consistent high quality",,"Resillient masonry support for door and window openings",,,,,,,,,,,,,"Concrete, Building Products, Precast",,,0,"PRE-LINTEL-140x65-lintel.jpg"
46285,"Concrete Lintels, Padstones, Floor Beams, Fencing and Walling","1. General Building","Concrete Lintels","FP McCann Ltd","PRE LINTEL 140X65X600MM",,"PRE LINTEL 140X65X600MM","Prestressed Concrete Lintel 140 x 065 x 0600mm","Building Products ",,,"Precast Concrete Lintels ",,"Grey","Precast Concrete","Concrete",,"Consistent high quality",,"Resillient masonry support for door and window openings",,,,,,,,,,,,,"Concrete, Building Products, Precast",,,0,"PRE-LINTEL-140x65-lintel.jpg"
46285,"Concrete Lintels, Padstones, Floor Beams, Fencing and Walling","1. General Building","Concrete Lintels","FP McCann Ltd","PRE LINTEL 140X65X750MM",,"PRE LINTEL 140X65X750MM","Prestressed Concrete Lintel 140 x 065 x 0750mm","Building Products ",,,"Precast Concrete Lintels ",,"Grey","Precast Concrete","Concrete",,"Consistent high quality",,"Resillient masonry support for door and window openings",,,,,,,,,,,,,"Concrete, Building Products, Precast",,,0,"PRE-LINTEL-140x65-lintel.jpg"
46285,"Concrete Lintels, Padstones, Floor Beams, Fencing and Walling","1. General Building","Concrete Lintels","FP McCann Ltd","PRE LINTEL 140X65X900MM",,"PRE LINTEL 140X65X900MM","Prestressed Concrete Lintel 140 x 065 x 0900mm","Building Products ",,,"Precast Concrete Lintels ",,"Grey","Precast Concrete","Concrete",,"Consistent high quality",,"Resillient masonry support for door and window openings",,,,,,,,,,,,,"Concrete, Building Products, Precast",,,0,"PRE-LINTEL-140x65-lintel.jpg"
46285,"Concrete Lintels, Padstones, Floor Beams, Fencing and Walling","1. General Building","Concrete Lintels","FP McCann Ltd","PRE LINTEL 215X100X1050MM",,"PRE LINTEL 215X100X1050MM","Prestressed Concrete Lintel 215 x 100 x 1050mm","Building Products ",,,"Precast Concrete Lintels ",,"Grey","Precast Concrete","Concrete",,"Consistent high quality",,"Resillient masonry support for door and window openings",,,,,,,,,,,,,"Concrete, Building Products, Precast",,,0,"PRE-LINTEL-215x100-lintel.jpg"
46285,"Concrete Lintels, Padstones, Floor Beams, Fencing and Walling","1. General Building","Concrete Lintels","FP McCann Ltd","PRE LINTEL 215X100X1200MM",,"PRE LINTEL 215X100X1200MM","Prestressed Concrete Lintel 215 x 100 x 1200mm","Building Products ",,,"Precast Concrete Lintels ",,"Grey","Precast Concrete","Concrete",,"Consistent high quality",,"Resillient masonry support for door and window openings",,,,,,,,,,,,,"Concrete, Building Products, Precast",,,0,"PRE-LINTEL-215x100-lintel.jpg"
46285,"Concrete Lintels, Padstones, Floor Beams, Fencing and Walling","1. General Building","Concrete Lintels","FP McCann Ltd","PRE LINTEL 215X100X1350MM",,"PRE LINTEL 215X100X1350MM","Prestressed Concrete Lintel 215 x 100 x 1350mm","Building Products ",,,"Precast Concrete Lintels ",,"Grey","Precast Concrete","Concrete",,"Consistent high quality",,"Resillient masonry support for door and window openings",,,,,,,,,,,,,"Concrete, Building Products, Precast",,,0,"PRE-LINTEL-215x100-lintel.jpg"
46285,"Concrete Lintels, Padstones, Floor Beams, Fencing and Walling","1. General Building","Concrete Lintels","FP McCann Ltd","PRE LINTEL 215X100X1500MM",,"PRE LINTEL 215X100X1500MM","Prestressed Concrete Lintel 215 x 100 x 1500mm","Building Products ",,,"Precast Concrete Lintels ",,"Grey","Precast Concrete","Concrete",,"Consistent high quality",,"Resillient masonry support for door and window openings",,,,,,,,,,,,,"Concrete, Building Products, Precast",,,0,"PRE-LINTEL-215x100-lintel.jpg"
46285,"Concrete Lintels, Padstones, Floor Beams, Fencing and Walling","1. General Building","Concrete Lintels","FP McCann Ltd","PRE LINTEL 215X100X1650MM",,"PRE LINTEL 215X100X1650MM","Prestressed Concrete Lintel 215 x 100 x 1650mm","Building Products ",,,"Precast Concrete Lintels ",,"Grey","Precast Concrete","Concrete",,"Consistent high quality",,"Resillient masonry support for door and window openings",,,,,,,,,,,,,"Concrete, Building Products, Precast",,,0,"PRE-LINTEL-215x100-lintel.jpg"
46285,"Concrete Lintels, Padstones, Floor Beams, Fencing and Walling","1. General Building","Concrete Lintels","FP McCann Ltd","PRE LINTEL 215X100X1800MM",,"PRE LINTEL 215X100X1800MM","Prestressed Concrete Lintel 215 x 100 x 1800mm","Building Products ",,,"Precast Concrete Lintels ",,"Grey","Precast Concrete","Concrete",,"Consistent high quality",,"Resillient masonry support for door and window openings",,,,,,,,,,,,,"Concrete, Building Products, Precast",,,0,"PRE-LINTEL-215x100-lintel.jpg"
46285,"Concrete Lintels, Padstones, Floor Beams, Fencing and Walling","1. General Building","Concrete Lintels","FP McCann Ltd","PRE LINTEL 215X100X1950MM",,"PRE LINTEL 215X100X1950MM","Prestressed Concrete Lintel 215 x 100 x 1950mm","Building Products ",,,"Precast Concrete Lintels ",,"Grey","Precast Concrete","Concrete",,"Consistent high quality",,"Resillient masonry support for door and window openings",,,,,,,,,,,,,"Concrete, Building Products, Precast",,,0,"PRE-LINTEL-215x100-lintel.jpg"
46285,"Concrete Lintels, Padstones, Floor Beams, Fencing and Walling","1. General Building","Concrete Lintels","FP McCann Ltd","PRE LINTEL 215X100X2100MM",,"PRE LINTEL 215X100X2100MM","Prestressed Concrete Lintel 215 x 100 x 2100mm","Building Products ",,,"Precast Concrete Lintels ",,"Grey","Precast Concrete","Concrete",,"Consistent high quality",,"Resillient masonry support for door and window openings",,,,,,,,,,,,,"Concrete, Building Products, Precast",,,0,"PRE-LINTEL-215x100-lintel.jpg"
46285,"Concrete Lintels, Padstones, Floor Beams, Fencing and Walling","1. General Building","Concrete Lintels","FP McCann Ltd","PRE LINTEL 215X100X2250MM",,"PRE LINTEL 215X100X2250MM","Prestressed Concrete Lintel 215 x 100 x 2250mm","Building Products ",,,"Precast Concrete Lintels ",,"Grey","Precast Concrete","Concrete",,"Consistent high quality",,"Resillient masonry support for door and window openings",,,,,,,,,,,,,"Concrete, Building Products, Precast",,,0,"PRE-LINTEL-215x100-lintel.jpg"
46285,"Concrete Lintels, Padstones, Floor Beams, Fencing and Walling","1. General Building","Concrete Lintels","FP McCann Ltd","PRE LINTEL 215X100X2400MM",,"PRE LINTEL 215X100X2400MM","Prestressed Concrete Lintel 215 x 100 x 2400mm","Building Products ",,,"Precast Concrete Lintels ",,"Grey","Precast Concrete","Concrete",,"Consistent high quality",,"Resillient masonry support for door and window openings",,,,,,,,,,,,,"Concrete, Building Products, Precast",,,0,"PRE-LINTEL-215x100-lintel.jpg"
46285,"Concrete Lintels, Padstones, Floor Beams, Fencing and Walling","1. General Building","Concrete Lintels","FP McCann Ltd","PRE LINTEL 215X100X2550MM",,"PRE LINTEL 215X100X2550MM","Prestressed Concrete Lintel 215 x 100 x 2550mm","Building Products ",,,"Precast Concrete Lintels ",,"Grey","Precast Concrete","Concrete",,"Consistent high quality",,"Resillient masonry support for door and window openings",,,,,,,,,,,,,"Concrete, Building Products, Precast",,,0,"PRE-LINTEL-215x100-lintel.jpg"
46285,"Concrete Lintels, Padstones, Floor Beams, Fencing and Walling","1. General Building","Concrete Lintels","FP McCann Ltd","PRE LINTEL 215X100X2700MM",,"PRE LINTEL 215X100X2700MM","Prestressed Concrete Lintel 215 x 100 x 2700mm","Building Products ",,,"Precast Concrete Lintels ",,"Grey","Precast Concrete","Concrete",,"Consistent high quality",,"Resillient masonry support for door and window openings",,,,,,,,,,,,,"Concrete, Building Products, Precast",,,0,"PRE-LINTEL-215x100-lintel.jpg"
46285,"Concrete Lintels, Padstones, Floor Beams, Fencing and Walling","1. General Building","Concrete Lintels","FP McCann Ltd","PRE LINTEL 215X100X2850MM",,"PRE LINTEL 215X100X2850MM","Prestressed Concrete Lintel 215 x 100 x 2850mm","Building Products ",,,"Precast Concrete Lintels ",,"Grey","Precast Concrete","Concrete",,"Consistent high quality",,"Resillient masonry support for door and window openings",,,,,,,,,,,,,"Concrete, Building Products, Precast",,,0,"PRE-LINTEL-215x100-lintel.jpg"
46285,"Concrete Lintels, Padstones, Floor Beams, Fencing and Walling","1. General Building","Concrete Lintels","FP McCann Ltd","PRE LINTEL 215X100X3000MM",,"PRE LINTEL 215X100X3000MM","Prestressed Concrete Lintel 215 x 100 x 3000mm","Building Products ",,,"Precast Concrete Lintels ",,"Grey","Precast Concrete","Concrete",,"Consistent high quality",,"Resillient masonry support for door and window openings",,,,,,,,,,,,,"Concrete, Building Products, Precast",,,0,"PRE-LINTEL-215x100-lintel.jpg"
46285,"Concrete Lintels, Padstones, Floor Beams, Fencing and Walling","1. General Building","Concrete Lintels","FP McCann Ltd","PRE LINTEL 215X100X3150MM",,"PRE LINTEL 215X100X3150MM","Prestressed Concrete Lintel 215 x 100 x 3150mm","Building Products ",,,"Precast Concrete Lintels ",,"Grey","Precast Concrete","Concrete",,"Consistent high quality",,"Resillient masonry support for door and window openings",,,,,,,,,,,,,"Concrete, Building Products, Precast",,,0,"PRE-LINTEL-215x100-lintel.jpg"
46285,"Concrete Lintels, Padstones, Floor Beams, Fencing and Walling","1. General Building","Concrete Lintels","FP McCann Ltd","PRE FP GBP 150 240 SD PLAIN",,"PRE FP GBP 150 240 SD PLAIN","150mm Notchless Plain GB 2400","Fencing",,,"Precast Concrete Gravel Boards",,"Grey","Precast Concrete","Concrete",,"Durable alternative to wood",,"Rot and maintenance-free",,"Quick and easy to install",,"Precast concrete with the appearance of real timber",,,,,,,,,"Concrete, Fencing, Precast",,,0,
46285,"Concrete Lintels, Padstones, Floor Beams, Fencing and Walling","1. General Building","Concrete Lintels","FP McCann Ltd","PRE FP GBP 150 300 SD PLAIN",,"PRE FP GBP 150 300 SD PLAIN","150mm Notchless Plain GB 3000","Fencing",,,"Precast Cocnrete Gravel Boards",,"Grey","Precast Concrete","Concrete",,"Durable alternative to wood",,"Rot and maintenance-free",,"Quick and easy to install",,"Precast concrete with the appearance of real timber",,,,,,,,,"Concrete, Fencing, Precast",,,0,
46285,"Concrete Lintels, Padstones, Floor Beams, Fencing and Walling","1. General Building","Concrete Lintels","FP McCann Ltd","PRE RT G EDGE 915X150X50MM",,"PRE RT G EDGE 915X150X50MM","PRE RT G EDGE 915X150X50MM","Building Products ",,,"Precast Concrete Kerbs & Edging ",,"Grey","Precast Concrete","Concrete",,"Consistent high quality",,"Available in a variety of different profiles, heights and lengths",,,,,,,,,,,,,"Concrete, Building Products, Precast",,,0,"PRE-RT-G-EDGE-915X150X50MM.jpg"
46285,"Concrete Lintels, Padstones, Floor Beams, Fencing and Walling","1. General Building","Concrete Lintels","FP McCann Ltd","PRE ST G EDGE 915X150X50MM",,"PRE ST G EDGE 915X150X50MM","PRE ST G EDGE 915X150X50MM","Building Products ",,,"Precast Concrete Kerbs & Edging ",,"Grey","Precast Concrete","Concrete",,"Consistent high quality",,"Available in a variety of different profiles, heights and lengths",,,,,,,,,,,,,"Concrete, Building Products, Precast",,,0,"PRE-GUL-230x230x150.jpg"
